Timestamp,Package_Temp(°C),Core0_Temp(°C),Core1_Temp(°C),Core2_Temp(°C),Core3_Temp(°C),Core4_Temp(°C),Core5_Temp(°C),Core6_Temp(°C),Core7_Temp(°C),Fan_Speed(RPM),task_level,optimized_task_level
2025-07-31 12:50:21,60.0,51.0,51.0,52.0,52.0,60.0,51.0,58.0,51.0,1024,3.4,5.674297970053884
2025-07-31 12:50:22,51.0,50.0,49.0,50.0,49.0,50.0,49.0,50.0,49.0,1023,3.4,5.708283606610621
2025-07-31 12:50:23,51.0,50.0,50.0,50.0,49.0,50.0,49.0,50.0,49.0,1023,3.4,5.750362257389192
2025-07-31 12:50:24,72.0,66.0,64.0,69.0,72.0,68.0,72.0,72.0,72.0,1017,3.4,5.669302494944997
2025-07-31 12:50:25,83.0,83.0,76.0,83.0,75.0,83.0,77.0,79.0,82.0,1013,3.4,5.527763845972655
2025-07-31 12:50:26,80.0,79.0,73.0,80.0,78.0,80.0,80.0,79.0,78.0,1011,3.4,5.404232667227883
2025-07-31 12:50:27,86.0,80.0,72.0,85.0,84.0,85.0,86.0,82.0,76.0,1013,3.4,5.270194908033786
2025-07-31 12:50:28,87.0,81.0,80.0,84.0,84.0,85.0,82.0,82.0,87.0,1057,3.4,5.132225785460881
2025-07-31 12:50:29,89.0,88.0,80.0,87.0,89.0,86.0,85.0,85.0,84.0,1148,3.4,4.986742406198255
2025-07-31 12:50:30,91.0,85.0,79.0,91.0,84.0,91.0,90.0,87.0,84.0,1247,3.4,4.843409511465506
2025-07-31 12:50:31,94.0,85.0,85.0,88.0,82.0,89.0,94.0,89.0,90.0,1329,3.4,4.698494577176931
2025-07-31 12:50:33,93.0,89.0,87.0,89.0,93.0,89.0,89.0,88.0,88.0,1412,3.4,4.552490834656544
2025-07-31 12:50:34,92.0,90.0,81.0,92.0,85.0,92.0,87.0,85.0,87.0,1502,3.4,4.424272093695311
2025-07-31 12:50:35,94.0,93.0,79.0,91.0,83.0,91.0,89.0,93.0,85.0,1592,3.4,4.298439063019922
2025-07-31 12:50:36,94.0,86.0,85.0,89.0,93.0,88.0,94.0,88.0,93.0,1682,3.4,4.168781692379012
2025-07-31 12:50:37,89.0,83.0,79.0,89.0,83.0,86.0,84.0,85.0,84.0,1776,3.4,4.080929551777685
2025-07-31 12:50:38,90.0,85.0,78.0,90.0,82.0,88.0,84.0,84.0,83.0,1865,3.4,3.9977510410765884
2025-07-31 12:50:39,90.0,88.0,79.0,85.0,84.0,90.0,84.0,86.0,85.0,1957,3.4,3.913912946683176
2025-07-31 12:50:40,87.0,83.0,82.0,85.0,85.0,85.0,81.0,87.0,87.0,2046,3.4,3.8399611051820703
2025-07-31 12:50:41,89.0,83.0,82.0,88.0,82.0,84.0,87.0,89.0,83.0,2130,3.4,3.7680438907745204
2025-07-31 12:50:42,88.0,85.0,81.0,87.0,81.0,86.0,88.0,84.0,83.0,2216,3.4,3.7028894498683878
2025-07-31 12:50:43,89.0,87.0,79.0,85.0,83.0,90.0,83.0,84.0,84.0,2304,3.4,3.6416823222264845
2025-07-31 12:50:44,87.0,83.0,78.0,85.0,86.0,85.0,84.0,84.0,87.0,2390,3.4,3.586633823189629
2025-07-31 12:50:45,86.0,85.0,77.0,84.0,83.0,86.0,82.0,83.0,84.0,2477,3.4,3.541629275050026
2025-07-31 12:50:46,89.0,83.0,79.0,89.0,81.0,86.0,87.0,86.0,82.0,2497,3.4,3.4921621322943572
2025-07-31 12:50:47,89.0,86.0,81.0,85.0,84.0,89.0,84.0,86.0,80.0,2510,3.4,3.443988932190128
2025-07-31 12:50:48,87.0,87.0,82.0,84.0,87.0,84.0,82.0,86.0,85.0,2523,3.4,3.397016576103742
2025-07-31 12:50:49,88.0,85.0,80.0,84.0,83.0,86.0,82.0,85.0,88.0,2597,3.4,3.356178678350325
2025-07-31 12:50:50,88.0,84.0,79.0,88.0,82.0,88.0,87.0,84.0,88.0,2625,3.4,3.3120258393526893
2025-07-31 12:50:51,89.0,84.0,79.0,88.0,85.0,89.0,87.0,86.0,83.0,2627,3.4,3.269454750918353
2025-07-31 12:50:52,89.0,87.0,81.0,87.0,81.0,88.0,83.0,89.0,82.0,2647,3.4,3.2317539747980133
2025-07-31 12:50:53,87.0,85.0,79.0,87.0,83.0,87.0,85.0,85.0,84.0,2649,3.4,3.19882525223944
2025-07-31 12:50:54,87.0,84.0,81.0,87.0,86.0,87.0,86.0,85.0,85.0,2660,3.4,3.163097576355336
2025-07-31 12:50:55,87.0,86.0,81.0,85.0,87.0,87.0,87.0,87.0,86.0,2666,3.4,3.1253396187038414
2025-07-31 12:50:56,88.0,88.0,80.0,87.0,82.0,87.0,88.0,86.0,82.0,2675,3.4,3.094686996967211
2025-07-31 12:50:57,90.0,84.0,84.0,89.0,82.0,86.0,84.0,90.0,83.0,2683,3.4,3.06438152586878
2025-07-31 12:50:58,88.0,85.0,79.0,88.0,81.0,87.0,85.0,85.0,84.0,2694,3.4,3.042739102689155
2025-07-31 12:50:59,88.0,85.0,80.0,87.0,88.0,87.0,83.0,87.0,85.0,2702,3.4,3.0163098199291354
2025-07-31 12:51:00,89.0,89.0,82.0,88.0,83.0,85.0,88.0,87.0,87.0,2710,3.4,2.985869870635439
2025-07-31 12:51:01,89.0,87.0,83.0,89.0,83.0,88.0,85.0,88.0,88.0,2719,3.4,2.9555521758993506
2025-07-31 12:51:02,87.0,85.0,80.0,87.0,87.0,87.0,86.0,86.0,85.0,2728,3.4,2.933637598174876
2025-07-31 12:51:03,89.0,85.0,79.0,87.0,89.0,87.0,88.0,85.0,83.0,2739,3.4,2.9134012283757276
2025-07-31 12:51:04,90.0,88.0,81.0,90.0,83.0,87.0,90.0,87.0,86.0,2746,3.4,2.8872477736940385
2025-07-31 12:51:05,89.0,88.0,83.0,87.0,83.0,89.0,84.0,88.0,86.0,2750,3.4,2.8659998014127734
2025-07-31 12:51:06,87.0,85.0,80.0,86.0,85.0,87.0,86.0,85.0,84.0,2762,3.4,2.854622819297654
2025-07-31 12:51:07,89.0,85.0,79.0,87.0,85.0,86.0,89.0,86.0,85.0,2770,3.4,2.8413575223927863
2025-07-31 12:51:08,89.0,87.0,84.0,89.0,83.0,89.0,85.0,88.0,87.0,2776,3.4,2.821144264466923
2025-07-31 12:51:09,91.0,90.0,85.0,87.0,81.0,91.0,84.0,90.0,84.0,2784,3.4,2.8022937513939237
2025-07-31 12:51:10,89.0,85.0,78.0,87.0,89.0,86.0,86.0,85.0,83.0,2790,3.4,2.795632790287369
2025-07-31 12:51:11,90.0,82.0,79.0,90.0,84.0,87.0,89.0,83.0,89.0,2802,3.4,2.7869054036077587
2025-07-31 12:51:12,89.0,88.0,82.0,89.0,83.0,88.0,85.0,88.0,88.0,2806,3.4,2.7727189452254977
2025-07-31 12:51:13,87.0,86.0,80.0,87.0,87.0,87.0,86.0,86.0,85.0,2830,3.4,2.7655748899686987
2025-07-31 12:51:14,90.0,86.0,80.0,88.0,84.0,87.0,90.0,86.0,85.0,2837,3.4,2.7578646983542243
2025-07-31 12:51:15,90.0,84.0,83.0,90.0,84.0,89.0,86.0,84.0,85.0,2848,3.4,2.752063618058512
2025-07-31 12:51:16,88.0,87.0,83.0,87.0,82.0,88.0,84.0,88.0,88.0,2854,3.4,2.7456053379349052
2025-07-31 12:51:17,89.0,86.0,80.0,87.0,89.0,87.0,84.0,86.0,84.0,2867,3.4,2.743477542123639
2025-07-31 12:51:18,90.0,86.0,80.0,85.0,84.0,87.0,90.0,86.0,83.0,2869,3.4,2.7439568532113223
2025-07-31 12:51:19,90.0,88.0,84.0,90.0,84.0,89.0,85.0,88.0,87.0,2883,3.4,2.7336473857630574
2025-07-31 12:51:20,89.0,87.0,85.0,87.0,86.0,87.0,85.0,89.0,84.0,2886,3.4,2.72837905777087
2025-07-31 12:51:21,90.0,85.0,80.0,86.0,90.0,86.0,88.0,86.0,85.0,2912,3.4,2.727287367117633
2025-07-31 12:51:22,91.0,85.0,80.0,89.0,84.0,87.0,91.0,86.0,83.0,2917,3.4,2.727779116207255
2025-07-31 12:51:23,92.0,88.0,84.0,92.0,84.0,90.0,85.0,87.0,87.0,2923,3.4,2.7189627248707824
2025-07-31 12:51:24,89.0,85.0,85.0,87.0,86.0,87.0,85.0,89.0,84.0,2931,3.4,2.718352856735052
2025-07-31 12:51:25,90.0,85.0,80.0,88.0,85.0,87.0,90.0,87.0,85.0,2945,3.4,2.719239544530752
2025-07-31 12:51:27,90.0,86.0,80.0,90.0,84.0,89.0,90.0,85.0,83.0,2949,3.4,2.720734402714461
2025-07-31 12:51:28,89.0,88.0,80.0,87.0,81.0,89.0,84.0,86.0,86.0,2958,3.4,2.727824518772813
2025-07-31 12:51:29,90.0,85.0,86.0,86.0,87.0,87.0,84.0,90.0,85.0,2962,3.4,2.727942501064014
2025-07-31 12:51:30,92.0,84.0,80.0,89.0,84.0,88.0,92.0,87.0,85.0,2975,3.4,2.7294264297167588
2025-07-31 12:51:31,91.0,88.0,83.0,92.0,83.0,90.0,85.0,85.0,85.0,2978,3.4,2.7297239206216433
2025-07-31 12:51:32,89.0,85.0,84.0,87.0,85.0,87.0,86.0,89.0,89.0,2990,3.4,2.729650582459197
2025-07-31 12:51:33,88.0,85.0,79.0,85.0,86.0,86.0,88.0,87.0,85.0,2998,3.4,2.7391934114318928
2025-07-31 12:51:34,90.0,87.0,79.0,90.0,83.0,89.0,89.0,86.0,85.0,3006,3.4,2.7432904098467366
2025-07-31 12:51:35,90.0,89.0,80.0,88.0,84.0,92.0,85.0,86.0,82.0,3005,3.4,2.749418684768323
2025-07-31 12:51:36,89.0,86.0,84.0,87.0,87.0,87.0,85.0,88.0,88.0,3018,3.4,2.75090568974775
2025-07-31 12:51:37,89.0,84.0,84.0,88.0,85.0,84.0,88.0,89.0,84.0,3023,3.4,2.7577282095051285
2025-07-31 12:51:38,91.0,86.0,79.0,91.0,84.0,89.0,90.0,86.0,84.0,3037,3.4,2.7623398102109165
2025-07-31 12:51:39,90.0,90.0,78.0,88.0,83.0,88.0,85.0,86.0,82.0,3042,3.4,2.774741456312451
2025-07-31 12:51:40,88.0,85.0,83.0,87.0,87.0,86.0,84.0,87.0,88.0,3054,3.4,2.7815354240239216
2025-07-31 12:51:41,90.0,83.0,80.0,90.0,84.0,84.0,89.0,90.0,84.0,3057,3.4,2.791042371786742
2025-07-31 12:51:42,89.0,89.0,79.0,88.0,84.0,89.0,85.0,85.0,84.0,3066,3.4,2.801586497558737
2025-07-31 12:51:43,89.0,86.0,79.0,89.0,82.0,88.0,86.0,87.0,86.0,3071,3.4,2.8123051002759043
2025-07-31 12:51:44,90.0,85.0,84.0,85.0,88.0,87.0,83.0,89.0,90.0,3083,3.4,2.816493258993273
2025-07-31 12:51:45,89.0,84.0,84.0,89.0,87.0,87.0,88.0,87.0,84.0,3085,3.4,2.8216375696080243
2025-07-31 12:51:46,92.0,87.0,80.0,87.0,83.0,92.0,86.0,91.0,84.0,3096,3.4,2.826894880361875
2025-07-31 12:51:47,90.0,90.0,80.0,88.0,82.0,87.0,85.0,86.0,88.0,3098,3.4,2.8355728473531494
2025-07-31 12:51:48,90.0,85.0,84.0,87.0,87.0,87.0,88.0,86.0,90.0,3110,3.4,2.8376345051392455
2025-07-31 12:51:49,90.0,85.0,82.0,90.0,84.0,89.0,89.0,88.0,85.0,3117,3.4,2.841398201434875
2025-07-31 12:51:50,90.0,88.0,79.0,88.0,83.0,89.0,85.0,90.0,84.0,3130,3.4,2.8501860451644943
2025-07-31 12:51:51,88.0,88.0,80.0,88.0,81.0,87.0,85.0,86.0,87.0,3134,3.4,2.8622899369532706
2025-07-31 12:51:52,89.0,85.0,84.0,89.0,87.0,84.0,89.0,85.0,89.0,3148,3.4,2.8659968057783867
2025-07-31 12:51:53,90.0,82.0,85.0,90.0,84.0,88.0,90.0,87.0,84.0,3145,3.4,2.87129197429043
2025-07-31 12:51:54,90.0,88.0,80.0,87.0,84.0,87.0,84.0,90.0,84.0,3159,3.4,2.881530293334412
2025-07-31 12:51:55,88.0,86.0,80.0,88.0,86.0,87.0,86.0,87.0,87.0,3157,3.4,2.8891506308991945
2025-07-31 12:51:56,90.0,85.0,82.0,90.0,88.0,88.0,86.0,85.0,88.0,3167,3.4,2.8924799977087723
2025-07-31 12:51:57,90.0,87.0,82.0,90.0,83.0,90.0,88.0,87.0,83.0,3159,3.4,2.8973453007069767
2025-07-31 12:51:58,91.0,90.0,80.0,88.0,84.0,87.0,86.0,91.0,85.0,3154,3.4,2.9012557954083276
2025-07-31 12:51:59,88.0,86.0,81.0,88.0,87.0,88.0,86.0,85.0,88.0,3145,3.4,2.9067296437516874
2025-07-31 12:52:00,89.0,84.0,81.0,90.0,88.0,88.0,88.0,85.0,86.0,3143,3.4,2.9112852539692966
2025-07-31 12:52:01,90.0,85.0,84.0,90.0,83.0,89.0,86.0,87.0,83.0,3132,3.4,2.9182645981172985
2025-07-31 12:52:02,91.0,89.0,80.0,88.0,82.0,87.0,85.0,91.0,82.0,3121,3.4,2.92770454027875
2025-07-31 12:52:03,89.0,85.0,81.0,89.0,87.0,87.0,83.0,86.0,87.0,3112,3.4,2.93628899623802
2025-07-31 12:52:04,90.0,83.0,82.0,90.0,84.0,89.0,89.0,84.0,86.0,3115,3.4,2.9432099831036003
2025-07-31 12:52:05,89.0,88.0,85.0,88.0,83.0,88.0,84.0,89.0,84.0,3114,3.4,2.9484567773322894
2025-07-31 12:52:06,91.0,87.0,81.0,89.0,81.0,87.0,86.0,91.0,83.0,3110,3.4,2.9570534758323843
2025-07-31 12:52:07,89.0,86.0,79.0,85.0,89.0,85.0,89.0,86.0,89.0,3112,3.4,2.9631568292837858
2025-07-31 12:52:08,90.0,85.0,84.0,90.0,84.0,90.0,89.0,85.0,84.0,3114,3.4,2.9667599733837475
2025-07-31 12:52:09,90.0,88.0,80.0,90.0,84.0,88.0,86.0,83.0,85.0,3123,3.4,2.976218185440837
2025-07-31 12:52:10,91.0,91.0,80.0,88.0,81.0,88.0,85.0,90.0,86.0,3132,3.4,2.9814761076402037
2025-07-31 12:52:11,89.0,85.0,78.0,86.0,88.0,89.0,83.0,86.0,89.0,3141,3.4,2.9908711197584896
2025-07-31 12:52:12,91.0,86.0,84.0,90.0,83.0,91.0,88.0,86.0,84.0,3146,3.4,2.9935124795811934
2025-07-31 12:52:13,89.0,89.0,80.0,89.0,84.0,88.0,86.0,82.0,84.0,3154,3.4,3.004433409200599
2025-07-31 12:52:14,90.0,86.0,80.0,87.0,85.0,87.0,85.0,90.0,87.0,3161,3.4,3.0110739266942943
2025-07-31 12:52:15,90.0,85.0,78.0,87.0,87.0,90.0,88.0,87.0,90.0,3174,3.4,3.013416937989332
2025-07-31 12:52:16,92.0,85.0,84.0,90.0,84.0,92.0,89.0,85.0,85.0,3176,3.4,3.0139332467811877
2025-07-31 12:52:17,90.0,90.0,81.0,88.0,83.0,88.0,86.0,84.0,85.0,3176,3.4,3.0218093068770555
2025-07-31 12:52:18,89.0,85.0,80.0,87.0,84.0,87.0,85.0,89.0,87.0,3174,3.4,3.0303660532839625
2025-07-31 12:52:19,90.0,85.0,81.0,90.0,87.0,90.0,88.0,86.0,89.0,3189,3.4,3.0287377324387488
2025-07-31 12:52:20,92.0,87.0,84.0,92.0,83.0,87.0,90.0,85.0,83.0,3189,3.4,3.0310919721539347
2025-07-31 12:52:22,91.0,91.0,80.0,88.0,84.0,87.0,85.0,82.0,85.0,3193,3.4,3.0407741026760853
2025-07-31 12:52:23,90.0,85.0,80.0,88.0,86.0,87.0,86.0,90.0,86.0,3193,3.4,3.0452343828099053
2025-07-31 12:52:24,89.0,84.0,77.0,88.0,85.0,89.0,86.0,85.0,87.0,3195,3.4,3.055343966387487
2025-07-31 12:52:25,89.0,87.0,81.0,89.0,83.0,87.0,88.0,84.0,83.0,3189,3.4,3.0644153508656102
2025-07-31 12:52:26,89.0,88.0,85.0,87.0,83.0,87.0,86.0,85.0,85.0,3189,3.4,3.0699577912853417
2025-07-31 12:52:27,90.0,87.0,80.0,88.0,82.0,90.0,87.0,86.0,87.0,3183,3.4,3.074485160484579
2025-07-31 12:52:28,92.0,85.0,80.0,90.0,87.0,92.0,89.0,89.0,88.0,3178,3.4,3.0679817799081195
2025-07-31 12:52:29,92.0,85.0,82.0,92.0,84.0,87.0,89.0,86.0,85.0,3165,3.4,3.0696808039093204
2025-07-31 12:52:30,88.0,88.0,84.0,87.0,84.0,87.0,85.0,85.0,85.0,3161,3.4,3.0754432139296353
2025-07-31 12:52:31,91.0,91.0,81.0,88.0,82.0,88.0,86.0,86.0,83.0,3150,3.4,3.081096656850613
2025-07-31 12:52:32,87.0,86.0,79.0,87.0,86.0,87.0,86.0,86.0,86.0,3148,3.4,3.088347483349574
2025-07-31 12:52:33,89.0,85.0,80.0,84.0,88.0,87.0,83.0,89.0,88.0,3135,3.4,3.0947031321470675
2025-07-31 12:52:34,90.0,84.0,83.0,88.0,83.0,87.0,88.0,90.0,84.0,3132,3.4,3.0985202345508664
2025-07-31 12:52:35,90.0,87.0,82.0,90.0,81.0,90.0,89.0,86.0,85.0,3132,3.4,3.099812768749428
2025-07-31 12:52:36,89.0,87.0,79.0,89.0,84.0,86.0,84.0,84.0,84.0,3132,3.4,3.111963857931048
2025-07-31 12:52:37,91.0,86.0,84.0,88.0,84.0,87.0,85.0,91.0,85.0,3115,3.4,3.113236414162913
2025-07-31 12:52:38,89.0,85.0,84.0,89.0,84.0,89.0,86.0,89.0,85.0,3123,3.4,3.1137089685712485
2025-07-31 12:52:39,91.0,84.0,85.0,91.0,83.0,91.0,82.0,90.0,82.0,3114,3.4,3.1167078669833113
2025-07-31 12:52:40,89.0,88.0,79.0,86.0,87.0,87.0,89.0,89.0,87.0,3114,3.4,3.116403774704845
2025-07-31 12:52:41,90.0,88.0,79.0,86.0,83.0,86.0,90.0,88.0,85.0,3115,3.4,3.121996190690472
2025-07-31 12:52:42,90.0,85.0,81.0,90.0,83.0,88.0,86.0,90.0,85.0,3117,3.4,3.125119628962946
2025-07-31 12:52:43,91.0,85.0,84.0,87.0,84.0,89.0,91.0,86.0,84.0,3115,3.4,3.126610752716585
2025-07-31 12:52:44,93.0,83.0,86.0,86.0,88.0,93.0,85.0,86.0,85.0,3119,3.4,3.1264719074224634
2025-07-31 12:52:45,90.0,87.0,80.0,90.0,89.0,87.0,85.0,85.0,87.0,3130,3.4,3.128037020109604
2025-07-31 12:52:46,89.0,89.0,80.0,88.0,83.0,87.0,86.0,86.0,85.0,3130,3.4,3.1346231199529373
2025-07-31 12:52:47,88.0,86.0,79.0,87.0,84.0,87.0,86.0,88.0,85.0,3139,3.4,3.14288726527003
2025-07-31 12:52:48,91.0,85.0,84.0,88.0,84.0,87.0,86.0,91.0,83.0,3145,3.4,3.1461206970606357
2025-07-31 12:52:49,90.0,85.0,84.0,90.0,87.0,85.0,86.0,86.0,87.0,3154,3.4,3.1476579184229356
2025-07-31 12:52:50,89.0,86.0,80.0,89.0,84.0,89.0,89.0,85.0,85.0,3161,3.4,3.151653138427388
2025-07-31 12:52:51,91.0,91.0,79.0,86.0,83.0,91.0,86.0,85.0,85.0,3174,3.4,3.1564154152695867
2025-07-31 12:52:52,90.0,86.0,80.0,85.0,87.0,87.0,86.0,90.0,83.0,3176,3.4,3.1627533506911076
2025-07-31 12:52:53,90.0,83.0,84.0,90.0,89.0,86.0,83.0,89.0,88.0,3191,3.4,3.162300814348175
2025-07-31 12:52:54,89.0,89.0,79.0,87.0,84.0,88.0,89.0,85.0,85.0,3191,3.4,3.1667216853024507
2025-07-31 12:52:55,92.0,86.0,80.0,88.0,84.0,92.0,86.0,87.0,85.0,3206,3.4,3.169332453024009
2025-07-31 12:52:56,90.0,86.0,83.0,89.0,87.0,87.0,85.0,90.0,83.0,3206,3.4,3.170094714424032
2025-07-31 12:52:57,90.0,82.0,83.0,90.0,87.0,87.0,86.0,88.0,86.0,3218,3.4,3.171513700807468
2025-07-31 12:52:58,90.0,89.0,80.0,87.0,83.0,90.0,90.0,85.0,85.0,3220,3.4,3.1727243964959646
2025-07-31 12:52:59,93.0,87.0,81.0,87.0,84.0,93.0,85.0,87.0,85.0,3223,3.4,3.1737211626970523
2025-07-31 12:53:00,90.0,85.0,84.0,90.0,85.0,87.0,84.0,88.0,82.0,3220,3.4,3.177842113464448
2025-07-31 12:53:01,90.0,82.0,82.0,90.0,88.0,86.0,87.0,90.0,85.0,3216,3.4,3.177573535096057
2025-07-31 12:53:02,90.0,89.0,80.0,86.0,83.0,88.0,89.0,86.0,90.0,3208,3.4,3.1762718282513056
2025-07-31 12:53:03,89.0,86.0,81.0,87.0,84.0,89.0,86.0,87.0,85.0,3197,3.4,3.17981158432409
2025-07-31 12:53:04,90.0,86.0,83.0,90.0,86.0,87.0,86.0,89.0,86.0,3189,3.4,3.176517486928393
2025-07-31 12:53:05,90.0,87.0,83.0,90.0,89.0,85.0,87.0,90.0,86.0,3183,3.4,3.1697580853833958
2025-07-31 12:53:06,90.0,90.0,80.0,87.0,84.0,90.0,85.0,86.0,88.0,3178,3.4,3.168740867397034
2025-07-31 12:53:07,88.0,86.0,81.0,88.0,83.0,87.0,86.0,87.0,86.0,3165,3.4,3.172643614725837
2025-07-31 12:53:08,90.0,85.0,84.0,90.0,89.0,86.0,89.0,90.0,87.0,3163,3.4,3.163112813035565
2025-07-31 12:53:09,90.0,87.0,80.0,86.0,83.0,90.0,90.0,90.0,87.0,3145,3.4,3.159375091541008
2025-07-31 12:53:10,88.0,86.0,81.0,87.0,84.0,88.0,86.0,87.0,86.0,3141,3.4,3.162316395052382
2025-07-31 12:53:12,90.0,86.0,78.0,90.0,85.0,87.0,86.0,86.0,84.0,3132,3.4,3.167768596919937
2025-07-31 12:53:13,91.0,87.0,84.0,91.0,89.0,86.0,87.0,89.0,87.0,3135,3.4,3.158205815545604
2025-07-31 12:53:14,88.0,87.0,79.0,86.0,84.0,88.0,88.0,88.0,86.0,3121,3.4,3.1603675151003356
2025-07-31 12:53:15,87.0,86.0,80.0,87.0,85.0,87.0,87.0,87.0,86.0,3115,3.4,3.163424888861598
2025-07-31 12:53:16,89.0,86.0,79.0,89.0,89.0,87.0,87.0,86.0,86.0,3099,3.4,3.163218784210758
2025-07-31 12:53:17,90.0,87.0,83.0,90.0,84.0,88.0,89.0,89.0,87.0,3099,3.4,3.156448177606248
2025-07-31 12:53:18,92.0,88.0,80.0,87.0,82.0,92.0,86.0,91.0,89.0,3087,3.4,3.1514705164767536
2025-07-31 12:53:19,88.0,86.0,81.0,88.0,84.0,88.0,86.0,87.0,85.0,3089,3.4,3.1550060667072977
2025-07-31 12:53:20,92.0,86.0,84.0,92.0,89.0,88.0,84.0,86.0,85.0,3085,3.4,3.151167110372
2025-07-31 12:53:21,91.0,87.0,83.0,91.0,83.0,89.0,88.0,87.0,87.0,3082,3.4,3.146649226523249
2025-07-31 12:53:22,90.0,89.0,79.0,87.0,83.0,90.0,90.0,90.0,88.0,3082,3.4,3.1414623902575523
2025-07-31 12:53:23,88.0,85.0,81.0,88.0,88.0,87.0,87.0,87.0,86.0,3083,3.4,3.142288446176939
2025-07-31 12:53:24,90.0,86.0,83.0,90.0,90.0,87.0,86.0,85.0,85.0,3083,3.4,3.1407696213493304
2025-07-31 12:53:25,89.0,87.0,83.0,89.0,83.0,87.0,87.0,88.0,86.0,3068,3.4,3.1410836700909814
2025-07-31 12:53:26,90.0,88.0,79.0,87.0,83.0,90.0,88.0,90.0,89.0,3068,3.4,3.138258862460031
2025-07-31 12:53:27,89.0,87.0,80.0,88.0,89.0,87.0,86.0,87.0,85.0,3068,3.4,3.1398172771377286
2025-07-31 12:53:28,89.0,86.0,84.0,90.0,86.0,86.0,84.0,86.0,85.0,3064,3.4,3.143256396327546
2025-07-31 12:53:29,89.0,88.0,83.0,87.0,84.0,88.0,89.0,85.0,85.0,3068,3.4,3.145241841881548
2025-07-31 12:53:30,90.0,88.0,84.0,87.0,84.0,89.0,87.0,85.0,88.0,3071,3.4,3.14493540963743
2025-07-31 12:53:31,90.0,85.0,82.0,90.0,84.0,89.0,86.0,84.0,86.0,3071,3.4,3.1498522166565954
2025-07-31 12:53:32,91.0,86.0,81.0,91.0,82.0,88.0,87.0,91.0,85.0,3083,3.4,3.1507992959129982
2025-07-31 12:53:33,89.0,89.0,80.0,87.0,87.0,86.0,89.0,87.0,85.0,3083,3.4,3.1527633284484566
2025-07-31 12:53:34,90.0,90.0,83.0,87.0,84.0,89.0,90.0,85.0,87.0,3092,3.4,3.150731981915294
2025-07-31 12:53:35,88.0,85.0,85.0,88.0,84.0,87.0,86.0,87.0,88.0,3094,3.4,3.153039906902681
2025-07-31 12:53:36,91.0,86.0,81.0,91.0,83.0,88.0,87.0,90.0,85.0,3114,3.4,3.1546697163978172
2025-07-31 12:53:37,91.0,88.0,80.0,87.0,87.0,85.0,89.0,91.0,85.0,3114,3.4,3.155567044713715
2025-07-31 12:53:38,91.0,91.0,81.0,87.0,84.0,90.0,88.0,87.0,88.0,3121,3.4,3.153229342015184
2025-07-31 12:53:39,88.0,85.0,85.0,85.0,84.0,88.0,86.0,86.0,87.0,3128,3.4,3.1593384570486878
2025-07-31 12:53:40,91.0,87.0,81.0,91.0,84.0,87.0,83.0,88.0,85.0,3145,3.4,3.1655223797317493
2025-07-31 12:53:41,90.0,89.0,80.0,87.0,87.0,86.0,89.0,90.0,83.0,3148,3.4,3.1675607746936625
2025-07-31 12:53:42,91.0,91.0,83.0,87.0,84.0,90.0,86.0,86.0,87.0,3159,3.4,3.1671226045720724
2025-07-31 12:53:43,87.0,85.0,86.0,85.0,84.0,87.0,86.0,86.0,86.0,3165,3.4,3.1742074827826543
2025-07-31 12:53:44,90.0,86.0,80.0,90.0,83.0,87.0,86.0,90.0,85.0,3170,3.4,3.179610891173962
2025-07-31 12:53:45,91.0,86.0,80.0,91.0,85.0,88.0,87.0,89.0,85.0,3176,3.4,3.1816526266427116
2025-07-31 12:53:46,91.0,85.0,78.0,91.0,87.0,90.0,86.0,91.0,84.0,3189,3.4,3.182829184994929
2025-07-31 12:53:47,93.0,84.0,84.0,89.0,84.0,93.0,88.0,86.0,85.0,3189,3.4,3.1831061586638096
2025-07-31 12:53:48,92.0,86.0,80.0,87.0,84.0,92.0,89.0,85.0,88.0,3208,3.4,3.184994931168603
2025-07-31 12:53:49,90.0,90.0,80.0,89.0,84.0,87.0,90.0,83.0,90.0,3206,3.4,3.1851001400251806
2025-07-31 12:53:50,90.0,89.0,79.0,90.0,84.0,86.0,90.0,89.0,85.0,3218,3.4,3.1859375049374754
2025-07-31 12:53:51,90.0,86.0,84.0,88.0,88.0,90.0,85.0,87.0,84.0,3221,3.4,3.1866431997000877
2025-07-31 12:53:52,89.0,85.0,85.0,87.0,84.0,89.0,86.0,86.0,84.0,3235,3.4,3.192224125852942
2025-07-31 12:53:53,90.0,88.0,82.0,89.0,84.0,87.0,90.0,84.0,86.0,3239,3.4,3.1942885069331504
2025-07-31 12:53:54,90.0,87.0,79.0,90.0,84.0,85.0,89.0,89.0,88.0,3227,3.4,3.1953364145540957
2025-07-31 12:53:55,90.0,89.0,82.0,88.0,87.0,90.0,85.0,86.0,84.0,3223,3.4,3.1962408876519635
2025-07-31 12:53:56,89.0,86.0,86.0,89.0,84.0,88.0,87.0,86.0,85.0,3221,3.4,3.19701642695419
2025-07-31 12:53:57,87.0,86.0,81.0,87.0,84.0,86.0,87.0,84.0,85.0,3223,3.4,3.206862192291878
2025-07-31 12:53:58,90.0,85.0,86.0,84.0,86.0,86.0,89.0,89.0,90.0,3208,3.4,3.2040516013181297
2025-07-31 12:53:59,91.0,88.0,80.0,90.0,88.0,91.0,90.0,91.0,84.0,3214,3.4,3.1953105030278706
2025-07-31 12:54:00,93.0,90.0,80.0,88.0,84.0,93.0,86.0,85.0,85.0,3197,3.4,3.1956653932398527
2025-07-31 12:54:01,89.0,87.0,80.0,89.0,84.0,87.0,86.0,88.0,89.0,3191,3.4,3.196806527484464
2025-07-31 12:54:02,89.0,86.0,84.0,86.0,88.0,88.0,89.0,90.0,90.0,3191,3.4,3.188719422969392
2025-07-31 12:54:03,91.0,86.0,79.0,90.0,89.0,89.0,89.0,90.0,84.0,3199,3.4,3.1847776006384847
2025-07-31 12:54:04,88.0,88.0,81.0,87.0,84.0,88.0,87.0,86.0,84.0,3189,3.4,3.1899720761106036
2025-07-31 12:54:05,89.0,89.0,81.0,87.0,84.0,88.0,85.0,87.0,85.0,3187,3.4,3.19430829295382
2025-07-31 12:54:06,89.0,89.0,81.0,87.0,83.0,87.0,87.0,89.0,84.0,3191,3.4,3.197790747749363
2025-07-31 12:54:07,90.0,86.0,79.0,90.0,87.0,87.0,86.0,87.0,87.0,3191,3.4,3.1995827160276273
2025-07-31 12:54:09,91.0,85.0,83.0,88.0,89.0,91.0,86.0,86.0,88.0,3191,3.4,3.195498486074071
2025-07-31 12:54:10,90.0,85.0,83.0,87.0,84.0,90.0,85.0,86.0,85.0,3189,3.4,3.2005947270359134
2025-07-31 12:54:11,90.0,85.0,84.0,87.0,84.0,90.0,88.0,84.0,85.0,3195,3.4,3.204007900781048
2025-07-31 12:54:12,91.0,85.0,84.0,85.0,82.0,91.0,91.0,87.0,85.0,3191,3.4,3.204890621421819
2025-07-31 12:54:13,90.0,86.0,80.0,90.0,89.0,87.0,86.0,87.0,86.0,3191,3.4,3.2049317638736334
2025-07-31 12:54:14,90.0,85.0,82.0,85.0,90.0,87.0,87.0,84.0,86.0,3193,3.4,3.209144616036801
2025-07-31 12:54:15,90.0,88.0,85.0,90.0,85.0,87.0,86.0,87.0,87.0,3197,3.4,3.2058254597597045
2025-07-31 12:54:16,90.0,88.0,80.0,90.0,84.0,90.0,86.0,87.0,88.0,3191,3.4,3.204161462216327
2025-07-31 12:54:17,90.0,89.0,86.0,90.0,87.0,87.0,84.0,85.0,85.0,3193,3.4,3.2024942951597786
2025-07-31 12:54:18,89.0,89.0,85.0,89.0,86.0,87.0,87.0,88.0,83.0,3195,3.4,3.1999804338712905
2025-07-31 12:54:19,90.0,85.0,84.0,88.0,89.0,87.0,89.0,90.0,84.0,3212,3.4,3.195783964940886
2025-07-31 12:54:20,90.0,85.0,82.0,90.0,84.0,90.0,86.0,86.0,83.0,3206,3.4,3.1998822946127667
2025-07-31 12:54:21,90.0,85.0,83.0,89.0,82.0,90.0,85.0,86.0,86.0,3220,3.4,3.203940009775278
2025-07-31 12:54:22,90.0,84.0,84.0,87.0,82.0,88.0,86.0,87.0,90.0,3225,3.4,3.206252125606078
2025-07-31 12:54:23,89.0,89.0,85.0,88.0,88.0,87.0,86.0,86.0,85.0,3245,3.4,3.2034597632638206
2025-07-31 12:54:24,91.0,91.0,81.0,85.0,85.0,87.0,89.0,86.0,85.0,3237,3.4,3.204705069685927
2025-07-31 12:54:25,91.0,87.0,78.0,91.0,84.0,87.0,87.0,87.0,86.0,3237,3.4,3.207505300088601
2025-07-31 12:54:26,89.0,86.0,84.0,89.0,84.0,86.0,86.0,88.0,83.0,3235,3.4,3.2110258386779846
2025-07-31 12:54:27,91.0,86.0,81.0,87.0,88.0,90.0,84.0,92.0,89.0,3241,3.4,3.205243488948442
2025-07-31 12:54:28,91.0,89.0,80.0,85.0,84.0,87.0,89.0,86.0,91.0,3247,3.4,3.20435723306665
2025-07-31 12:54:29,91.0,90.0,78.0,91.0,83.0,87.0,86.0,87.0,84.0,3256,3.4,3.2075063120585945
2025-07-31 12:54:30,89.0,87.0,85.0,89.0,82.0,89.0,87.0,85.0,86.0,3272,3.4,3.207146340043812
2025-07-31 12:54:31,89.0,85.0,84.0,87.0,87.0,88.0,85.0,89.0,88.0,3268,3.4,3.2040735936221605
2025-07-31 12:54:32,89.0,85.0,80.0,86.0,87.0,89.0,87.0,86.0,88.0,3272,3.4,3.204986310850182
2025-07-31 12:54:33,89.0,86.0,79.0,87.0,83.0,88.0,89.0,87.0,85.0,3262,3.4,3.2090404876591245
2025-07-31 12:54:34,90.0,87.0,79.0,87.0,84.0,87.0,90.0,86.0,85.0,3268,3.4,3.212079937057581
2025-07-31 12:54:35,89.0,89.0,79.0,85.0,87.0,87.0,86.0,85.0,83.0,3270,3.4,3.2182786444031346
2025-07-31 12:54:36,89.0,88.0,80.0,89.0,87.0,89.0,86.0,85.0,86.0,3270,3.4,3.216767249926388
2025-07-31 12:54:37,89.0,87.0,80.0,89.0,83.0,89.0,84.0,88.0,87.0,3251,3.4,3.217578460048761
2025-07-31 12:54:38,90.0,90.0,83.0,89.0,88.0,89.0,88.0,85.0,83.0,3253,3.4,3.2115629692682335
2025-07-31 12:54:39,92.0,86.0,82.0,87.0,84.0,92.0,86.0,86.0,88.0,3243,3.4,3.2087522927043985
2025-07-31 12:54:40,89.0,89.0,80.0,88.0,84.0,88.0,83.0,84.0,89.0,3239,3.4,3.2108414594246604
2025-07-31 12:54:41,91.0,86.0,82.0,87.0,84.0,88.0,91.0,90.0,86.0,3239,3.4,3.2053038238219824
2025-07-31 12:54:42,90.0,84.0,82.0,89.0,87.0,88.0,85.0,90.0,84.0,3247,3.4,3.203838636175036
2025-07-31 12:54:43,92.0,89.0,84.0,90.0,84.0,92.0,85.0,85.0,83.0,3241,3.4,3.1997392501651114
2025-07-31 12:54:44,89.0,88.0,81.0,88.0,85.0,87.0,84.0,86.0,89.0,3239,3.4,3.198868624542645
2025-07-31 12:54:45,90.0,85.0,80.0,85.0,86.0,86.0,89.0,90.0,86.0,3243,3.4,3.198725300732456
2025-07-31 12:54:46,90.0,85.0,81.0,90.0,88.0,90.0,87.0,90.0,84.0,3245,3.4,3.191772746943904
2025-07-31 12:54:47,89.0,89.0,84.0,87.0,84.0,88.0,85.0,85.0,83.0,3239,3.4,3.1930525312068294
2025-07-31 12:54:48,89.0,86.0,82.0,88.0,84.0,88.0,86.0,87.0,89.0,3241,3.4,3.1900387999638955
2025-07-31 12:54:49,90.0,86.0,81.0,85.0,87.0,85.0,90.0,87.0,90.0,3239,3.4,3.1860706180231078
2025-07-31 12:54:50,90.0,88.0,82.0,90.0,87.0,90.0,87.0,90.0,84.0,3229,3.4,3.176133025548284
2025-07-31 12:54:51,91.0,91.0,84.0,87.0,84.0,87.0,86.0,87.0,85.0,3223,3.4,3.171950939564158
2025-07-31 12:54:52,88.0,87.0,82.0,87.0,85.0,87.0,86.0,87.0,88.0,3216,3.4,3.169362011719096
2025-07-31 12:54:53,90.0,87.0,81.0,90.0,82.0,85.0,90.0,86.0,90.0,3212,3.4,3.1650339783848307
2025-07-31 12:54:54,89.0,83.0,80.0,89.0,86.0,89.0,88.0,87.0,84.0,3199,3.4,3.1648320259217533
2025-07-31 12:54:55,91.0,87.0,80.0,91.0,89.0,87.0,90.0,89.0,84.0,3193,3.4,3.1554132988032833
2025-07-31 12:54:56,89.0,89.0,80.0,87.0,84.0,87.0,86.0,87.0,82.0,3195,3.4,3.158526349408393
2025-07-31 12:54:57,89.0,89.0,82.0,87.0,84.0,87.0,86.0,86.0,89.0,3187,3.4,3.1549352460784896
2025-07-31 12:54:58,90.0,90.0,80.0,89.0,82.0,89.0,87.0,86.0,90.0,3193,3.4,3.1488430640329903
2025-07-31 12:54:59,90.0,87.0,81.0,90.0,87.0,89.0,86.0,85.0,84.0,3197,3.4,3.146082880189464
2025-07-31 12:55:00,89.0,85.0,84.0,88.0,85.0,88.0,86.0,89.0,84.0,3197,3.4,3.143293137709361
2025-07-31 12:55:01,91.0,85.0,86.0,87.0,84.0,87.0,89.0,91.0,85.0,3182,3.4,3.136293610798769
2025-07-31 12:55:02,91.0,85.0,80.0,87.0,84.0,87.0,87.0,91.0,85.0,3182,3.4,3.1359905425437846
2025-07-31 12:55:04,90.0,84.0,81.0,86.0,88.0,89.0,86.0,86.0,90.0,3183,3.4,3.132349349938181
2025-07-31 12:55:05,91.0,87.0,81.0,89.0,89.0,91.0,85.0,86.0,84.0,3182,3.4,3.1270376702198477
2025-07-31 12:55:06,92.0,89.0,82.0,92.0,84.0,88.0,84.0,84.0,85.0,3187,3.4,3.125070385276458
2025-07-31 12:55:07,89.0,89.0,82.0,87.0,84.0,87.0,88.0,88.0,83.0,3193,3.4,3.123086778678421
2025-07-31 12:55:08,91.0,86.0,80.0,89.0,84.0,87.0,90.0,91.0,87.0,3193,3.4,3.11605561924823
2025-07-31 12:55:09,91.0,86.0,80.0,91.0,81.0,91.0,86.0,87.0,88.0,3210,3.4,3.112329872218047
2025-07-31 12:55:10,88.0,86.0,84.0,87.0,87.0,88.0,86.0,86.0,88.0,3216,3.4,3.106843632766568
2025-07-31 12:55:11,90.0,88.0,84.0,87.0,84.0,87.0,86.0,87.0,90.0,3220,3.4,3.100413277171435
2025-07-31 12:55:12,90.0,88.0,80.0,90.0,84.0,88.0,86.0,84.0,85.0,3221,3.4,3.100545937245101
2025-07-31 12:55:13,91.0,86.0,81.0,92.0,82.0,89.0,84.0,90.0,85.0,3225,3.4,3.097207446087279
2025-07-31 12:55:14,90.0,84.0,79.0,86.0,85.0,87.0,87.0,90.0,85.0,3229,3.4,3.098745233404796
2025-07-31 12:55:15,90.0,85.0,79.0,86.0,87.0,90.0,89.0,86.0,85.0,3210,3.4,3.0967869508326613
2025-07-31 12:55:16,91.0,87.0,82.0,87.0,84.0,91.0,90.0,86.0,89.0,3206,3.4,3.087204312051025
2025-07-31 12:55:17,91.0,89.0,84.0,91.0,84.0,88.0,86.0,86.0,85.0,3221,3.4,3.0800358716300975
2025-07-31 12:55:18,89.0,89.0,84.0,87.0,85.0,87.0,84.0,84.0,84.0,3223,3.4,3.080247936965733
2025-07-31 12:55:19,89.0,86.0,82.0,88.0,88.0,85.0,86.0,89.0,85.0,3216,3.4,3.076131518288337
2025-07-31 12:55:20,90.0,86.0,81.0,87.0,90.0,90.0,85.0,90.0,85.0,3212,3.4,3.0677035011572813
2025-07-31 12:55:21,93.0,85.0,79.0,92.0,84.0,93.0,87.0,88.0,84.0,3212,3.4,3.0608207992415535
2025-07-31 12:55:22,90.0,89.0,84.0,88.0,84.0,87.0,90.0,86.0,87.0,3214,3.4,3.051296347981771
2025-07-31 12:55:23,88.0,87.0,82.0,88.0,88.0,88.0,87.0,84.0,85.0,3220,3.4,3.046643386462626
2025-07-31 12:55:24,89.0,85.0,80.0,84.0,88.0,88.0,85.0,89.0,83.0,3227,3.4,3.0476781609515724
2025-07-31 12:55:25,69.0,67.0,65.0,68.0,64.0,68.0,66.0,69.0,66.0,3225,3.4,3.1731029332838516
2025-07-31 12:51:48,90.0,85.0,84.0,87.0,87.0,87.0,88.0,86.0,90.0,3110,3.4,3.163838807283534
2025-07-31 12:51:49,90.0,85.0,82.0,90.0,84.0,89.0,89.0,88.0,85.0,3117,3.4,3.1564747790943373
2025-07-31 12:51:50,90.0,88.0,79.0,88.0,83.0,89.0,85.0,90.0,84.0,3130,3.4,3.154333210279007
2025-07-31 12:51:51,88.0,88.0,80.0,88.0,81.0,87.0,85.0,86.0,87.0,3134,3.4,3.1556960538165075
2025-07-31 12:51:52,89.0,85.0,84.0,89.0,87.0,84.0,89.0,85.0,89.0,3148,3.4,3.14885804148722
2025-07-31 12:51:53,90.0,82.0,85.0,90.0,84.0,88.0,90.0,87.0,84.0,3145,3.4,3.1438013295248126
2025-07-31 12:51:54,90.0,88.0,80.0,87.0,84.0,87.0,84.0,90.0,84.0,3159,3.4,3.143877513477439
2025-07-31 12:51:55,88.0,86.0,80.0,88.0,86.0,87.0,86.0,87.0,87.0,3157,3.4,3.1415252463017893
2025-07-31 12:51:56,90.0,85.0,82.0,90.0,88.0,88.0,86.0,85.0,88.0,3167,3.4,3.1350754621823245
2025-07-31 12:51:57,90.0,87.0,82.0,90.0,83.0,90.0,88.0,87.0,83.0,3159,3.4,3.130341780617994
2025-07-31 12:51:58,91.0,90.0,80.0,88.0,84.0,87.0,86.0,91.0,85.0,3154,3.4,3.12484187529165
2025-07-31 12:51:59,88.0,86.0,81.0,88.0,87.0,88.0,86.0,85.0,88.0,3145,3.4,3.121087336384053
2025-07-31 12:52:00,89.0,84.0,81.0,90.0,88.0,88.0,88.0,85.0,86.0,3143,3.4,3.116596441486215
2025-07-31 12:52:01,90.0,85.0,84.0,90.0,83.0,89.0,86.0,87.0,83.0,3132,3.4,3.114713255366687
2025-07-31 12:52:02,91.0,89.0,80.0,88.0,82.0,87.0,85.0,91.0,82.0,3121,3.4,3.1154680880791226
2025-07-31 12:52:03,89.0,85.0,81.0,89.0,87.0,87.0,83.0,86.0,87.0,3112,3.4,3.1155456752069517
2025-07-31 12:52:04,90.0,83.0,82.0,90.0,84.0,89.0,89.0,84.0,86.0,3115,3.4,3.1141359379582503
2025-07-31 12:52:05,89.0,88.0,85.0,88.0,83.0,88.0,84.0,89.0,84.0,3114,3.4,3.1112288753595276
2025-07-31 12:52:06,91.0,87.0,81.0,89.0,81.0,87.0,86.0,91.0,83.0,3110,3.4,3.111840672982406
2025-07-31 12:52:07,89.0,86.0,79.0,85.0,89.0,85.0,89.0,86.0,89.0,3112,3.4,3.110131627388672
2025-07-31 12:52:08,90.0,85.0,84.0,90.0,84.0,90.0,89.0,85.0,84.0,3114,3.4,3.1060931670120167
2025-07-31 12:52:09,90.0,88.0,80.0,90.0,84.0,88.0,86.0,83.0,85.0,3123,3.4,3.108077422370632
2025-07-31 12:52:10,91.0,91.0,80.0,88.0,81.0,88.0,85.0,90.0,86.0,3132,3.4,3.1060290888468867
2025-07-31 12:52:11,89.0,85.0,78.0,86.0,88.0,89.0,83.0,86.0,89.0,3141,3.4,3.1082805512361356
2025-07-31 12:52:12,91.0,86.0,84.0,90.0,83.0,91.0,88.0,86.0,84.0,3146,3.4,3.103939933354773
2025-07-31 12:52:13,89.0,89.0,80.0,89.0,84.0,88.0,86.0,82.0,84.0,3154,3.4,3.108041009688116
2025-07-31 12:52:14,90.0,86.0,80.0,87.0,85.0,87.0,85.0,90.0,87.0,3161,3.4,3.1080217271395107
2025-07-31 12:52:15,90.0,85.0,78.0,87.0,87.0,90.0,88.0,87.0,90.0,3174,3.4,3.1038617373661896
2025-07-31 12:52:16,92.0,85.0,84.0,90.0,84.0,92.0,89.0,85.0,85.0,3176,3.4,3.098031492603442
2025-07-31 12:52:17,90.0,90.0,81.0,88.0,83.0,88.0,86.0,84.0,85.0,3176,3.4,3.099717418545659
2025-07-31 12:52:18,89.0,85.0,80.0,87.0,84.0,87.0,85.0,89.0,87.0,3174,3.4,3.1022295200204733
2025-07-31 12:52:19,90.0,85.0,81.0,90.0,87.0,90.0,88.0,86.0,89.0,3189,3.4,3.0947100625025192
2025-07-31 12:52:20,92.0,87.0,84.0,92.0,83.0,87.0,90.0,85.0,83.0,3189,3.4,3.0913210551712518
2025-07-31 12:52:22,91.0,91.0,80.0,88.0,84.0,87.0,85.0,82.0,85.0,3193,3.4,3.095406816411676
2025-07-31 12:52:23,90.0,85.0,80.0,88.0,86.0,87.0,86.0,90.0,86.0,3193,3.4,3.094415124591398
2025-07-31 12:52:24,89.0,84.0,77.0,88.0,85.0,89.0,86.0,85.0,87.0,3195,3.4,3.0992161029164516
2025-07-31 12:52:25,89.0,87.0,81.0,89.0,83.0,87.0,88.0,84.0,83.0,3189,3.4,3.1031185516724293
2025-07-31 12:52:26,89.0,88.0,85.0,87.0,83.0,87.0,86.0,85.0,85.0,3189,3.4,3.103634224473046
2025-07-31 12:52:27,90.0,87.0,80.0,88.0,82.0,90.0,87.0,86.0,87.0,3183,3.4,3.1032695804117703
2025-07-31 12:52:28,92.0,85.0,80.0,90.0,87.0,92.0,89.0,89.0,88.0,3178,3.4,3.092009255038988
2025-07-31 12:52:29,92.0,85.0,82.0,92.0,84.0,87.0,89.0,86.0,85.0,3165,3.4,3.089086869862897
2025-07-31 12:52:30,88.0,88.0,84.0,87.0,84.0,87.0,85.0,85.0,85.0,3161,3.4,3.090356541910509
2025-07-31 12:52:31,91.0,91.0,81.0,88.0,82.0,88.0,86.0,86.0,83.0,3150,3.4,3.09164965090877
2025-07-31 12:52:32,87.0,86.0,79.0,87.0,86.0,87.0,86.0,86.0,86.0,3148,3.4,3.094669325976914
2025-07-31 12:52:33,89.0,85.0,80.0,84.0,88.0,87.0,83.0,89.0,88.0,3135,3.4,3.0969149656722674
2025-07-31 12:52:34,90.0,84.0,83.0,88.0,83.0,87.0,88.0,90.0,84.0,3132,3.4,3.0967498533043853
2025-07-31 12:52:35,90.0,87.0,82.0,90.0,81.0,90.0,89.0,86.0,85.0,3132,3.4,3.094184098573985
2025-07-31 12:52:36,89.0,87.0,79.0,89.0,84.0,86.0,84.0,84.0,84.0,3132,3.4,3.102592180455829
2025-07-31 12:52:37,91.0,86.0,84.0,88.0,84.0,87.0,85.0,91.0,85.0,3115,3.4,3.1002425533452755
2025-07-31 12:52:38,89.0,85.0,84.0,89.0,84.0,89.0,86.0,89.0,85.0,3123,3.4,3.0972124977049527
2025-07-31 12:52:39,91.0,84.0,85.0,91.0,83.0,91.0,82.0,90.0,82.0,3114,3.4,3.096822951544658
2025-07-31 12:52:40,89.0,88.0,79.0,86.0,87.0,87.0,89.0,89.0,87.0,3114,3.4,3.0932434194396103
2025-07-31 12:52:41,90.0,88.0,79.0,86.0,83.0,86.0,90.0,88.0,85.0,3115,3.4,3.0956682837459746
2025-07-31 12:52:42,90.0,85.0,81.0,90.0,83.0,88.0,86.0,90.0,85.0,3117,3.4,3.0957371674188994
2025-07-31 12:52:43,91.0,85.0,84.0,87.0,84.0,89.0,91.0,86.0,84.0,3115,3.4,3.0942796967873343
2025-07-31 12:52:44,93.0,83.0,86.0,86.0,88.0,93.0,85.0,86.0,85.0,3119,3.4,3.0912999325438344
2025-07-31 12:52:45,90.0,87.0,80.0,90.0,89.0,87.0,85.0,85.0,87.0,3130,3.4,3.090128059048871
2025-07-31 12:52:46,89.0,89.0,80.0,88.0,83.0,87.0,86.0,86.0,85.0,3130,3.4,3.0940804149094383
2025-07-31 12:52:47,88.0,86.0,79.0,87.0,84.0,87.0,86.0,88.0,85.0,3139,3.4,3.0998077369139727
2025-07-31 12:52:48,91.0,85.0,84.0,88.0,84.0,87.0,86.0,91.0,83.0,3145,3.4,3.1006079463529006
2025-07-31 12:52:49,90.0,85.0,84.0,90.0,87.0,85.0,86.0,86.0,87.0,3154,3.4,3.099806243802693
2025-07-31 12:52:50,89.0,86.0,80.0,89.0,84.0,89.0,89.0,85.0,85.0,3161,3.4,3.101557614092069
2025-07-31 12:52:51,91.0,91.0,79.0,86.0,83.0,91.0,86.0,85.0,85.0,3174,3.4,3.104171291911832
2025-07-31 12:52:52,90.0,86.0,80.0,85.0,87.0,87.0,86.0,90.0,83.0,3176,3.4,3.1084497316410546
2025-07-31 12:52:53,90.0,83.0,84.0,90.0,89.0,86.0,83.0,89.0,88.0,3191,3.4,3.106029803523738
2025-07-31 12:52:54,89.0,89.0,79.0,87.0,84.0,88.0,89.0,85.0,85.0,3191,3.4,3.108573103821303
2025-07-31 12:52:55,92.0,86.0,80.0,88.0,84.0,92.0,86.0,87.0,85.0,3206,3.4,3.1093934313002856
2025-07-31 12:52:56,90.0,86.0,83.0,89.0,87.0,87.0,85.0,90.0,83.0,3206,3.4,3.1084472905921885
2025-07-31 12:52:57,90.0,82.0,83.0,90.0,87.0,87.0,86.0,88.0,86.0,3218,3.4,3.1082440422744892
2025-07-31 12:52:58,90.0,89.0,80.0,87.0,83.0,90.0,90.0,85.0,85.0,3220,3.4,3.1079131466714953
2025-07-31 12:52:59,93.0,87.0,81.0,87.0,84.0,93.0,85.0,87.0,85.0,3223,3.4,3.1074484258480055
2025-07-31 12:53:00,90.0,85.0,84.0,90.0,85.0,87.0,84.0,88.0,82.0,3220,3.4,3.1101872449126526
2025-07-31 12:53:01,90.0,82.0,82.0,90.0,88.0,86.0,87.0,90.0,85.0,3216,3.4,3.108614842819128
2025-07-31 12:53:02,90.0,89.0,80.0,86.0,83.0,88.0,89.0,86.0,90.0,3208,3.4,3.1060812354099507
2025-07-31 12:53:03,89.0,86.0,81.0,87.0,84.0,89.0,86.0,87.0,85.0,3197,3.4,3.108464228177138
2025-07-31 12:53:04,90.0,86.0,83.0,90.0,86.0,87.0,86.0,89.0,86.0,3189,3.4,3.1040893014908546
2025-07-31 12:53:05,90.0,87.0,83.0,90.0,89.0,85.0,87.0,90.0,86.0,3183,3.4,3.0963147759832816
2025-07-31 12:53:06,90.0,90.0,80.0,87.0,84.0,90.0,85.0,86.0,88.0,3178,3.4,3.094355048582024
2025-07-31 12:53:07,88.0,86.0,81.0,88.0,83.0,87.0,86.0,87.0,86.0,3165,3.4,3.097381465577459
2025-07-31 12:53:08,90.0,85.0,84.0,90.0,89.0,86.0,89.0,90.0,87.0,3163,3.4,3.087038586325013
2025-07-31 12:53:09,90.0,87.0,80.0,86.0,83.0,90.0,90.0,90.0,87.0,3145,3.4,3.0825567364599396
2025-07-31 12:53:10,88.0,86.0,81.0,87.0,84.0,88.0,86.0,87.0,86.0,3141,3.4,3.0848151034856244
2025-07-31 12:53:12,90.0,86.0,78.0,90.0,85.0,87.0,86.0,86.0,84.0,3132,3.4,3.089650968113008
2025-07-31 12:53:13,91.0,87.0,84.0,91.0,89.0,86.0,87.0,89.0,87.0,3135,3.4,3.0795261092346893
2025-07-31 12:53:14,88.0,87.0,79.0,86.0,84.0,88.0,88.0,88.0,86.0,3121,3.4,3.0811870773473125
2025-07-31 12:53:15,87.0,86.0,80.0,87.0,85.0,87.0,87.0,87.0,86.0,3115,3.4,3.083798903429573
2025-07-31 12:53:16,89.0,86.0,79.0,89.0,89.0,87.0,87.0,86.0,86.0,3099,3.4,3.083204712045428
2025-07-31 12:53:17,90.0,87.0,83.0,90.0,84.0,88.0,89.0,89.0,87.0,3099,3.4,3.0761014525640866
2025-07-31 12:53:18,92.0,88.0,80.0,87.0,82.0,92.0,86.0,91.0,89.0,3087,3.4,3.0708460667166184
2025-07-31 12:53:19,88.0,86.0,81.0,88.0,84.0,88.0,86.0,87.0,85.0,3089,3.4,3.074152451776342
2025-07-31 12:53:20,92.0,86.0,84.0,92.0,89.0,88.0,84.0,86.0,85.0,3085,3.4,3.0701363135736037
2025-07-31 12:53:21,91.0,87.0,83.0,91.0,83.0,89.0,88.0,87.0,87.0,3082,3.4,3.065493008133627
2025-07-31 12:53:22,90.0,89.0,79.0,87.0,83.0,90.0,90.0,90.0,88.0,3082,3.4,3.0602260464458158
2025-07-31 12:53:23,88.0,85.0,81.0,88.0,88.0,87.0,87.0,87.0,86.0,3083,3.4,3.0610193907272203
2025-07-31 12:53:24,90.0,86.0,83.0,90.0,90.0,87.0,86.0,85.0,85.0,3083,3.4,3.0595103338190817
2025-07-31 12:53:25,89.0,87.0,83.0,89.0,83.0,87.0,87.0,88.0,86.0,3068,3.4,3.0598817443286395
2025-07-31 12:53:26,90.0,88.0,79.0,87.0,83.0,90.0,88.0,90.0,89.0,3068,3.4,3.057156186471816
2025-07-31 12:53:27,89.0,87.0,80.0,88.0,89.0,87.0,86.0,87.0,85.0,3068,3.4,3.0588573618691997
2025-07-31 12:53:28,89.0,86.0,84.0,90.0,86.0,86.0,84.0,86.0,85.0,3064,3.4,3.062477930385244
2025-07-31 12:53:29,89.0,88.0,83.0,87.0,84.0,88.0,89.0,85.0,85.0,3068,3.4,3.0646854932669667
2025-07-31 12:53:30,90.0,88.0,84.0,87.0,84.0,89.0,87.0,85.0,88.0,3071,3.4,3.0646375938787473
2025-07-31 12:53:31,90.0,85.0,82.0,90.0,84.0,89.0,86.0,84.0,86.0,3071,3.4,3.0698498352724375
2025-07-31 12:53:32,91.0,86.0,81.0,91.0,82.0,88.0,87.0,91.0,85.0,3083,3.4,3.0711295646486696
2025-07-31 12:53:33,89.0,89.0,80.0,87.0,87.0,86.0,89.0,87.0,85.0,3083,3.4,3.0734630963364893
2025-07-31 12:53:34,90.0,90.0,83.0,87.0,84.0,89.0,90.0,85.0,87.0,3092,3.4,3.0718297313089686
2025-07-31 12:53:35,88.0,85.0,85.0,88.0,84.0,87.0,86.0,87.0,88.0,3094,3.4,3.074570736561769
2025-07-31 12:53:36,91.0,86.0,81.0,91.0,83.0,88.0,87.0,90.0,85.0,3114,3.4,3.076666912033342
2025-07-31 12:53:37,91.0,88.0,80.0,87.0,87.0,85.0,89.0,91.0,85.0,3114,3.4,3.078058758864295
2025-07-31 12:53:38,91.0,91.0,81.0,87.0,84.0,90.0,88.0,87.0,88.0,3121,3.4,3.07624452976471
2025-07-31 12:53:39,88.0,85.0,85.0,85.0,84.0,88.0,86.0,86.0,87.0,3128,3.4,3.0829062069587887
2025-07-31 12:53:40,91.0,87.0,81.0,91.0,84.0,87.0,83.0,88.0,85.0,3145,3.4,3.0896719176067484
2025-07-31 12:53:41,90.0,89.0,80.0,87.0,87.0,86.0,89.0,90.0,83.0,3148,3.4,3.0923163780337446
2025-07-31 12:53:42,91.0,91.0,83.0,87.0,84.0,90.0,86.0,86.0,87.0,3159,3.4,3.0925084150607476
2025-07-31 12:53:43,87.0,85.0,86.0,85.0,84.0,87.0,86.0,86.0,86.0,3165,3.4,3.1002493431775435
2025-07-31 12:53:44,90.0,86.0,80.0,90.0,83.0,87.0,86.0,90.0,85.0,3170,3.4,3.1063328692665375
2025-07-31 12:53:45,91.0,86.0,80.0,91.0,85.0,88.0,87.0,89.0,85.0,3176,3.4,3.1090773507150202
2025-07-31 12:53:46,91.0,85.0,78.0,91.0,87.0,90.0,86.0,91.0,84.0,3189,3.4,3.110977342598659
2025-07-31 12:53:47,93.0,84.0,84.0,89.0,84.0,93.0,88.0,86.0,85.0,3189,3.4,3.1119996686211846
2025-07-31 12:53:48,92.0,86.0,80.0,87.0,84.0,92.0,89.0,85.0,88.0,3208,3.4,3.114651730013057
2025-07-31 12:53:49,90.0,90.0,80.0,89.0,84.0,87.0,90.0,83.0,90.0,3206,3.4,3.1155399678653515
2025-07-31 12:53:50,90.0,89.0,79.0,90.0,84.0,86.0,90.0,89.0,85.0,3218,3.4,3.117178928539929
2025-07-31 12:53:51,90.0,86.0,84.0,88.0,88.0,90.0,85.0,87.0,84.0,3221,3.4,3.118703147038736
2025-07-31 12:53:52,89.0,85.0,85.0,87.0,84.0,89.0,86.0,86.0,84.0,3235,3.4,3.12511870157308
2025-07-31 12:53:53,90.0,88.0,82.0,89.0,84.0,87.0,90.0,84.0,86.0,3239,3.4,3.1280349890812125
2025-07-31 12:53:54,90.0,87.0,79.0,90.0,84.0,85.0,89.0,89.0,88.0,3227,3.4,3.1299486710776847
2025-07-31 12:53:55,90.0,89.0,82.0,88.0,87.0,90.0,85.0,86.0,84.0,3223,3.4,3.1317325265075038
2025-07-31 12:53:56,89.0,86.0,86.0,89.0,84.0,88.0,87.0,86.0,85.0,3221,3.4,3.133398502273981
2025-07-31 12:53:57,87.0,86.0,81.0,87.0,84.0,86.0,87.0,84.0,85.0,3223,3.4,3.14415222522041
2025-07-31 12:53:58,90.0,85.0,86.0,84.0,86.0,86.0,89.0,89.0,90.0,3208,3.4,3.1422569712453727
2025-07-31 12:53:59,91.0,88.0,80.0,90.0,88.0,91.0,90.0,91.0,84.0,3214,3.4,3.134442520091819
2025-07-31 12:54:00,93.0,90.0,80.0,88.0,84.0,93.0,86.0,85.0,85.0,3197,3.4,3.135736342883973
2025-07-31 12:54:01,89.0,87.0,80.0,89.0,84.0,87.0,86.0,88.0,89.0,3191,3.4,3.1378241632180828
2025-07-31 12:54:02,89.0,86.0,84.0,86.0,88.0,88.0,89.0,90.0,90.0,3191,3.4,3.1306949985827357
2025-07-31 12:54:03,91.0,86.0,79.0,90.0,89.0,89.0,89.0,90.0,84.0,3199,3.4,3.1277187624896734
2025-07-31 12:54:04,88.0,88.0,81.0,87.0,84.0,88.0,87.0,86.0,84.0,3189,3.4,3.133886615252163
2025-07-31 12:54:05,89.0,89.0,81.0,87.0,84.0,88.0,85.0,87.0,85.0,3187,3.4,3.1391995685016827
2025-07-31 12:54:06,89.0,89.0,81.0,87.0,83.0,87.0,87.0,89.0,84.0,3191,3.4,3.143669491235305
2025-07-31 12:54:07,90.0,86.0,79.0,90.0,87.0,87.0,86.0,87.0,87.0,3191,3.4,3.146451063508083
2025-07-31 12:54:09,91.0,85.0,83.0,88.0,89.0,91.0,86.0,86.0,88.0,3191,3.4,3.1433662853001425
2025-07-31 12:54:10,90.0,85.0,83.0,87.0,84.0,90.0,85.0,86.0,85.0,3189,3.4,3.149461734277393
2025-07-31 12:54:11,90.0,85.0,84.0,87.0,84.0,90.0,88.0,84.0,85.0,3195,3.4,3.153880720939224
2025-07-31 12:54:12,91.0,85.0,84.0,85.0,82.0,91.0,91.0,87.0,85.0,3191,3.4,3.1557745453162487
2025-07-31 12:54:13,90.0,86.0,80.0,90.0,89.0,87.0,86.0,87.0,86.0,3191,3.4,3.1568255448059745
2025-07-31 12:54:14,90.0,85.0,82.0,85.0,90.0,87.0,87.0,84.0,86.0,3193,3.4,3.1620528479917325
2025-07-31 12:54:15,90.0,88.0,85.0,90.0,85.0,87.0,86.0,87.0,87.0,3197,3.4,3.1597509329378544
2025-07-31 12:54:16,90.0,88.0,80.0,90.0,84.0,90.0,86.0,87.0,88.0,3191,3.4,3.1591028746837893
2025-07-31 12:54:17,90.0,89.0,86.0,90.0,87.0,87.0,84.0,85.0,85.0,3193,3.4,3.158452326094848
2025-07-31 12:54:18,89.0,89.0,85.0,89.0,86.0,87.0,87.0,88.0,83.0,3195,3.4,3.156958537278271
2025-07-31 12:54:19,90.0,85.0,84.0,88.0,89.0,87.0,89.0,90.0,84.0,3212,3.4,3.1537787480791617
2025-07-31 12:54:20,90.0,85.0,82.0,90.0,84.0,90.0,86.0,86.0,83.0,3206,3.4,3.158895968777489
2025-07-31 12:54:21,90.0,85.0,83.0,89.0,82.0,90.0,85.0,86.0,86.0,3220,3.4,3.1639717954482536
2025-07-31 12:54:22,90.0,84.0,84.0,87.0,82.0,88.0,86.0,87.0,90.0,3225,3.4,3.1672973220353913
2025-07-31 12:54:23,89.0,89.0,85.0,88.0,88.0,87.0,86.0,86.0,85.0,3245,3.4,3.16551746529346
2025-07-31 12:54:24,91.0,91.0,81.0,85.0,85.0,87.0,89.0,86.0,85.0,3237,3.4,3.1677747496719744
2025-07-31 12:54:25,91.0,87.0,78.0,91.0,84.0,87.0,87.0,87.0,86.0,3237,3.4,3.1715814825799153
2025-07-31 12:54:26,89.0,86.0,84.0,89.0,84.0,86.0,86.0,88.0,83.0,3235,3.4,3.1761078671163148
2025-07-31 12:54:27,91.0,86.0,81.0,87.0,88.0,90.0,84.0,92.0,89.0,3241,3.4,3.1713274712720914
2025-07-31 12:54:28,91.0,89.0,80.0,85.0,84.0,87.0,89.0,86.0,91.0,3247,3.4,3.1714359429362275
2025-07-31 12:54:29,91.0,90.0,78.0,91.0,83.0,87.0,86.0,87.0,84.0,3256,3.4,3.1755776936024445
2025-07-31 12:54:30,89.0,87.0,85.0,89.0,82.0,89.0,87.0,85.0,86.0,3272,3.4,3.176209448858828
2025-07-31 12:54:31,89.0,85.0,84.0,87.0,87.0,88.0,85.0,89.0,88.0,3268,3.4,3.1741209016983367
2025-07-31 12:54:32,89.0,85.0,80.0,86.0,87.0,89.0,87.0,86.0,88.0,3272,3.4,3.1760126744306456
2025-07-31 12:54:33,89.0,86.0,79.0,87.0,83.0,88.0,89.0,87.0,85.0,3262,3.4,3.1810362194667885
2025-07-31 12:54:34,90.0,87.0,79.0,87.0,84.0,87.0,90.0,86.0,85.0,3268,3.4,3.185045546062677
2025-07-31 12:54:35,89.0,89.0,79.0,85.0,87.0,87.0,86.0,85.0,83.0,3270,3.4,3.1922057493496
2025-07-31 12:54:36,89.0,88.0,80.0,89.0,87.0,89.0,86.0,85.0,86.0,3270,3.4,3.191647086069183
2025-07-31 12:54:37,89.0,87.0,80.0,89.0,83.0,89.0,84.0,88.0,87.0,3251,3.4,3.193403830058218
2025-07-31 12:54:38,90.0,90.0,83.0,89.0,88.0,89.0,88.0,85.0,83.0,3253,3.4,3.188331527820465
2025-07-31 12:54:39,92.0,86.0,82.0,87.0,84.0,92.0,86.0,86.0,88.0,3243,3.4,3.186453742502571
2025-07-31 12:54:40,89.0,89.0,80.0,88.0,84.0,88.0,83.0,84.0,89.0,3239,3.4,3.1894693183801426
2025-07-31 12:54:41,91.0,86.0,82.0,87.0,84.0,88.0,91.0,90.0,86.0,3239,3.4,3.184848883827351
2025-07-31 12:54:42,90.0,84.0,82.0,89.0,87.0,88.0,85.0,90.0,84.0,3247,3.4,3.1842958686479137
2025-07-31 12:54:43,92.0,89.0,84.0,90.0,84.0,92.0,85.0,85.0,83.0,3241,3.4,3.1810972749200577
2025-07-31 12:54:44,89.0,88.0,81.0,88.0,85.0,87.0,84.0,86.0,89.0,3239,3.4,3.181119548207756
2025-07-31 12:54:45,90.0,85.0,80.0,85.0,86.0,86.0,89.0,90.0,86.0,3243,3.4,3.181860153464267
2025-07-31 12:54:46,90.0,85.0,81.0,90.0,88.0,90.0,87.0,90.0,84.0,3245,3.4,3.1757846765562023
2025-07-31 12:54:47,89.0,89.0,84.0,87.0,84.0,88.0,85.0,85.0,83.0,3239,3.4,3.177929759339424
2025-07-31 12:54:48,89.0,86.0,82.0,88.0,84.0,88.0,86.0,87.0,89.0,3241,3.4,3.175773561430127
2025-07-31 12:54:49,90.0,86.0,81.0,85.0,87.0,85.0,90.0,87.0,90.0,3239,3.4,3.1726518365603344
2025-07-31 12:54:50,90.0,88.0,82.0,90.0,87.0,90.0,87.0,90.0,84.0,3229,3.4,3.163554463936771
2025-07-31 12:54:51,91.0,91.0,84.0,87.0,84.0,87.0,86.0,87.0,85.0,3223,3.4,3.160202613572709
2025-07-31 12:54:52,88.0,87.0,82.0,87.0,85.0,87.0,86.0,87.0,88.0,3216,3.4,3.158431101818147
2025-07-31 12:54:53,90.0,87.0,81.0,90.0,82.0,85.0,90.0,86.0,90.0,3212,3.4,3.1549138928948395
2025-07-31 12:54:54,89.0,83.0,80.0,89.0,86.0,89.0,88.0,87.0,84.0,3199,3.4,3.155510853026071
2025-07-31 12:54:55,91.0,87.0,80.0,91.0,89.0,87.0,90.0,89.0,84.0,3193,3.4,3.146880123813367
2025-07-31 12:54:56,89.0,89.0,80.0,87.0,84.0,87.0,86.0,87.0,82.0,3195,3.4,3.1507696433645487
2025-07-31 12:54:57,89.0,89.0,82.0,87.0,84.0,87.0,86.0,86.0,89.0,3187,3.4,3.147946455632571
2025-07-31 12:54:58,90.0,90.0,80.0,89.0,82.0,89.0,87.0,86.0,90.0,3193,3.4,3.1426124578197103
2025-07-31 12:54:59,90.0,87.0,81.0,90.0,87.0,89.0,86.0,85.0,84.0,3197,3.4,3.140596132199785
2025-07-31 12:55:00,89.0,85.0,84.0,88.0,85.0,88.0,86.0,89.0,84.0,3197,3.4,3.1385411330051287
2025-07-31 12:55:01,91.0,85.0,86.0,87.0,84.0,87.0,89.0,91.0,85.0,3182,3.4,3.132267479275892
2025-07-31 12:55:02,91.0,85.0,80.0,87.0,84.0,87.0,87.0,91.0,85.0,3182,3.4,3.1326768718317703
2025-07-31 12:55:04,90.0,84.0,81.0,86.0,88.0,89.0,86.0,86.0,90.0,3183,3.4,3.129738069340409
2025-07-31 12:55:05,91.0,87.0,81.0,89.0,89.0,91.0,85.0,86.0,84.0,3182,3.4,3.1251176257203235
2025-07-31 12:55:06,92.0,89.0,82.0,92.0,84.0,88.0,84.0,84.0,85.0,3187,3.4,3.1238298870576826
2025-07-31 12:55:07,89.0,89.0,82.0,87.0,84.0,87.0,88.0,88.0,83.0,3193,3.4,3.1225156549081414
2025-07-31 12:55:08,91.0,86.0,80.0,89.0,84.0,87.0,90.0,91.0,87.0,3193,3.4,3.1161409638641735
2025-07-31 12:55:09,91.0,86.0,80.0,91.0,81.0,91.0,86.0,87.0,88.0,3210,3.4,3.1130607517265108
2025-07-31 12:55:10,88.0,86.0,84.0,87.0,87.0,88.0,86.0,86.0,88.0,3216,3.4,3.1082097124911288
2025-07-31 12:55:11,90.0,88.0,84.0,87.0,84.0,87.0,86.0,87.0,90.0,3220,3.4,3.1024020630491904
2025-07-31 12:55:12,90.0,88.0,80.0,90.0,84.0,88.0,86.0,84.0,85.0,3221,3.4,3.1031465270416754
2025-07-31 12:55:13,91.0,86.0,81.0,92.0,82.0,89.0,84.0,90.0,85.0,3225,3.4,3.1004088889945858
2025-07-31 12:55:14,90.0,84.0,79.0,86.0,85.0,87.0,87.0,90.0,85.0,3229,3.4,3.1025334005733796
2025-07-31 12:55:15,90.0,85.0,79.0,86.0,87.0,90.0,89.0,86.0,85.0,3210,3.4,3.1011523403690675
2025-07-31 12:55:16,91.0,87.0,82.0,87.0,84.0,91.0,90.0,86.0,89.0,3206,3.4,3.0921365797708718
2025-07-31 12:55:17,91.0,89.0,84.0,91.0,84.0,88.0,86.0,86.0,85.0,3221,3.4,3.085520829552796
2025-07-31 12:55:18,89.0,89.0,84.0,87.0,85.0,87.0,84.0,84.0,84.0,3223,3.4,3.08627500943863
2025-07-31 12:55:19,89.0,86.0,82.0,88.0,88.0,85.0,86.0,89.0,85.0,3216,3.4,3.082690603775301
2025-07-31 12:55:20,90.0,86.0,81.0,87.0,90.0,90.0,85.0,90.0,85.0,3212,3.4,3.0747810266057276
2025-07-31 12:55:21,93.0,85.0,79.0,92.0,84.0,93.0,87.0,88.0,84.0,3212,3.4,3.0684049983934503
2025-07-31 12:55:22,90.0,89.0,84.0,88.0,84.0,87.0,90.0,86.0,87.0,3214,3.4,3.059377650277814
2025-07-31 12:55:23,88.0,87.0,82.0,88.0,88.0,88.0,87.0,84.0,85.0,3220,3.4,3.0552090313018505
2025-07-31 12:55:24,89.0,85.0,80.0,84.0,88.0,88.0,85.0,89.0,83.0,3227,3.4,3.056717898119687
2025-07-31 12:55:25,69.0,67.0,65.0,68.0,64.0,68.0,66.0,69.0,66.0,3225,3.4,3.1826034720410994
2025-07-31 12:51:48,90.0,85.0,84.0,87.0,87.0,87.0,88.0,86.0,90.0,3110,3.4,3.1737899126800584
2025-07-31 12:51:49,90.0,85.0,82.0,90.0,84.0,89.0,89.0,88.0,85.0,3117,3.4,3.1668648983719043
2025-07-31 12:51:50,90.0,88.0,79.0,88.0,83.0,89.0,85.0,90.0,84.0,3130,3.4,3.1651484848618425
2025-07-31 12:51:51,88.0,88.0,80.0,88.0,81.0,87.0,85.0,86.0,87.0,3134,3.4,3.166931240500938
2025-07-31 12:51:52,89.0,85.0,84.0,89.0,87.0,84.0,89.0,85.0,89.0,3148,3.4,3.1604969096926108
2025-07-31 12:51:53,90.0,82.0,85.0,90.0,84.0,88.0,90.0,87.0,84.0,3145,3.4,3.155834676246155
2025-07-31 12:51:54,90.0,88.0,80.0,87.0,84.0,87.0,84.0,90.0,84.0,3159,3.4,3.1562957771248517
2025-07-31 12:51:55,88.0,86.0,80.0,88.0,86.0,87.0,86.0,87.0,87.0,3157,3.4,3.1543142327953
2025-07-31 12:51:56,90.0,85.0,82.0,90.0,88.0,88.0,86.0,85.0,88.0,3167,3.4,3.1482224352390262
2025-07-31 12:51:57,90.0,87.0,82.0,90.0,83.0,90.0,88.0,87.0,83.0,3159,3.4,3.143840030392512
2025-07-31 12:51:58,91.0,90.0,80.0,88.0,84.0,87.0,86.0,91.0,85.0,3154,3.4,3.138677468808873
2025-07-31 12:51:59,88.0,86.0,81.0,88.0,87.0,88.0,86.0,85.0,88.0,3145,3.4,3.135252971192904
2025-07-31 12:52:00,89.0,84.0,81.0,90.0,88.0,88.0,88.0,85.0,86.0,3143,3.4,3.131078923145591
2025-07-31 12:52:01,90.0,85.0,84.0,90.0,83.0,89.0,86.0,87.0,83.0,3132,3.4,3.129502892993676
2025-07-31 12:52:02,91.0,89.0,80.0,88.0,82.0,87.0,85.0,91.0,82.0,3121,3.4,3.13055311582919
2025-07-31 12:52:03,89.0,85.0,81.0,89.0,87.0,87.0,83.0,86.0,87.0,3112,3.4,3.130916347204454
2025-07-31 12:52:04,90.0,83.0,82.0,90.0,84.0,89.0,89.0,84.0,86.0,3115,3.4,3.1297820207530536
2025-07-31 12:52:05,89.0,88.0,85.0,88.0,83.0,88.0,84.0,89.0,84.0,3114,3.4,3.1271394489120734
2025-07-31 12:52:06,91.0,87.0,81.0,89.0,81.0,87.0,86.0,91.0,83.0,3110,3.4,3.1280058761496607
2025-07-31 12:52:07,89.0,86.0,79.0,85.0,89.0,85.0,89.0,86.0,89.0,3112,3.4,3.1265411806884114
2025-07-31 12:52:08,90.0,85.0,84.0,90.0,84.0,90.0,89.0,85.0,84.0,3114,3.4,3.1227368810845277
2025-07-31 12:52:09,90.0,88.0,80.0,90.0,84.0,88.0,86.0,83.0,85.0,3123,3.4,3.124945343114359
2025-07-31 12:52:10,91.0,91.0,80.0,88.0,81.0,88.0,85.0,90.0,86.0,3132,3.4,3.123112024354509
2025-07-31 12:52:11,89.0,85.0,78.0,86.0,88.0,89.0,83.0,86.0,89.0,3141,3.4,3.1255674871032
2025-07-31 12:52:12,91.0,86.0,84.0,90.0,83.0,91.0,88.0,86.0,84.0,3146,3.4,3.121424233377155
2025-07-31 12:52:13,89.0,89.0,80.0,89.0,84.0,88.0,86.0,82.0,84.0,3154,3.4,3.125709055724369
2025-07-31 12:52:14,90.0,86.0,80.0,87.0,85.0,87.0,85.0,90.0,87.0,3161,3.4,3.125864995160271
2025-07-31 12:52:15,90.0,85.0,78.0,87.0,87.0,90.0,88.0,87.0,90.0,3174,3.4,3.121871252163696
2025-07-31 12:52:16,92.0,85.0,84.0,90.0,84.0,92.0,89.0,85.0,85.0,3176,3.4,3.116197570784053
2025-07-31 12:52:17,90.0,90.0,81.0,88.0,83.0,88.0,86.0,84.0,85.0,3176,3.4,3.1180305371869306
2025-07-31 12:52:18,89.0,85.0,80.0,87.0,84.0,87.0,85.0,89.0,87.0,3174,3.4,3.120682722419255
2025-07-31 12:52:19,90.0,85.0,81.0,90.0,87.0,90.0,88.0,86.0,89.0,3189,3.4,3.1132914286536755
2025-07-31 12:52:20,92.0,87.0,84.0,92.0,83.0,87.0,90.0,85.0,83.0,3189,3.4,3.110023372869725
2025-07-31 12:52:22,91.0,91.0,80.0,88.0,84.0,87.0,85.0,82.0,85.0,3193,3.4,3.1142216176320154
2025-07-31 12:52:23,90.0,85.0,80.0,88.0,86.0,87.0,86.0,90.0,86.0,3193,3.4,3.113333318820358
2025-07-31 12:52:24,89.0,84.0,77.0,88.0,85.0,89.0,86.0,85.0,87.0,3195,3.4,3.118229398149096
2025-07-31 12:52:25,89.0,87.0,81.0,89.0,83.0,87.0,88.0,84.0,83.0,3189,3.4,3.122219054426888
2025-07-31 12:52:26,89.0,88.0,85.0,87.0,83.0,87.0,86.0,85.0,85.0,3189,3.4,3.122811767690552
2025-07-31 12:52:27,90.0,87.0,80.0,88.0,82.0,90.0,87.0,86.0,87.0,3183,3.4,3.122517997936755
2025-07-31 12:52:28,92.0,85.0,80.0,90.0,87.0,92.0,89.0,89.0,88.0,3178,3.4,3.1113200098897553
2025-07-31 12:52:29,92.0,85.0,82.0,92.0,84.0,87.0,89.0,86.0,85.0,3165,3.4,3.108451051720194
2025-07-31 12:52:30,88.0,88.0,84.0,87.0,84.0,87.0,85.0,85.0,85.0,3161,3.4,3.1097685323926196
2025-07-31 12:52:31,91.0,91.0,81.0,88.0,82.0,88.0,86.0,86.0,83.0,3150,3.4,3.1110992738394203
2025-07-31 12:52:32,87.0,86.0,79.0,87.0,86.0,87.0,86.0,86.0,86.0,3148,3.4,3.1141490232905618
2025-07-31 12:52:33,89.0,85.0,80.0,84.0,88.0,87.0,83.0,89.0,88.0,3135,3.4,3.1164162611054125
2025-07-31 12:52:34,90.0,84.0,83.0,88.0,83.0,87.0,88.0,90.0,84.0,3132,3.4,3.116268236165393
2025-07-31 12:52:35,90.0,87.0,82.0,90.0,81.0,90.0,89.0,86.0,85.0,3132,3.4,3.113711692517323
2025-07-31 12:52:36,89.0,87.0,79.0,89.0,84.0,86.0,84.0,84.0,84.0,3132,3.4,3.12212122649655
2025-07-31 12:52:37,91.0,86.0,84.0,88.0,84.0,87.0,85.0,91.0,85.0,3115,3.4,3.1197663046599073
2025-07-31 12:52:38,89.0,85.0,84.0,89.0,84.0,89.0,86.0,89.0,85.0,3123,3.4,3.1167234256291887
2025-07-31 12:52:39,91.0,84.0,85.0,91.0,83.0,91.0,82.0,90.0,82.0,3114,3.4,3.1163136669717164
2025-07-31 12:52:40,89.0,88.0,79.0,86.0,87.0,87.0,89.0,89.0,87.0,3114,3.4,3.112708663159548
2025-07-31 12:52:41,90.0,88.0,79.0,86.0,83.0,86.0,90.0,88.0,85.0,3115,3.4,3.115102403247713
2025-07-31 12:52:42,90.0,85.0,81.0,90.0,83.0,88.0,86.0,90.0,85.0,3117,3.4,3.1151321056017536
2025-07-31 12:52:43,91.0,85.0,84.0,87.0,84.0,89.0,91.0,86.0,84.0,3115,3.4,3.113630406800326
2025-07-31 12:52:44,93.0,83.0,86.0,86.0,88.0,93.0,85.0,86.0,85.0,3119,3.4,3.1105990154670558
2025-07-31 12:52:45,90.0,87.0,80.0,90.0,89.0,87.0,85.0,85.0,87.0,3130,3.4,3.1093708584763955
2025-07-31 12:52:46,89.0,89.0,80.0,88.0,83.0,87.0,86.0,86.0,85.0,3130,3.4,3.113256272777694
2025-07-31 12:52:47,88.0,86.0,79.0,87.0,84.0,87.0,86.0,88.0,85.0,3139,3.4,3.118917759778339
2025-07-31 12:52:48,91.0,85.0,84.0,88.0,84.0,87.0,86.0,91.0,83.0,3145,3.4,3.119642951428532
2025-07-31 12:52:49,90.0,85.0,84.0,90.0,87.0,85.0,86.0,86.0,87.0,3154,3.4,3.1187615363613794
2025-07-31 12:52:50,89.0,86.0,80.0,89.0,84.0,89.0,89.0,85.0,85.0,3161,3.4,3.1204280572482315
2025-07-31 12:52:51,91.0,91.0,79.0,86.0,83.0,91.0,86.0,85.0,85.0,3174,3.4,3.122949823661697
2025-07-31 12:52:52,90.0,86.0,80.0,85.0,87.0,87.0,86.0,90.0,83.0,3176,3.4,3.1271326286399814
2025-07-31 12:52:53,90.0,83.0,84.0,90.0,89.0,86.0,83.0,89.0,88.0,3191,3.4,3.124612056880539
2025-07-31 12:52:54,89.0,89.0,79.0,87.0,84.0,88.0,89.0,85.0,85.0,3191,3.4,3.1270493627757396
2025-07-31 12:52:55,92.0,86.0,80.0,88.0,84.0,92.0,86.0,87.0,85.0,3206,3.4,3.1277576867318717
2025-07-31 12:52:56,90.0,86.0,83.0,89.0,87.0,87.0,85.0,90.0,83.0,3206,3.4,3.12669629143597
2025-07-31 12:52:57,90.0,82.0,83.0,90.0,87.0,87.0,86.0,88.0,86.0,3218,3.4,3.1263725225070242
2025-07-31 12:52:58,90.0,89.0,80.0,87.0,83.0,90.0,90.0,85.0,85.0,3220,3.4,3.125917984758086
2025-07-31 12:52:59,93.0,87.0,81.0,87.0,84.0,93.0,85.0,87.0,85.0,3223,3.4,3.1253246814437468
2025-07-31 12:53:00,90.0,85.0,84.0,90.0,85.0,87.0,84.0,88.0,82.0,3220,3.4,3.1279292491214807
2025-07-31 12:53:01,90.0,82.0,82.0,90.0,88.0,86.0,87.0,90.0,85.0,3216,3.4,3.1262194388106375
2025-07-31 12:53:02,90.0,89.0,80.0,86.0,83.0,88.0,89.0,86.0,90.0,3208,3.4,3.123545513811872
2025-07-31 12:53:03,89.0,86.0,81.0,87.0,84.0,89.0,86.0,87.0,85.0,3197,3.4,3.125781425868552
2025-07-31 12:53:04,90.0,86.0,83.0,90.0,86.0,87.0,86.0,89.0,86.0,3189,3.4,3.1212563488196374
2025-07-31 12:53:05,90.0,87.0,83.0,90.0,89.0,85.0,87.0,90.0,86.0,3183,3.4,3.1133318011676856
2025-07-31 12:53:06,90.0,90.0,80.0,87.0,84.0,90.0,85.0,86.0,88.0,3178,3.4,3.1112137166558154
2025-07-31 12:53:07,88.0,86.0,81.0,88.0,83.0,87.0,86.0,87.0,86.0,3165,3.4,3.114079540352999
2025-07-31 12:53:08,90.0,85.0,84.0,90.0,89.0,86.0,89.0,90.0,87.0,3163,3.4,3.103575363237427
2025-07-31 12:53:09,90.0,87.0,80.0,86.0,83.0,90.0,90.0,90.0,87.0,3145,3.4,3.0989274262235207
2025-07-31 12:53:10,88.0,86.0,81.0,87.0,84.0,88.0,86.0,87.0,86.0,3141,3.4,3.1010163539010835
2025-07-31 12:53:12,90.0,86.0,78.0,90.0,85.0,87.0,86.0,86.0,84.0,3132,3.4,3.105675538590592
2025-07-31 12:53:13,91.0,87.0,84.0,91.0,89.0,86.0,87.0,89.0,87.0,3135,3.4,3.095378057037801
2025-07-31 12:53:14,88.0,87.0,79.0,86.0,84.0,88.0,88.0,88.0,86.0,3121,3.4,3.0968594995181578
2025-07-31 12:53:15,87.0,86.0,80.0,87.0,85.0,87.0,87.0,87.0,86.0,3115,3.4,3.0992923992402046
2025-07-31 12:53:16,89.0,86.0,79.0,89.0,89.0,87.0,87.0,86.0,86.0,3099,3.4,3.098514450845543
2025-07-31 12:53:17,90.0,87.0,83.0,90.0,84.0,88.0,89.0,89.0,87.0,3099,3.4,3.0912260207893683
2025-07-31 12:53:18,92.0,88.0,80.0,87.0,82.0,92.0,86.0,91.0,89.0,3087,3.4,3.085781053721161
2025-07-31 12:53:19,88.0,86.0,81.0,88.0,84.0,88.0,86.0,87.0,85.0,3089,3.4,3.088896908173728
2025-07-31 12:53:20,92.0,86.0,84.0,92.0,89.0,88.0,84.0,86.0,85.0,3085,3.4,3.084687639941868
2025-07-31 12:53:21,91.0,87.0,83.0,91.0,83.0,89.0,88.0,87.0,87.0,3082,3.4,3.0798481772415442
2025-07-31 12:53:22,90.0,89.0,79.0,87.0,83.0,90.0,90.0,90.0,88.0,3082,3.4,3.074384435096298
2025-07-31 12:53:23,88.0,85.0,81.0,88.0,88.0,87.0,87.0,87.0,86.0,3083,3.4,3.074978877911187
2025-07-31 12:53:24,90.0,86.0,83.0,90.0,90.0,87.0,86.0,85.0,85.0,3083,3.4,3.0732712667262856
2025-07-31 12:53:25,89.0,87.0,83.0,89.0,83.0,87.0,87.0,88.0,86.0,3068,3.4,3.0734408680920566
2025-07-31 12:53:26,90.0,88.0,79.0,87.0,83.0,90.0,88.0,90.0,89.0,3068,3.4,3.0705105358698472
2025-07-31 12:53:27,89.0,87.0,80.0,88.0,89.0,87.0,86.0,87.0,85.0,3068,3.4,3.072005725058138
2025-07-31 12:53:28,89.0,86.0,84.0,90.0,86.0,86.0,84.0,86.0,85.0,3064,3.4,3.0754192498282817
2025-07-31 12:53:29,89.0,88.0,83.0,87.0,84.0,88.0,89.0,85.0,85.0,3068,3.4,3.077418609019886
2025-07-31 12:53:30,90.0,88.0,84.0,87.0,84.0,89.0,87.0,85.0,88.0,3071,3.4,3.077162144211958
2025-07-31 12:53:31,90.0,85.0,82.0,90.0,84.0,89.0,86.0,84.0,86.0,3071,3.4,3.082164538351855
2025-07-31 12:53:32,91.0,86.0,81.0,91.0,82.0,88.0,87.0,91.0,85.0,3083,3.4,3.08323208287088
2025-07-31 12:53:33,89.0,89.0,80.0,87.0,87.0,86.0,89.0,87.0,85.0,3083,3.4,3.0853521873178558
2025-07-31 12:53:34,90.0,90.0,83.0,87.0,84.0,89.0,90.0,85.0,87.0,3092,3.4,3.0835080346929526
2025-07-31 12:53:35,88.0,85.0,85.0,88.0,84.0,87.0,86.0,87.0,88.0,3094,3.4,3.0860341444703936
2025-07-31 12:53:36,91.0,86.0,81.0,91.0,83.0,88.0,87.0,90.0,85.0,3114,3.4,3.0879133959425755
2025-07-31 12:53:37,91.0,88.0,80.0,87.0,87.0,85.0,89.0,91.0,85.0,3114,3.4,3.089091325713444
2025-07-31 12:53:38,91.0,91.0,81.0,87.0,84.0,90.0,88.0,87.0,88.0,3121,3.4,3.087061675320871
2025-07-31 12:53:39,88.0,85.0,85.0,85.0,84.0,88.0,86.0,86.0,87.0,3128,3.4,3.0935066894764307
2025-07-31 12:53:40,91.0,87.0,81.0,91.0,84.0,87.0,83.0,88.0,85.0,3145,3.4,3.1000542506865423
2025-07-31 12:53:41,90.0,89.0,80.0,87.0,87.0,86.0,89.0,90.0,83.0,3148,3.4,3.1024819487637516
2025-07-31 12:53:42,91.0,91.0,83.0,87.0,84.0,90.0,86.0,86.0,87.0,3159,3.4,3.102457044262013
2025-07-31 12:53:43,87.0,85.0,86.0,85.0,84.0,87.0,86.0,86.0,86.0,3165,3.4,3.1099797572378254
2025-07-31 12:53:44,90.0,86.0,80.0,90.0,83.0,87.0,86.0,90.0,85.0,3170,3.4,3.1158464633089076
2025-07-31 12:53:45,91.0,86.0,80.0,91.0,85.0,88.0,87.0,89.0,85.0,3176,3.4,3.1183751575568186
2025-07-31 12:53:46,91.0,85.0,78.0,91.0,87.0,90.0,86.0,91.0,84.0,3189,3.4,3.120056424596583
2025-07-31 12:53:47,93.0,84.0,84.0,89.0,84.0,93.0,88.0,86.0,85.0,3189,3.4,3.1208607028710986
2025-07-31 12:53:48,92.0,86.0,80.0,87.0,84.0,92.0,89.0,85.0,88.0,3208,3.4,3.123295500208242
2025-07-31 12:53:49,90.0,90.0,80.0,89.0,84.0,87.0,90.0,83.0,90.0,3206,3.4,3.1239662670302164
2025-07-31 12:53:50,90.0,89.0,79.0,90.0,84.0,86.0,90.0,89.0,85.0,3218,3.4,3.125390588970572
2025-07-31 12:53:51,90.0,86.0,84.0,88.0,88.0,90.0,85.0,87.0,84.0,3221,3.4,3.1266969651396375
2025-07-31 12:53:52,89.0,85.0,85.0,87.0,84.0,89.0,86.0,86.0,84.0,3235,3.4,3.1328978725830856
2025-07-31 12:53:53,90.0,88.0,82.0,89.0,84.0,87.0,90.0,84.0,86.0,3239,3.4,3.1355978175933252
2025-07-31 12:53:54,90.0,87.0,79.0,90.0,84.0,85.0,89.0,89.0,88.0,3227,3.4,3.1372977975397816
2025-07-31 12:53:55,90.0,89.0,82.0,88.0,87.0,90.0,85.0,86.0,84.0,3223,3.4,3.1388669959117848
2025-07-31 12:53:56,89.0,86.0,86.0,89.0,84.0,88.0,87.0,86.0,85.0,3221,3.4,3.140321208595598
2025-07-31 12:53:57,87.0,86.0,81.0,87.0,84.0,86.0,87.0,84.0,85.0,3223,3.4,3.150861030742352
2025-07-31 12:53:58,90.0,85.0,86.0,84.0,86.0,86.0,89.0,89.0,90.0,3208,3.4,3.148754145495415
2025-07-31 12:53:59,91.0,88.0,80.0,90.0,88.0,91.0,90.0,91.0,84.0,3214,3.4,3.1407289424043836
2025-07-31 12:54:00,93.0,90.0,80.0,88.0,84.0,93.0,86.0,85.0,85.0,3197,3.4,3.141812816702358
2025-07-31 12:54:01,89.0,87.0,80.0,89.0,84.0,87.0,86.0,88.0,89.0,3191,3.4,3.1436929771393745
2025-07-31 12:54:02,89.0,86.0,84.0,86.0,88.0,88.0,89.0,90.0,90.0,3191,3.4,3.1363547888580134
2025-07-31 12:54:03,91.0,86.0,79.0,90.0,89.0,89.0,89.0,90.0,84.0,3199,3.4,3.1331715490190035
2025-07-31 12:54:04,88.0,88.0,81.0,87.0,84.0,88.0,87.0,86.0,84.0,3189,3.4,3.1391342514040477
2025-07-31 12:54:05,89.0,89.0,81.0,87.0,84.0,88.0,85.0,87.0,85.0,3187,3.4,3.144244346562315
2025-07-31 12:54:06,89.0,89.0,81.0,87.0,83.0,87.0,87.0,89.0,84.0,3191,3.4,3.148508709276579
2025-07-31 12:54:07,90.0,86.0,79.0,90.0,87.0,87.0,86.0,87.0,87.0,3191,3.4,3.1510898361448274
2025-07-31 12:54:09,91.0,85.0,83.0,88.0,89.0,91.0,86.0,86.0,88.0,3191,3.4,3.1478049106208266
2025-07-31 12:54:10,90.0,85.0,83.0,87.0,84.0,90.0,85.0,86.0,85.0,3189,3.4,3.153702064313417
2025-07-31 12:54:11,90.0,85.0,84.0,87.0,84.0,90.0,88.0,84.0,85.0,3195,3.4,3.157923309164305
2025-07-31 12:54:12,91.0,85.0,84.0,85.0,82.0,91.0,91.0,87.0,85.0,3191,3.4,3.1596199800345426
2025-07-31 12:54:13,90.0,86.0,80.0,90.0,89.0,87.0,86.0,87.0,86.0,3191,3.4,3.160476600293845
2025-07-31 12:54:14,90.0,85.0,82.0,85.0,90.0,87.0,87.0,84.0,86.0,3193,3.4,3.1655111832459784
2025-07-31 12:54:15,90.0,88.0,85.0,90.0,85.0,87.0,86.0,87.0,87.0,3197,3.4,3.163017028034193
2025-07-31 12:54:16,90.0,88.0,80.0,90.0,84.0,90.0,86.0,87.0,88.0,3191,3.4,3.162177736677431
2025-07-31 12:54:17,90.0,89.0,86.0,90.0,87.0,87.0,84.0,85.0,85.0,3193,3.4,3.1613407027538214
2025-07-31 12:54:18,89.0,89.0,85.0,89.0,86.0,87.0,87.0,88.0,83.0,3195,3.4,3.159659803663427
2025-07-31 12:54:19,90.0,85.0,84.0,88.0,89.0,87.0,89.0,90.0,84.0,3212,3.4,3.1562961592472374
2025-07-31 12:54:20,90.0,85.0,82.0,90.0,84.0,90.0,86.0,86.0,83.0,3206,3.4,3.161231030276315
2025-07-31 12:54:21,90.0,85.0,83.0,89.0,82.0,90.0,85.0,86.0,86.0,3220,3.4,3.166122461018953
2025-07-31 12:54:22,90.0,84.0,84.0,87.0,82.0,88.0,86.0,87.0,90.0,3225,3.4,3.169270327335979
2025-07-31 12:54:23,89.0,89.0,85.0,88.0,88.0,87.0,86.0,86.0,85.0,3245,3.4,3.167314661445208
2025-07-31 12:54:24,91.0,91.0,81.0,85.0,85.0,87.0,89.0,86.0,85.0,3237,3.4,3.1693955104430334
2025-07-31 12:54:25,91.0,87.0,78.0,91.0,84.0,87.0,87.0,87.0,86.0,3237,3.4,3.17302865049823
2025-07-31 12:54:26,89.0,86.0,84.0,89.0,84.0,86.0,86.0,88.0,83.0,3235,3.4,3.1773840698001985
2025-07-31 12:54:27,91.0,86.0,81.0,87.0,88.0,90.0,84.0,92.0,89.0,3241,3.4,3.172434112435226
2025-07-31 12:54:28,91.0,89.0,80.0,85.0,84.0,87.0,89.0,86.0,91.0,3247,3.4,3.1723735888773406
2025-07-31 12:54:29,91.0,90.0,78.0,91.0,83.0,87.0,86.0,87.0,84.0,3256,3.4,3.176349971874421
2025-07-31 12:54:30,89.0,87.0,85.0,89.0,82.0,89.0,87.0,85.0,86.0,3272,3.4,3.1768173035451324
2025-07-31 12:54:31,89.0,85.0,84.0,87.0,87.0,88.0,85.0,89.0,88.0,3268,3.4,3.174567741374726
2025-07-31 12:54:32,89.0,85.0,80.0,86.0,87.0,89.0,87.0,86.0,88.0,3272,3.4,3.1762994355324814
2025-07-31 12:54:33,89.0,86.0,79.0,87.0,83.0,88.0,89.0,87.0,85.0,3262,3.4,3.18116646822181
2025-07-31 12:54:34,90.0,87.0,79.0,87.0,84.0,87.0,90.0,86.0,85.0,3268,3.4,3.1850197137525322
2025-07-31 12:54:35,89.0,89.0,79.0,85.0,87.0,87.0,86.0,85.0,83.0,3270,3.4,3.1920262228592264
2025-07-31 12:54:36,89.0,88.0,80.0,89.0,87.0,89.0,86.0,85.0,86.0,3270,3.4,3.1913178683903807
2025-07-31 12:54:37,89.0,87.0,80.0,89.0,83.0,89.0,84.0,88.0,87.0,3251,3.4,3.192925227847159
2025-07-31 12:54:38,90.0,90.0,83.0,89.0,88.0,89.0,88.0,85.0,83.0,3253,3.4,3.187704277429649
2025-07-31 12:54:39,92.0,86.0,82.0,87.0,84.0,92.0,86.0,86.0,88.0,3243,3.4,3.185684250776866
2025-07-31 12:54:40,89.0,89.0,80.0,88.0,84.0,88.0,83.0,84.0,89.0,3239,3.4,3.188555234885485
2025-07-31 12:54:41,91.0,86.0,82.0,87.0,84.0,88.0,91.0,90.0,86.0,3239,3.4,3.183796297382553
2025-07-31 12:54:42,90.0,84.0,82.0,89.0,87.0,88.0,85.0,90.0,84.0,3247,3.4,3.183105376787896
2025-07-31 12:54:43,92.0,89.0,84.0,90.0,84.0,92.0,85.0,85.0,83.0,3241,3.4,3.1797708420514406
2025-07-31 12:54:44,89.0,88.0,81.0,88.0,85.0,87.0,84.0,86.0,89.0,3239,3.4,3.1796605704510568
2025-07-31 12:54:45,90.0,85.0,80.0,85.0,86.0,86.0,89.0,90.0,86.0,3243,3.4,3.180269985089617
2025-07-31 12:54:46,90.0,85.0,81.0,90.0,88.0,90.0,87.0,90.0,84.0,3245,3.4,3.1740648572370707
2025-07-31 12:54:47,89.0,89.0,84.0,87.0,84.0,88.0,85.0,85.0,83.0,3239,3.4,3.176084308797633
2025-07-31 12:54:48,89.0,86.0,82.0,88.0,84.0,88.0,86.0,87.0,89.0,3241,3.4,3.1738046994923836
2025-07-31 12:54:49,90.0,86.0,81.0,85.0,87.0,85.0,90.0,87.0,90.0,3239,3.4,3.170562103385009
2025-07-31 12:54:50,90.0,88.0,82.0,90.0,87.0,90.0,87.0,90.0,84.0,3229,3.4,3.1613421899708047
2025-07-31 12:54:51,91.0,91.0,84.0,87.0,84.0,87.0,86.0,87.0,85.0,3223,3.4,3.1578749235268506
2025-07-31 12:54:52,88.0,87.0,82.0,87.0,85.0,87.0,86.0,87.0,88.0,3216,3.4,3.155989567076381
2025-07-31 12:54:53,90.0,87.0,81.0,90.0,82.0,85.0,90.0,86.0,90.0,3212,3.4,3.15235996176061
2025-07-31 12:54:54,89.0,83.0,80.0,89.0,86.0,89.0,88.0,87.0,84.0,3199,3.4,3.1528446404810473
2025-07-31 12:54:55,91.0,87.0,80.0,91.0,89.0,87.0,90.0,89.0,84.0,3193,3.4,3.1441065434515814
2025-07-31 12:54:56,89.0,89.0,80.0,87.0,84.0,87.0,86.0,87.0,82.0,3195,3.4,3.1478904186375187
2025-07-31 12:54:57,89.0,89.0,82.0,87.0,84.0,87.0,86.0,86.0,89.0,3187,3.4,3.1449649112582443
2025-07-31 12:54:58,90.0,90.0,80.0,89.0,82.0,89.0,87.0,86.0,90.0,3193,3.4,3.1395287104726526
2025-07-31 12:54:59,90.0,87.0,81.0,90.0,87.0,89.0,86.0,85.0,84.0,3197,3.4,3.137414965034531
2025-07-31 12:55:00,89.0,85.0,84.0,88.0,85.0,88.0,86.0,89.0,84.0,3197,3.4,3.1352642921145937
2025-07-31 12:55:01,91.0,85.0,86.0,87.0,84.0,87.0,89.0,91.0,85.0,3182,3.4,3.1288947052632614
2025-07-31 12:55:02,91.0,85.0,80.0,87.0,84.0,87.0,87.0,91.0,85.0,3182,3.4,3.1292135162953327
2025-07-31 12:55:04,90.0,84.0,81.0,86.0,88.0,89.0,86.0,86.0,90.0,3183,3.4,3.1261848034545676
2025-07-31 12:55:05,91.0,87.0,81.0,89.0,89.0,91.0,85.0,86.0,84.0,3182,3.4,3.121477497810077
2025-07-31 12:55:06,92.0,89.0,82.0,92.0,84.0,88.0,84.0,84.0,85.0,3187,3.4,3.12010459766174
2025-07-31 12:55:07,89.0,89.0,82.0,87.0,84.0,87.0,88.0,88.0,83.0,3193,3.4,3.1187080911491396
2025-07-31 12:55:08,91.0,86.0,80.0,89.0,84.0,87.0,90.0,91.0,87.0,3193,3.4,3.1122531207784503
2025-07-31 12:55:09,91.0,86.0,80.0,91.0,81.0,91.0,86.0,87.0,88.0,3210,3.4,3.1090960281398266
2025-07-31 12:55:10,88.0,86.0,84.0,87.0,87.0,88.0,86.0,86.0,88.0,3216,3.4,3.1041690522424683
2025-07-31 12:55:11,90.0,88.0,84.0,87.0,84.0,87.0,86.0,87.0,90.0,3220,3.4,3.098287893148659
2025-07-31 12:55:12,90.0,88.0,80.0,90.0,84.0,88.0,86.0,84.0,85.0,3221,3.4,3.098961538454357
2025-07-31 12:55:13,91.0,86.0,81.0,92.0,82.0,89.0,84.0,90.0,85.0,3225,3.4,3.0961542289136155
2025-07-31 12:55:14,90.0,84.0,79.0,86.0,85.0,87.0,87.0,90.0,85.0,3229,3.4,3.098212639998641
2025-07-31 12:55:15,90.0,85.0,79.0,86.0,87.0,90.0,89.0,86.0,85.0,3210,3.4,3.096767285393826
2025-07-31 12:55:16,91.0,87.0,82.0,87.0,84.0,91.0,90.0,86.0,89.0,3206,3.4,3.087689007943983
2025-07-31 12:55:17,91.0,89.0,84.0,91.0,84.0,88.0,86.0,86.0,85.0,3221,3.4,3.081013105226713
2025-07-31 12:55:18,89.0,89.0,84.0,87.0,85.0,87.0,84.0,84.0,84.0,3223,3.4,3.0817103184091255
2025-07-31 12:55:19,89.0,86.0,82.0,88.0,88.0,85.0,86.0,89.0,85.0,3216,3.4,3.0780691332960033
2025-07-31 12:55:20,90.0,86.0,81.0,87.0,90.0,90.0,85.0,90.0,85.0,3212,3.4,3.070105845377686
2025-07-31 12:55:21,93.0,85.0,79.0,92.0,84.0,93.0,87.0,88.0,84.0,3212,3.4,3.0636792246257714
2025-07-31 12:55:22,90.0,89.0,84.0,88.0,84.0,87.0,90.0,86.0,87.0,3214,3.4,3.0546028400066807
2025-07-31 12:55:23,88.0,87.0,82.0,88.0,88.0,88.0,87.0,84.0,85.0,3220,3.4,3.0503879985063174
2025-07-31 12:55:24,89.0,85.0,80.0,84.0,88.0,88.0,85.0,89.0,83.0,3227,3.4,3.051851031179505
2025-07-31 12:55:25,69.0,67.0,65.0,68.0,64.0,68.0,66.0,69.0,66.0,3225,3.4,3.17769491970171
2025-07-31 12:51:48,90.0,85.0,84.0,87.0,87.0,87.0,88.0,86.0,90.0,3110,3.4,3.1688399064898936
2025-07-31 12:51:49,90.0,85.0,82.0,90.0,84.0,89.0,89.0,88.0,85.0,3117,3.4,3.1618767205052642
2025-07-31 12:51:50,90.0,88.0,79.0,88.0,83.0,89.0,85.0,90.0,84.0,3130,3.4,3.1601234949749357
2025-07-31 12:51:51,88.0,88.0,80.0,88.0,81.0,87.0,85.0,86.0,87.0,3134,3.4,3.1618698627589006
2025-07-31 12:51:52,89.0,85.0,84.0,89.0,87.0,84.0,89.0,85.0,89.0,3148,3.4,3.1554040434092334
2025-07-31 12:51:53,90.0,82.0,85.0,90.0,84.0,88.0,90.0,87.0,84.0,3145,3.4,3.1507123727374124
2025-07-31 12:51:54,90.0,88.0,80.0,87.0,84.0,87.0,84.0,90.0,84.0,3159,3.4,3.1511433902002546
2025-07-31 12:51:55,88.0,86.0,80.0,88.0,86.0,87.0,86.0,87.0,87.0,3157,3.4,3.149133955306556
2025-07-31 12:51:56,90.0,85.0,82.0,90.0,88.0,88.0,86.0,85.0,88.0,3167,3.4,3.1430194129293327
2025-07-31 12:51:57,90.0,87.0,82.0,90.0,83.0,90.0,88.0,87.0,83.0,3159,3.4,3.1386144396764495
2025-07-31 12:51:58,91.0,90.0,80.0,88.0,84.0,87.0,86.0,91.0,85.0,3154,3.4,3.1334299408762196
2025-07-31 12:51:59,88.0,86.0,81.0,88.0,87.0,88.0,86.0,85.0,88.0,3145,3.4,3.1299850373790203
2025-07-31 12:52:00,89.0,84.0,81.0,90.0,88.0,88.0,88.0,85.0,86.0,3143,3.4,3.125795680470308
2025-07-31 12:52:01,90.0,85.0,84.0,90.0,83.0,89.0,86.0,87.0,83.0,3132,3.4,3.1242054343037897
2025-07-31 12:52:02,91.0,89.0,80.0,88.0,82.0,87.0,85.0,91.0,82.0,3121,3.4,3.125242900873203
2025-07-31 12:52:03,89.0,85.0,81.0,89.0,87.0,87.0,83.0,86.0,87.0,3112,3.4,3.1255942085500465
2025-07-31 12:52:04,90.0,83.0,82.0,90.0,84.0,89.0,89.0,84.0,86.0,3115,3.4,3.1244508989263937
2025-07-31 12:52:05,89.0,88.0,85.0,88.0,83.0,88.0,84.0,89.0,84.0,3114,3.4,3.1217984731230395
2025-07-31 12:52:06,91.0,87.0,81.0,89.0,81.0,87.0,86.0,91.0,83.0,3110,3.4,3.1226597150635773
2025-07-31 12:52:07,89.0,86.0,79.0,85.0,89.0,85.0,89.0,86.0,89.0,3112,3.4,3.1211899141078443
2025-07-31 12:52:08,90.0,85.0,84.0,90.0,84.0,90.0,89.0,85.0,84.0,3114,3.4,3.117382292344856
2025-07-31 12:52:09,90.0,88.0,80.0,90.0,84.0,88.0,86.0,83.0,85.0,3123,3.4,3.1195911843437756
2025-07-31 12:52:10,91.0,91.0,80.0,88.0,81.0,88.0,85.0,90.0,86.0,3132,3.4,3.117756585987343
2025-07-31 12:52:11,89.0,85.0,78.0,86.0,88.0,89.0,83.0,86.0,89.0,3141,3.4,3.1202160377614585
2025-07-31 12:52:12,91.0,86.0,84.0,90.0,83.0,91.0,88.0,86.0,84.0,3146,3.4,3.1160750163566195
2025-07-31 12:52:13,89.0,89.0,80.0,89.0,84.0,88.0,86.0,82.0,84.0,3154,3.4,3.1203651703695097
2025-07-31 12:52:14,90.0,86.0,80.0,87.0,85.0,87.0,85.0,90.0,87.0,3161,3.4,3.12052834922882
2025-07-31 12:52:15,90.0,85.0,78.0,87.0,87.0,90.0,88.0,87.0,90.0,3174,3.4,3.1165441512130383
2025-07-31 12:52:16,92.0,85.0,84.0,90.0,84.0,92.0,89.0,85.0,85.0,3176,3.4,3.11088016299131
2025-07-31 12:52:17,90.0,90.0,81.0,88.0,83.0,88.0,86.0,84.0,85.0,3176,3.4,3.112724923412492
2025-07-31 12:52:18,89.0,85.0,80.0,87.0,84.0,87.0,85.0,89.0,87.0,3174,3.4,3.115391092498737
2025-07-31 12:52:19,90.0,85.0,81.0,90.0,87.0,90.0,88.0,86.0,89.0,3189,3.4,3.1080150319141078
2025-07-31 12:52:20,92.0,87.0,84.0,92.0,83.0,87.0,90.0,85.0,83.0,3189,3.4,3.104763247572535
2025-07-31 12:52:22,91.0,91.0,80.0,88.0,84.0,87.0,85.0,82.0,85.0,3193,3.4,3.1089776317892164
2025-07-31 12:52:23,90.0,85.0,80.0,88.0,86.0,87.0,86.0,90.0,86.0,3193,3.4,3.108108418792952
2025-07-31 12:52:24,89.0,84.0,77.0,88.0,85.0,89.0,86.0,85.0,87.0,3195,3.4,3.113026797884486
2025-07-31 12:52:25,89.0,87.0,81.0,89.0,83.0,87.0,88.0,84.0,83.0,3189,3.4,3.1170354598601633
2025-07-31 12:52:26,89.0,88.0,85.0,87.0,83.0,87.0,86.0,85.0,85.0,3189,3.4,3.1176513479240344
2025-07-31 12:52:27,90.0,87.0,80.0,88.0,82.0,90.0,87.0,86.0,87.0,3183,3.4,3.1173819537677256
2025-07-31 12:52:28,92.0,85.0,80.0,90.0,87.0,92.0,89.0,89.0,88.0,3178,3.4,3.1062110791435096
2025-07-31 12:52:29,92.0,85.0,82.0,92.0,84.0,87.0,89.0,86.0,85.0,3165,3.4,3.103369821709403
2025-07-31 12:52:30,88.0,88.0,84.0,87.0,84.0,87.0,85.0,85.0,85.0,3161,3.4,3.1047123378179053
2025-07-31 12:52:31,91.0,91.0,81.0,88.0,82.0,88.0,86.0,86.0,83.0,3150,3.4,3.1060748924918387
2025-07-31 12:52:32,87.0,86.0,79.0,87.0,86.0,87.0,86.0,86.0,86.0,3148,3.4,3.109155163216606
2025-07-31 12:52:33,89.0,85.0,80.0,84.0,88.0,87.0,83.0,89.0,88.0,3135,3.4,3.111455973909733
2025-07-31 12:52:34,90.0,84.0,83.0,88.0,83.0,87.0,88.0,90.0,84.0,3132,3.4,3.111338989469039
2025-07-31 12:52:35,90.0,87.0,82.0,90.0,81.0,90.0,89.0,86.0,85.0,3132,3.4,3.1088177892232496
2025-07-31 12:52:36,89.0,87.0,79.0,89.0,84.0,86.0,84.0,84.0,84.0,3132,3.4,3.11726185357716
2025-07-31 12:52:37,91.0,86.0,84.0,88.0,84.0,87.0,85.0,91.0,85.0,3115,3.4,3.1149451023566908
2025-07-31 12:52:38,89.0,85.0,84.0,89.0,84.0,89.0,86.0,89.0,85.0,3123,3.4,3.1119390597442615
2025-07-31 12:52:39,91.0,84.0,85.0,91.0,83.0,91.0,82.0,90.0,82.0,3114,3.4,3.1115667794833155
2025-07-31 12:52:40,89.0,88.0,79.0,86.0,87.0,87.0,89.0,89.0,87.0,3114,3.4,3.1080027687821654
2025-07-31 12:52:41,90.0,88.0,79.0,86.0,83.0,86.0,90.0,88.0,85.0,3115,3.4,3.110437339746179
2025-07-31 12:52:42,90.0,85.0,81.0,90.0,83.0,88.0,86.0,90.0,85.0,3117,3.4,3.110508696056135
2025-07-31 12:52:43,91.0,85.0,84.0,87.0,84.0,89.0,91.0,86.0,84.0,3115,3.4,3.1090497157348977
2025-07-31 12:52:44,93.0,83.0,86.0,86.0,88.0,93.0,85.0,86.0,85.0,3119,3.4,3.1060608523386746
2025-07-31 12:52:45,90.0,87.0,80.0,90.0,89.0,87.0,85.0,85.0,87.0,3130,3.4,3.1048745807013733
2025-07-31 12:52:46,89.0,89.0,80.0,88.0,83.0,87.0,86.0,86.0,85.0,3130,3.4,3.108806927132353
2025-07-31 12:52:47,88.0,86.0,79.0,87.0,84.0,87.0,86.0,88.0,85.0,3139,3.4,3.11451539858365
2025-07-31 12:52:48,91.0,85.0,84.0,88.0,84.0,87.0,86.0,91.0,83.0,3145,3.4,3.1152864494885946
2025-07-31 12:52:49,90.0,85.0,84.0,90.0,87.0,85.0,86.0,86.0,87.0,3154,3.4,3.1144533139688737
2025-07-31 12:52:50,89.0,86.0,80.0,89.0,84.0,89.0,89.0,85.0,85.0,3161,3.4,3.1161679346686553
2025-07-31 12:52:51,91.0,91.0,79.0,86.0,83.0,91.0,86.0,85.0,85.0,3174,3.4,3.118741790704719
2025-07-31 12:52:52,90.0,86.0,80.0,85.0,87.0,87.0,86.0,90.0,83.0,3176,3.4,3.1229742108809337
2025-07-31 12:52:53,90.0,83.0,84.0,90.0,89.0,86.0,83.0,89.0,88.0,3191,3.4,3.12050469260625
2025-07-31 12:52:54,89.0,89.0,79.0,87.0,84.0,88.0,89.0,85.0,85.0,3191,3.4,3.1229928979106494
2025-07-31 12:52:55,92.0,86.0,80.0,88.0,84.0,92.0,86.0,87.0,85.0,3206,3.4,3.123753962049761
2025-07-31 12:52:56,90.0,86.0,83.0,89.0,87.0,87.0,85.0,90.0,83.0,3206,3.4,3.1227458374824733
2025-07-31 12:52:57,90.0,82.0,83.0,90.0,87.0,87.0,86.0,88.0,86.0,3218,3.4,3.122476263342743
2025-07-31 12:52:58,90.0,89.0,80.0,87.0,83.0,90.0,90.0,85.0,85.0,3220,3.4,3.1220754265478647
2025-07-31 12:52:59,93.0,87.0,81.0,87.0,84.0,93.0,85.0,87.0,85.0,3223,3.4,3.121537468096336
2025-07-31 12:53:00,90.0,85.0,84.0,90.0,85.0,87.0,84.0,88.0,82.0,3220,3.4,3.124198323699674
2025-07-31 12:53:01,90.0,82.0,82.0,90.0,88.0,86.0,87.0,90.0,85.0,3216,3.4,3.1225432387712138
2025-07-31 12:53:02,90.0,89.0,80.0,86.0,83.0,88.0,89.0,86.0,90.0,3208,3.4,3.1199256498420462
2025-07-31 12:53:03,89.0,86.0,81.0,87.0,84.0,89.0,86.0,87.0,85.0,3197,3.4,3.1222187793103844
2025-07-31 12:53:04,90.0,86.0,83.0,90.0,86.0,87.0,86.0,89.0,86.0,3189,3.4,3.1177526344755364
2025-07-31 12:53:05,90.0,87.0,83.0,90.0,89.0,85.0,87.0,90.0,86.0,3183,3.4,3.1098861693283273
2025-07-31 12:53:06,90.0,90.0,80.0,87.0,84.0,90.0,85.0,86.0,88.0,3178,3.4,3.1078268849483375
2025-07-31 12:53:07,88.0,86.0,81.0,88.0,83.0,87.0,86.0,87.0,86.0,3165,3.4,3.110753944395937
2025-07-31 12:53:08,90.0,85.0,84.0,90.0,89.0,86.0,89.0,90.0,87.0,3163,3.4,3.1003085588690245
2025-07-31 12:53:09,90.0,87.0,80.0,86.0,83.0,90.0,90.0,90.0,87.0,3145,3.4,3.095719568258669
2025-07-31 12:53:10,88.0,86.0,81.0,87.0,84.0,88.0,86.0,87.0,86.0,3141,3.4,3.097871246238174
2025-07-31 12:53:12,90.0,86.0,78.0,90.0,85.0,87.0,86.0,86.0,84.0,3132,3.4,3.1025916862657943
2025-07-31 12:53:13,91.0,87.0,84.0,91.0,89.0,86.0,87.0,89.0,87.0,3135,3.4,3.092355597070723
2025-07-31 12:53:14,88.0,87.0,79.0,86.0,84.0,88.0,88.0,88.0,86.0,3121,3.4,3.0938999161644403
2025-07-31 12:53:15,87.0,86.0,80.0,87.0,85.0,87.0,87.0,87.0,86.0,3115,3.4,3.096394588737924
2025-07-31 12:53:16,89.0,86.0,79.0,89.0,89.0,87.0,87.0,86.0,86.0,3099,3.4,3.095677176802033
2025-07-31 12:53:17,90.0,87.0,83.0,90.0,84.0,88.0,89.0,89.0,87.0,3099,3.4,3.088450774725035
2025-07-31 12:53:18,92.0,88.0,80.0,87.0,82.0,92.0,86.0,91.0,89.0,3087,3.4,3.083070259765312
2025-07-31 12:53:19,88.0,86.0,81.0,88.0,84.0,88.0,86.0,87.0,85.0,3089,3.4,3.0862494094906427
2025-07-31 12:53:20,92.0,86.0,84.0,92.0,89.0,88.0,84.0,86.0,85.0,3085,3.4,3.0821042587411625
2025-07-31 12:53:21,91.0,87.0,83.0,91.0,83.0,89.0,88.0,87.0,87.0,3082,3.4,3.077329061314989
2025-07-31 12:53:22,90.0,89.0,79.0,87.0,83.0,90.0,90.0,90.0,88.0,3082,3.4,3.071929195127024
2025-07-31 12:53:23,88.0,85.0,81.0,88.0,88.0,87.0,87.0,87.0,86.0,3083,3.4,3.072588653444909
2025-07-31 12:53:24,90.0,86.0,83.0,90.0,90.0,87.0,86.0,85.0,85.0,3083,3.4,3.07094415267022
2025-07-31 12:53:25,89.0,87.0,83.0,89.0,83.0,87.0,87.0,88.0,86.0,3068,3.4,3.0711776401594797
2025-07-31 12:53:26,90.0,88.0,79.0,87.0,83.0,90.0,88.0,90.0,89.0,3068,3.4,3.068314338074698
2025-07-31 12:53:27,89.0,87.0,80.0,88.0,89.0,87.0,86.0,87.0,85.0,3068,3.4,3.0698735480890784
2025-07-31 12:53:28,89.0,86.0,84.0,90.0,86.0,86.0,84.0,86.0,85.0,3064,3.4,3.073351336777977
2025-07-31 12:53:29,89.0,88.0,83.0,87.0,84.0,88.0,89.0,85.0,85.0,3068,3.4,3.075418059295626
2025-07-31 12:53:30,90.0,88.0,84.0,87.0,84.0,89.0,87.0,85.0,88.0,3071,3.4,3.0752247703248083
2025-07-31 12:53:31,90.0,85.0,82.0,90.0,84.0,89.0,86.0,84.0,86.0,3071,3.4,3.0802934776809203
2025-07-31 12:53:32,91.0,86.0,81.0,91.0,82.0,88.0,87.0,91.0,85.0,3083,3.4,3.0814267334031267
2025-07-31 12:53:33,89.0,89.0,80.0,87.0,87.0,86.0,89.0,87.0,85.0,3083,3.4,3.0836120760454397
2025-07-31 12:53:34,90.0,90.0,83.0,87.0,84.0,89.0,90.0,85.0,87.0,3092,3.4,3.0818329870354186
2025-07-31 12:53:35,88.0,85.0,85.0,88.0,84.0,87.0,86.0,87.0,88.0,3094,3.4,3.0844259145405446
2025-07-31 12:53:36,91.0,86.0,81.0,91.0,83.0,88.0,87.0,90.0,85.0,3114,3.4,3.0863707760989176
2025-07-31 12:53:37,91.0,88.0,80.0,87.0,87.0,85.0,89.0,91.0,85.0,3114,3.4,3.0876137615707027
2025-07-31 12:53:38,91.0,91.0,81.0,87.0,84.0,90.0,88.0,87.0,88.0,3121,3.4,3.085649912726771
2025-07-31 12:53:39,88.0,85.0,85.0,85.0,84.0,88.0,86.0,86.0,87.0,3128,3.4,3.0921597666897807
2025-07-31 12:53:40,91.0,87.0,81.0,91.0,84.0,87.0,83.0,88.0,85.0,3145,3.4,3.098774488884588
2025-07-31 12:53:41,90.0,89.0,80.0,87.0,87.0,86.0,89.0,90.0,83.0,3148,3.4,3.101265510709496
2025-07-31 12:53:42,91.0,91.0,83.0,87.0,84.0,90.0,86.0,86.0,87.0,3159,3.4,3.1013069326354015
2025-07-31 12:53:43,87.0,85.0,86.0,85.0,84.0,87.0,86.0,86.0,86.0,3165,3.4,3.108895172763528
2025-07-31 12:53:44,90.0,86.0,80.0,90.0,83.0,87.0,86.0,90.0,85.0,3170,3.4,3.114824769526125
2025-07-31 12:53:45,91.0,86.0,80.0,91.0,85.0,88.0,87.0,89.0,85.0,3176,3.4,3.117419413882153
2025-07-31 12:53:46,91.0,85.0,78.0,91.0,87.0,90.0,86.0,91.0,84.0,3189,3.4,3.1191652610372085
2025-07-31 12:53:47,93.0,84.0,84.0,89.0,84.0,93.0,88.0,86.0,85.0,3189,3.4,3.1200358350861457
2025-07-31 12:53:48,92.0,86.0,80.0,87.0,84.0,92.0,89.0,85.0,88.0,3208,3.4,3.122535708693486
2025-07-31 12:53:49,90.0,90.0,80.0,89.0,84.0,87.0,90.0,83.0,90.0,3206,3.4,3.123270395113485
2025-07-31 12:53:50,90.0,89.0,79.0,90.0,84.0,86.0,90.0,89.0,85.0,3218,3.4,3.124759403386578
2025-07-31 12:53:51,90.0,86.0,84.0,88.0,88.0,90.0,85.0,87.0,84.0,3221,3.4,3.1261307462294865
2025-07-31 12:53:52,89.0,85.0,85.0,87.0,84.0,89.0,86.0,86.0,84.0,3235,3.4,3.1323964529941324
2025-07-31 12:53:53,90.0,88.0,82.0,89.0,84.0,87.0,90.0,84.0,86.0,3239,3.4,3.1351599529345475
2025-07-31 12:53:54,90.0,87.0,79.0,90.0,84.0,85.0,89.0,89.0,88.0,3227,3.4,3.136921488537494
2025-07-31 12:53:55,90.0,89.0,82.0,88.0,87.0,90.0,85.0,86.0,84.0,3223,3.4,3.138555777994515
2025-07-31 12:53:56,89.0,86.0,86.0,89.0,84.0,88.0,87.0,86.0,85.0,3221,3.4,3.140071955238085
2025-07-31 12:53:57,87.0,86.0,81.0,87.0,84.0,86.0,87.0,84.0,85.0,3223,3.4,3.150676161386143
2025-07-31 12:53:58,90.0,85.0,86.0,84.0,86.0,86.0,89.0,89.0,90.0,3208,3.4,3.148631561020312
2025-07-31 12:53:59,91.0,88.0,80.0,90.0,88.0,91.0,90.0,91.0,84.0,3214,3.4,3.1406701077761223
2025-07-31 12:54:00,93.0,90.0,80.0,88.0,84.0,93.0,86.0,85.0,85.0,3197,3.4,3.141813961708936
2025-07-31 12:54:01,89.0,87.0,80.0,89.0,84.0,87.0,86.0,88.0,89.0,3191,3.4,3.143755774541823
2025-07-31 12:54:02,89.0,86.0,84.0,86.0,88.0,88.0,89.0,90.0,90.0,3191,3.4,3.136481081064738
2025-07-31 12:54:03,91.0,86.0,79.0,90.0,89.0,89.0,89.0,90.0,84.0,3199,3.4,3.133358956110005
2025-07-31 12:54:04,88.0,88.0,81.0,87.0,84.0,88.0,87.0,86.0,84.0,3189,3.4,3.1393830576295114
2025-07-31 12:54:05,89.0,89.0,81.0,87.0,84.0,88.0,85.0,87.0,85.0,3187,3.4,3.144554095091132
2025-07-31 12:54:06,89.0,89.0,81.0,87.0,83.0,87.0,87.0,89.0,84.0,3191,3.4,3.1488785210918064
2025-07-31 12:54:07,90.0,86.0,79.0,90.0,87.0,87.0,86.0,87.0,87.0,3191,3.4,3.1515201088872495
2025-07-31 12:54:09,91.0,85.0,83.0,88.0,89.0,91.0,86.0,86.0,88.0,3191,3.4,3.1482950494113098
2025-07-31 12:54:10,90.0,85.0,83.0,87.0,84.0,90.0,85.0,86.0,85.0,3189,3.4,3.1542520681315502
2025-07-31 12:54:11,90.0,85.0,84.0,87.0,84.0,90.0,88.0,84.0,85.0,3195,3.4,3.1585305460442927
2025-07-31 12:54:12,91.0,85.0,84.0,85.0,82.0,91.0,91.0,87.0,85.0,3191,3.4,3.16028744781007
2025-07-31 12:54:13,90.0,86.0,80.0,90.0,89.0,87.0,86.0,87.0,86.0,3191,3.4,3.1612009266841175
2025-07-31 12:54:14,90.0,85.0,82.0,85.0,90.0,87.0,87.0,84.0,86.0,3193,3.4,3.1662953636337376
2025-07-31 12:54:15,90.0,88.0,85.0,90.0,85.0,87.0,86.0,87.0,87.0,3197,3.4,3.163859373861316
2025-07-31 12:54:16,90.0,88.0,80.0,90.0,84.0,90.0,86.0,87.0,88.0,3191,3.4,3.1630785128368055
2025-07-31 12:54:17,90.0,89.0,86.0,90.0,87.0,87.0,84.0,85.0,85.0,3193,3.4,3.1622961580948923
2025-07-31 12:54:18,89.0,89.0,85.0,89.0,86.0,87.0,87.0,88.0,83.0,3195,3.4,3.1606714607118813
2025-07-31 12:54:19,90.0,85.0,84.0,88.0,89.0,87.0,89.0,90.0,84.0,3212,3.4,3.1573639480456355
2025-07-31 12:54:20,90.0,85.0,82.0,90.0,84.0,90.0,86.0,86.0,83.0,3206,3.4,3.162353207308704
2025-07-31 12:54:21,90.0,85.0,83.0,89.0,82.0,90.0,85.0,86.0,86.0,3220,3.4,3.1673022664825523
2025-07-31 12:54:22,90.0,84.0,84.0,87.0,82.0,88.0,86.0,87.0,90.0,3225,3.4,3.1705041242343013
2025-07-31 12:54:23,89.0,89.0,85.0,88.0,88.0,87.0,86.0,86.0,85.0,3245,3.4,3.168601501006867
2025-07-31 12:54:24,91.0,91.0,81.0,85.0,85.0,87.0,89.0,86.0,85.0,3237,3.4,3.170735990794354
2025-07-31 12:54:25,91.0,87.0,78.0,91.0,84.0,87.0,87.0,87.0,86.0,3237,3.4,3.17442356494701
2025-07-31 12:54:26,89.0,86.0,84.0,89.0,84.0,86.0,86.0,88.0,83.0,3235,3.4,3.1788300789721506
2025-07-31 12:54:27,91.0,86.0,81.0,87.0,88.0,90.0,84.0,92.0,89.0,3241,3.4,3.1739330738081986
2025-07-31 12:54:28,91.0,89.0,80.0,85.0,84.0,87.0,89.0,86.0,91.0,3247,3.4,3.173924313483181
2025-07-31 12:54:29,91.0,90.0,78.0,91.0,83.0,87.0,86.0,87.0,84.0,3256,3.4,3.177952606420641
2025-07-31 12:54:30,89.0,87.0,85.0,89.0,82.0,89.0,87.0,85.0,86.0,3272,3.4,3.178470843271278
2025-07-31 12:54:31,89.0,85.0,84.0,87.0,87.0,88.0,85.0,89.0,88.0,3268,3.4,3.1762721284102335
2025-07-31 12:54:32,89.0,85.0,80.0,86.0,87.0,89.0,87.0,86.0,88.0,3272,3.4,3.1780536523095786
2025-07-31 12:54:33,89.0,86.0,79.0,87.0,83.0,88.0,89.0,87.0,85.0,3262,3.4,3.182969692399866
2025-07-31 12:54:34,90.0,87.0,79.0,87.0,84.0,87.0,90.0,86.0,85.0,3268,3.4,3.1868715015210323
2025-07-31 12:54:35,89.0,89.0,79.0,85.0,87.0,87.0,86.0,85.0,83.0,3270,3.4,3.1939264767994606
2025-07-31 12:54:36,89.0,88.0,80.0,89.0,87.0,89.0,86.0,85.0,86.0,3270,3.4,3.193264982128774
2025-07-31 12:54:37,89.0,87.0,80.0,89.0,83.0,89.0,84.0,88.0,87.0,3251,3.4,3.1949207149755994
2025-07-31 12:54:38,90.0,90.0,83.0,89.0,88.0,89.0,88.0,85.0,83.0,3253,3.4,3.1897471553528915
2025-07-31 12:54:39,92.0,86.0,82.0,87.0,84.0,92.0,86.0,86.0,88.0,3243,3.4,3.187771659040569
2025-07-31 12:54:40,89.0,89.0,80.0,88.0,84.0,88.0,83.0,84.0,89.0,3239,3.4,3.1906895820015126
2025-07-31 12:54:41,91.0,86.0,82.0,87.0,84.0,88.0,91.0,90.0,86.0,3239,3.4,3.1859747442793114
2025-07-31 12:54:42,90.0,84.0,82.0,89.0,87.0,88.0,85.0,90.0,84.0,3247,3.4,3.1853273998778078
2025-07-31 12:54:43,92.0,89.0,84.0,90.0,84.0,92.0,85.0,85.0,83.0,3241,3.4,3.1820369776359927
2025-07-31 12:54:44,89.0,88.0,81.0,88.0,85.0,87.0,84.0,86.0,89.0,3239,3.4,3.1819699494313927
2025-07-31 12:54:45,90.0,85.0,80.0,85.0,86.0,86.0,89.0,90.0,86.0,3243,3.4,3.182622139125361
2025-07-31 12:54:46,90.0,85.0,81.0,90.0,88.0,90.0,87.0,90.0,84.0,3245,3.4,3.1764593189123413
2025-07-31 12:54:47,89.0,89.0,84.0,87.0,84.0,88.0,85.0,85.0,83.0,3239,3.4,3.178519515831244
2025-07-31 12:54:48,89.0,86.0,82.0,88.0,84.0,88.0,86.0,87.0,89.0,3241,3.4,3.176279951273179
2025-07-31 12:54:49,90.0,86.0,81.0,85.0,87.0,85.0,90.0,87.0,90.0,3239,3.4,3.173077945682297
2025-07-31 12:54:50,90.0,88.0,82.0,90.0,87.0,90.0,87.0,90.0,84.0,3229,3.4,3.1638988917412365
2025-07-31 12:54:51,91.0,91.0,84.0,87.0,84.0,87.0,86.0,87.0,85.0,3223,3.4,3.1604681274576025
2025-07-31 12:54:52,88.0,87.0,82.0,87.0,85.0,87.0,86.0,87.0,88.0,3216,3.4,3.1586209550737596
2025-07-31 12:54:53,90.0,87.0,81.0,90.0,82.0,85.0,90.0,86.0,90.0,3212,3.4,3.1550275380024555
2025-07-31 12:54:54,89.0,83.0,80.0,89.0,86.0,89.0,88.0,87.0,84.0,3199,3.4,3.1555501072326413
2025-07-31 12:54:55,91.0,87.0,80.0,91.0,89.0,87.0,90.0,89.0,84.0,3193,3.4,3.1468479609629503
2025-07-31 12:54:56,89.0,89.0,80.0,87.0,84.0,87.0,86.0,87.0,82.0,3195,3.4,3.150667660191369
2025-07-31 12:54:57,89.0,89.0,82.0,87.0,84.0,87.0,86.0,86.0,89.0,3187,3.4,3.147776593986695
2025-07-31 12:54:58,90.0,90.0,80.0,89.0,82.0,89.0,87.0,86.0,90.0,3193,3.4,3.1423741209843055
2025-07-31 12:54:59,90.0,87.0,81.0,90.0,87.0,89.0,86.0,85.0,84.0,3197,3.4,3.140293101451554
2025-07-31 12:55:00,89.0,85.0,84.0,88.0,85.0,88.0,86.0,89.0,84.0,3197,3.4,3.1381750632116456
2025-07-31 12:55:01,91.0,85.0,86.0,87.0,84.0,87.0,89.0,91.0,85.0,3182,3.4,3.1318382831404006
2025-07-31 12:55:02,91.0,85.0,80.0,87.0,84.0,87.0,87.0,91.0,85.0,3182,3.4,3.1321872151050614
2025-07-31 12:55:04,90.0,84.0,81.0,86.0,88.0,89.0,86.0,86.0,90.0,3183,3.4,3.129189117002066
2025-07-31 12:55:05,91.0,87.0,81.0,89.0,89.0,91.0,85.0,86.0,84.0,3182,3.4,3.1245110646963257
2025-07-31 12:55:06,92.0,89.0,82.0,92.0,84.0,88.0,84.0,84.0,85.0,3187,3.4,3.123167253918968
2025-07-31 12:55:07,89.0,89.0,82.0,87.0,84.0,87.0,88.0,88.0,83.0,3193,3.4,3.1217987894581136
2025-07-31 12:55:08,91.0,86.0,80.0,89.0,84.0,87.0,90.0,91.0,87.0,3193,3.4,3.115372493111738
2025-07-31 12:55:09,91.0,86.0,80.0,91.0,81.0,91.0,86.0,87.0,88.0,3210,3.4,3.112239424696675
2025-07-31 12:55:10,88.0,86.0,84.0,87.0,87.0,88.0,86.0,86.0,88.0,3216,3.4,3.1073389607200586
2025-07-31 12:55:11,90.0,88.0,84.0,87.0,84.0,87.0,86.0,87.0,90.0,3220,3.4,3.1014817858928705
2025-07-31 12:55:12,90.0,88.0,80.0,90.0,84.0,88.0,86.0,84.0,85.0,3221,3.4,3.1021800600557223
2025-07-31 12:55:13,91.0,86.0,81.0,92.0,82.0,89.0,84.0,90.0,85.0,3225,3.4,3.0993956162650185
2025-07-31 12:55:14,90.0,84.0,79.0,86.0,85.0,87.0,87.0,90.0,85.0,3229,3.4,3.1014781738144013
2025-07-31 12:55:15,90.0,85.0,79.0,86.0,87.0,90.0,89.0,86.0,85.0,3210,3.4,3.100053104280842
2025-07-31 12:55:16,91.0,87.0,82.0,87.0,84.0,91.0,90.0,86.0,89.0,3206,3.4,3.0909963304024863
2025-07-31 12:55:17,91.0,89.0,84.0,91.0,84.0,88.0,86.0,86.0,85.0,3221,3.4,3.0843408346895678
2025-07-31 12:55:18,89.0,89.0,84.0,87.0,85.0,87.0,84.0,84.0,84.0,3223,3.4,3.0850562537971555
2025-07-31 12:55:19,89.0,86.0,82.0,88.0,88.0,85.0,86.0,89.0,85.0,3216,3.4,3.0814339305267113
2025-07-31 12:55:20,90.0,86.0,81.0,87.0,90.0,90.0,85.0,90.0,85.0,3212,3.4,3.073488285597617
2025-07-31 12:55:21,93.0,85.0,79.0,92.0,84.0,93.0,87.0,88.0,84.0,3212,3.4,3.0670773111830374
2025-07-31 12:55:22,90.0,89.0,84.0,88.0,84.0,87.0,90.0,86.0,87.0,3214,3.4,3.05801586539628
2025-07-31 12:55:23,88.0,87.0,82.0,88.0,88.0,88.0,87.0,84.0,85.0,3220,3.4,3.0538161632889653
2025-07-31 12:55:24,89.0,85.0,80.0,84.0,88.0,88.0,85.0,89.0,83.0,3227,3.4,3.055293519975146
2025-07-31 12:55:25,69.0,67.0,65.0,68.0,64.0,68.0,66.0,69.0,66.0,3225,3.4,3.1811507978165237
2025-07-31 12:51:48,90.0,85.0,84.0,87.0,87.0,87.0,88.0,86.0,90.0,3110,3.4,3.172307524396339
2025-07-31 12:51:49,90.0,85.0,82.0,90.0,84.0,89.0,89.0,88.0,85.0,3117,3.4,3.1653545251647657
2025-07-31 12:51:50,90.0,88.0,79.0,88.0,83.0,89.0,85.0,90.0,84.0,3130,3.4,3.163611931855112
2025-07-31 12:51:51,88.0,88.0,80.0,88.0,81.0,87.0,85.0,86.0,87.0,3134,3.4,3.165368851022957
2025-07-31 12:51:52,89.0,85.0,84.0,89.0,87.0,84.0,89.0,85.0,89.0,3148,3.4,3.15891026490675
2025-07-31 12:51:53,90.0,82.0,85.0,90.0,84.0,88.0,90.0,87.0,84.0,3145,3.4,3.1542249340329214
2025-07-31 12:51:54,90.0,88.0,80.0,87.0,84.0,87.0,84.0,90.0,84.0,3159,3.4,3.154663598070178
2025-07-31 12:51:55,88.0,86.0,80.0,88.0,86.0,87.0,86.0,87.0,87.0,3157,3.4,3.1526602637243095
2025-07-31 12:51:56,90.0,85.0,82.0,90.0,88.0,88.0,86.0,85.0,88.0,3167,3.4,3.146548326210872
2025-07-31 12:51:57,90.0,87.0,82.0,90.0,83.0,90.0,88.0,87.0,83.0,3159,3.4,3.142146403191404
2025-07-31 12:51:58,91.0,90.0,80.0,88.0,84.0,87.0,86.0,91.0,85.0,3154,3.4,3.1369651545066697
2025-07-31 12:51:59,88.0,86.0,81.0,88.0,87.0,88.0,86.0,85.0,88.0,3145,3.4,3.1335229414047854
2025-07-31 12:52:00,89.0,84.0,81.0,90.0,88.0,88.0,88.0,85.0,86.0,3143,3.4,3.129332049067691
2025-07-31 12:52:01,90.0,85.0,84.0,90.0,83.0,89.0,86.0,87.0,83.0,3132,3.4,3.127739837567352
2025-07-31 12:52:02,91.0,89.0,80.0,88.0,82.0,87.0,85.0,91.0,82.0,3121,3.4,3.1287747236969032
2025-07-31 12:52:03,89.0,85.0,81.0,89.0,87.0,87.0,83.0,86.0,87.0,3112,3.4,3.1291241369687786
2025-07-31 12:52:04,90.0,83.0,82.0,90.0,84.0,89.0,89.0,84.0,86.0,3115,3.4,3.1279756738540283
2025-07-31 12:52:05,89.0,88.0,85.0,88.0,83.0,88.0,84.0,89.0,84.0,3114,3.4,3.1253202793914467
2025-07-31 12:52:06,91.0,87.0,81.0,89.0,81.0,87.0,86.0,91.0,83.0,3110,3.4,3.126174195769178
2025-07-31 12:52:07,89.0,86.0,79.0,85.0,89.0,85.0,89.0,86.0,89.0,3112,3.4,3.1246968162460247
2025-07-31 12:52:08,90.0,85.0,84.0,90.0,84.0,90.0,89.0,85.0,84.0,3114,3.4,3.120882720627033
2025-07-31 12:52:09,90.0,88.0,80.0,90.0,84.0,88.0,86.0,83.0,85.0,3123,3.4,3.123080487115475
2025-07-31 12:52:10,91.0,91.0,80.0,88.0,81.0,88.0,85.0,90.0,86.0,3132,3.4,3.121236144476117
2025-07-31 12:52:11,89.0,85.0,78.0,86.0,88.0,89.0,83.0,86.0,89.0,3141,3.4,3.123682364176066
2025-07-31 12:52:12,91.0,86.0,84.0,90.0,83.0,91.0,88.0,86.0,84.0,3146,3.4,3.1195298866311716
2025-07-31 12:52:13,89.0,89.0,80.0,89.0,84.0,88.0,86.0,82.0,84.0,3154,3.4,3.1238059561386375
2025-07-31 12:52:14,90.0,86.0,80.0,87.0,85.0,87.0,85.0,90.0,87.0,3161,3.4,3.1239544708853355
2025-07-31 12:52:15,90.0,85.0,78.0,87.0,87.0,90.0,88.0,87.0,90.0,3174,3.4,3.119953288362368
2025-07-31 12:52:16,92.0,85.0,84.0,90.0,84.0,92.0,89.0,85.0,85.0,3176,3.4,3.11427274053776
2025-07-31 12:52:17,90.0,90.0,81.0,88.0,83.0,88.0,86.0,84.0,85.0,3176,3.4,3.116098663358332
2025-07-31 12:52:18,89.0,85.0,80.0,87.0,84.0,87.0,85.0,89.0,87.0,3174,3.4,3.1187437984118334
2025-07-31 12:52:19,90.0,85.0,81.0,90.0,87.0,90.0,88.0,86.0,89.0,3189,3.4,3.1113466212891345
2025-07-31 12:52:20,92.0,87.0,84.0,92.0,83.0,87.0,90.0,85.0,83.0,3189,3.4,3.1080729784617476
2025-07-31 12:52:22,91.0,91.0,80.0,88.0,84.0,87.0,85.0,82.0,85.0,3193,3.4,3.112264427885829
2025-07-31 12:52:23,90.0,85.0,80.0,88.0,86.0,87.0,86.0,90.0,86.0,3193,3.4,3.1113714970638124
2025-07-31 12:52:24,89.0,84.0,77.0,88.0,85.0,89.0,86.0,85.0,87.0,3195,3.4,3.1162633268933075
2025-07-31 12:52:25,89.0,87.0,81.0,89.0,83.0,87.0,88.0,84.0,83.0,3189,3.4,3.120246593898172
2025-07-31 12:52:26,89.0,88.0,85.0,87.0,83.0,87.0,86.0,85.0,85.0,3189,3.4,3.120834489915465
2025-07-31 12:52:27,90.0,87.0,80.0,88.0,82.0,90.0,87.0,86.0,87.0,3183,3.4,3.1205366813961923
2025-07-31 12:52:28,92.0,85.0,80.0,90.0,87.0,92.0,89.0,89.0,88.0,3178,3.4,3.10933324811188
2025-07-31 12:52:29,92.0,85.0,82.0,92.0,84.0,87.0,89.0,86.0,85.0,3165,3.4,3.1064607417717505
2025-07-31 12:52:30,88.0,88.0,84.0,87.0,84.0,87.0,85.0,85.0,85.0,3161,3.4,3.1077725101468485
2025-07-31 12:52:31,91.0,91.0,81.0,88.0,82.0,88.0,86.0,86.0,83.0,3150,3.4,3.1090992462134617
2025-07-31 12:52:32,87.0,86.0,79.0,87.0,86.0,87.0,86.0,86.0,86.0,3148,3.4,3.1121435574522534
2025-07-31 12:52:33,89.0,85.0,80.0,84.0,88.0,87.0,83.0,89.0,88.0,3135,3.4,3.1144086501784884
2025-07-31 12:52:34,90.0,84.0,83.0,88.0,83.0,87.0,88.0,90.0,84.0,3132,3.4,3.114255133801148
2025-07-31 12:52:35,90.0,87.0,82.0,90.0,81.0,90.0,89.0,86.0,85.0,3132,3.4,3.111694251012541
2025-07-31 12:52:36,89.0,87.0,79.0,89.0,84.0,86.0,84.0,84.0,84.0,3132,3.4,3.120097761887996
2025-07-31 12:52:37,91.0,86.0,84.0,88.0,84.0,87.0,85.0,91.0,85.0,3115,3.4,3.1177386258557753
2025-07-31 12:52:38,89.0,85.0,84.0,89.0,84.0,89.0,86.0,89.0,85.0,3123,3.4,3.1146926428777175
2025-07-31 12:52:39,91.0,84.0,85.0,91.0,83.0,91.0,82.0,90.0,82.0,3114,3.4,3.114277892007848
2025-07-31 12:52:40,89.0,88.0,79.0,86.0,87.0,87.0,89.0,89.0,87.0,3114,3.4,3.1106675716157794
2025-07-31 12:52:41,90.0,88.0,79.0,86.0,83.0,86.0,90.0,88.0,85.0,3115,3.4,3.113056209667435
2025-07-31 12:52:42,90.0,85.0,81.0,90.0,83.0,88.0,86.0,90.0,85.0,3117,3.4,3.1130807387036037
2025-07-31 12:52:43,91.0,85.0,84.0,87.0,84.0,89.0,91.0,86.0,84.0,3115,3.4,3.111572253508662
2025-07-31 12:52:44,93.0,83.0,86.0,86.0,88.0,93.0,85.0,86.0,85.0,3119,3.4,3.1085369165349306
2025-07-31 12:52:45,90.0,87.0,80.0,90.0,89.0,87.0,85.0,85.0,87.0,3130,3.4,3.1073018551168534
2025-07-31 12:52:46,89.0,89.0,80.0,88.0,83.0,87.0,86.0,86.0,85.0,3130,3.4,3.111183219973494
2025-07-31 12:52:47,88.0,86.0,79.0,87.0,84.0,87.0,86.0,88.0,85.0,3139,3.4,3.116837799078519
2025-07-31 12:52:48,91.0,85.0,84.0,88.0,84.0,87.0,86.0,91.0,83.0,3145,3.4,3.117556492554615
2025-07-31 12:52:49,90.0,85.0,84.0,90.0,87.0,85.0,86.0,86.0,87.0,3154,3.4,3.116668119922572
2025-07-31 12:52:50,89.0,86.0,80.0,89.0,84.0,89.0,89.0,85.0,85.0,3161,3.4,3.1183267744633456
2025-07-31 12:52:51,91.0,91.0,79.0,86.0,83.0,91.0,86.0,85.0,85.0,3174,3.4,3.120842865246236
2025-07-31 12:52:52,90.0,86.0,80.0,85.0,87.0,87.0,86.0,90.0,83.0,3176,3.4,3.125018451906093
2025-07-31 12:52:53,90.0,83.0,84.0,90.0,89.0,86.0,83.0,89.0,88.0,3191,3.4,3.122490489894953
2025-07-31 12:52:54,89.0,89.0,79.0,87.0,84.0,88.0,89.0,85.0,85.0,3191,3.4,3.1249217650459262
2025-07-31 12:52:55,92.0,86.0,80.0,88.0,84.0,92.0,86.0,87.0,85.0,3206,3.4,3.125622241740783
2025-07-31 12:52:56,90.0,86.0,83.0,89.0,87.0,87.0,85.0,90.0,83.0,3206,3.4,3.124553008413981
2025-07-31 12:52:57,90.0,82.0,83.0,90.0,87.0,87.0,86.0,88.0,86.0,3218,3.4,3.1242203256122547
2025-07-31 12:52:58,90.0,89.0,80.0,87.0,83.0,90.0,90.0,85.0,85.0,3220,3.4,3.12375796699625
2025-07-31 12:52:59,93.0,87.0,81.0,87.0,84.0,93.0,85.0,87.0,85.0,3223,3.4,3.123156645245111
2025-07-31 12:53:00,90.0,85.0,84.0,90.0,85.0,87.0,84.0,88.0,82.0,3220,3.4,3.1257539251031816
2025-07-31 12:53:01,90.0,82.0,82.0,90.0,88.0,86.0,87.0,90.0,85.0,3216,3.4,3.1240335734689797
2025-07-31 12:53:02,90.0,89.0,80.0,86.0,83.0,88.0,89.0,86.0,90.0,3208,3.4,3.1213511968750924
2025-07-31 12:53:03,89.0,86.0,81.0,87.0,84.0,89.0,86.0,87.0,85.0,3197,3.4,3.123579997437562
2025-07-31 12:53:04,90.0,86.0,83.0,90.0,86.0,87.0,86.0,89.0,86.0,3189,3.4,3.1190462299281485
2025-07-31 12:53:05,90.0,87.0,83.0,90.0,89.0,85.0,87.0,90.0,86.0,3183,3.4,3.111112129583274
2025-07-31 12:53:06,90.0,90.0,80.0,87.0,84.0,90.0,85.0,86.0,88.0,3178,3.4,3.1089862230323795
2025-07-31 12:53:07,88.0,86.0,81.0,88.0,83.0,87.0,86.0,87.0,86.0,3165,3.4,3.111843425425741
2025-07-31 12:53:08,90.0,85.0,84.0,90.0,89.0,86.0,89.0,90.0,87.0,3163,3.4,3.101331439914816
2025-07-31 12:53:09,90.0,87.0,80.0,86.0,83.0,90.0,90.0,90.0,87.0,3145,3.4,3.096673526990482
2025-07-31 12:53:10,88.0,86.0,81.0,87.0,84.0,88.0,86.0,87.0,86.0,3141,3.4,3.09875500223089
2025-07-31 12:53:12,90.0,86.0,78.0,90.0,85.0,87.0,86.0,86.0,84.0,3132,3.4,3.103407204990711
2025-07-31 12:53:13,91.0,87.0,84.0,91.0,89.0,86.0,87.0,89.0,87.0,3135,3.4,3.0931025007604056
2025-07-31 12:53:14,88.0,87.0,79.0,86.0,84.0,88.0,88.0,88.0,86.0,3121,3.4,3.094576754057085
2025-07-31 12:53:15,87.0,86.0,80.0,87.0,85.0,87.0,87.0,87.0,86.0,3115,3.4,3.0970034571014478
2025-07-31 12:53:16,89.0,86.0,79.0,89.0,89.0,87.0,87.0,86.0,86.0,3099,3.4,3.096217558567441
2025-07-31 12:53:17,90.0,87.0,83.0,90.0,84.0,88.0,89.0,89.0,87.0,3099,3.4,3.0889239620674904
2025-07-31 12:53:18,92.0,88.0,80.0,87.0,82.0,92.0,86.0,91.0,89.0,3087,3.4,3.083473343737574
2025-07-31 12:53:19,88.0,86.0,81.0,88.0,84.0,88.0,86.0,87.0,85.0,3089,3.4,3.086586338889671
2025-07-31 12:53:20,92.0,86.0,84.0,92.0,89.0,88.0,84.0,86.0,85.0,3085,3.4,3.082372552755085
2025-07-31 12:53:21,91.0,87.0,83.0,91.0,83.0,89.0,88.0,87.0,87.0,3082,3.4,3.0775306372326727
2025-07-31 12:53:22,90.0,89.0,79.0,87.0,83.0,90.0,90.0,90.0,88.0,3082,3.4,3.07206341402066
2025-07-31 12:53:23,88.0,85.0,81.0,88.0,88.0,87.0,87.0,87.0,86.0,3083,3.4,3.0726582551343533
2025-07-31 12:53:24,90.0,86.0,83.0,90.0,90.0,87.0,86.0,85.0,85.0,3083,3.4,3.070950174061501
2025-07-31 12:53:25,89.0,87.0,83.0,89.0,83.0,87.0,87.0,88.0,86.0,3068,3.4,3.071120168026165
2025-07-31 12:53:26,90.0,88.0,79.0,87.0,83.0,90.0,88.0,90.0,89.0,3068,3.4,3.0681921986932825
2025-07-31 12:53:27,89.0,87.0,80.0,88.0,89.0,87.0,86.0,87.0,85.0,3068,3.4,3.0696920163303543
2025-07-31 12:53:28,89.0,86.0,84.0,90.0,86.0,86.0,84.0,86.0,85.0,3064,3.4,3.0731102022126224
2025-07-31 12:53:29,89.0,88.0,83.0,87.0,84.0,88.0,89.0,85.0,85.0,3068,3.4,3.075117967807242
2025-07-31 12:53:30,90.0,88.0,84.0,87.0,84.0,89.0,87.0,85.0,88.0,3071,3.4,3.074868458333827
2025-07-31 12:53:31,90.0,85.0,82.0,90.0,84.0,89.0,86.0,84.0,86.0,3071,3.4,3.0798811795826775
2025-07-31 12:53:32,91.0,86.0,81.0,91.0,82.0,88.0,87.0,91.0,85.0,3083,3.4,3.080962478946961
2025-07-31 12:53:33,89.0,89.0,80.0,87.0,87.0,86.0,89.0,87.0,85.0,3083,3.4,3.0830963926879416
2025-07-31 12:53:34,90.0,90.0,83.0,87.0,84.0,89.0,90.0,85.0,87.0,3092,3.4,3.08126863546598
2025-07-31 12:53:35,88.0,85.0,85.0,88.0,84.0,87.0,86.0,87.0,88.0,3094,3.4,3.0838144729800865
2025-07-31 12:53:36,91.0,86.0,81.0,91.0,83.0,88.0,87.0,90.0,85.0,3114,3.4,3.0857161390440475
2025-07-31 12:53:37,91.0,88.0,80.0,87.0,87.0,85.0,89.0,91.0,85.0,3114,3.4,3.0869182702255586
2025-07-31 12:53:38,91.0,91.0,81.0,87.0,84.0,90.0,88.0,87.0,88.0,3121,3.4,3.0849164290369946
2025-07-31 12:53:39,88.0,85.0,85.0,85.0,84.0,88.0,86.0,86.0,87.0,3128,3.4,3.091392325341516
2025-07-31 12:53:40,91.0,87.0,81.0,91.0,84.0,87.0,83.0,88.0,85.0,3145,3.4,3.097974152857474
2025-07-31 12:53:41,90.0,89.0,80.0,87.0,87.0,86.0,89.0,90.0,83.0,3148,3.4,3.1004386739449137
2025-07-31 12:53:42,91.0,91.0,83.0,87.0,84.0,90.0,86.0,86.0,87.0,3159,3.4,3.1004533670088463
2025-07-31 12:53:43,87.0,85.0,86.0,85.0,84.0,87.0,86.0,86.0,86.0,3165,3.4,3.108021547497567
2025-07-31 12:53:44,90.0,86.0,80.0,90.0,83.0,87.0,86.0,90.0,85.0,3170,3.4,3.113936137339808
2025-07-31 12:53:45,91.0,86.0,80.0,91.0,85.0,88.0,87.0,89.0,85.0,3176,3.4,3.1165158832546496
2025-07-31 12:53:46,91.0,85.0,78.0,91.0,87.0,90.0,86.0,91.0,84.0,3189,3.4,3.118255986413384
2025-07-31 12:53:47,93.0,84.0,84.0,89.0,84.0,93.0,88.0,86.0,85.0,3189,3.4,3.1191226583557037
2025-07-31 12:53:48,92.0,86.0,80.0,87.0,84.0,92.0,89.0,85.0,88.0,3208,3.4,3.1216234492237813
2025-07-31 12:53:49,90.0,90.0,80.0,89.0,84.0,87.0,90.0,83.0,90.0,3206,3.4,3.122367779568426
2025-07-31 12:53:50,90.0,89.0,79.0,90.0,84.0,86.0,90.0,89.0,85.0,3218,3.4,3.1238674488019598
2025-07-31 12:53:51,90.0,86.0,84.0,88.0,88.0,90.0,85.0,87.0,84.0,3221,3.4,3.125258482113263
2025-07-31 12:53:52,89.0,85.0,85.0,87.0,84.0,89.0,86.0,86.0,84.0,3235,3.4,3.1315470930171947
2025-07-31 12:53:53,90.0,88.0,82.0,89.0,84.0,87.0,90.0,84.0,86.0,3239,3.4,3.1343430413920474
2025-07-31 12:53:54,90.0,87.0,79.0,90.0,84.0,85.0,89.0,89.0,88.0,3227,3.4,3.1361448731130466
2025-07-31 12:53:55,90.0,89.0,82.0,88.0,87.0,90.0,85.0,86.0,84.0,3223,3.4,3.137823184388098
2025-07-31 12:53:56,89.0,86.0,86.0,89.0,84.0,88.0,87.0,86.0,85.0,3221,3.4,3.139391489801732
2025-07-31 12:53:57,87.0,86.0,81.0,87.0,84.0,86.0,87.0,84.0,85.0,3223,3.4,3.150055192357393
2025-07-31 12:53:58,90.0,85.0,86.0,84.0,86.0,86.0,89.0,89.0,90.0,3208,3.4,3.1480796192042466
2025-07-31 12:53:59,91.0,88.0,80.0,90.0,88.0,91.0,90.0,91.0,84.0,3214,3.4,3.1401942466408577
2025-07-31 12:54:00,93.0,90.0,80.0,88.0,84.0,93.0,86.0,85.0,85.0,3197,3.4,3.1414251498879446
2025-07-31 12:54:01,89.0,87.0,80.0,89.0,84.0,87.0,86.0,88.0,89.0,3191,3.4,3.143460661683459
2025-07-31 12:54:02,89.0,86.0,84.0,86.0,88.0,88.0,89.0,90.0,90.0,3191,3.4,3.1362896183613365
2025-07-31 12:54:03,91.0,86.0,79.0,90.0,89.0,89.0,89.0,90.0,84.0,3199,3.4,3.1332814548532104
2025-07-31 12:54:04,88.0,88.0,81.0,87.0,84.0,88.0,87.0,86.0,84.0,3189,3.4,3.139429351065093
2025-07-31 12:54:05,89.0,89.0,81.0,87.0,84.0,88.0,85.0,87.0,85.0,3187,3.4,3.1447336627080547
2025-07-31 12:54:06,89.0,89.0,81.0,87.0,83.0,87.0,87.0,89.0,84.0,3191,3.4,3.1492072227412815
2025-07-31 12:54:07,90.0,86.0,79.0,90.0,87.0,87.0,86.0,87.0,87.0,3191,3.4,3.1520048753005736
2025-07-31 12:54:09,91.0,85.0,83.0,88.0,89.0,91.0,86.0,86.0,88.0,3191,3.4,3.148948505103427
2025-07-31 12:54:10,90.0,85.0,83.0,87.0,84.0,90.0,85.0,86.0,85.0,3189,3.4,3.155085937857419
2025-07-31 12:54:11,90.0,85.0,84.0,87.0,84.0,90.0,88.0,84.0,85.0,3195,3.4,3.1595636393636544
2025-07-31 12:54:12,91.0,85.0,84.0,85.0,82.0,91.0,91.0,87.0,85.0,3191,3.4,3.1615272929474916
2025-07-31 12:54:13,90.0,86.0,80.0,90.0,89.0,87.0,86.0,87.0,86.0,3191,3.4,3.162664371598794
2025-07-31 12:54:14,90.0,85.0,82.0,85.0,90.0,87.0,87.0,84.0,86.0,3193,3.4,3.1679941757404184
2025-07-31 12:54:15,90.0,88.0,85.0,90.0,85.0,87.0,86.0,87.0,87.0,3197,3.4,3.165809932005805
2025-07-31 12:54:16,90.0,88.0,80.0,90.0,84.0,90.0,86.0,87.0,88.0,3191,3.4,3.1652962630544157
2025-07-31 12:54:17,90.0,89.0,86.0,90.0,87.0,87.0,84.0,85.0,85.0,3193,3.4,3.164798451504511
2025-07-31 12:54:18,89.0,89.0,85.0,89.0,86.0,87.0,87.0,88.0,83.0,3195,3.4,3.163474325782374
2025-07-31 12:54:19,90.0,85.0,84.0,88.0,89.0,87.0,89.0,90.0,84.0,3212,3.4,3.1604835499208956
2025-07-31 12:54:20,90.0,85.0,82.0,90.0,84.0,90.0,86.0,86.0,83.0,3206,3.4,3.1658103206629913
2025-07-31 12:54:21,90.0,85.0,83.0,89.0,82.0,90.0,85.0,86.0,86.0,3220,3.4,3.1711128403256903
2025-07-31 12:54:22,90.0,84.0,84.0,87.0,82.0,88.0,86.0,87.0,90.0,3225,3.4,3.174687455412445
2025-07-31 12:54:23,89.0,89.0,85.0,88.0,88.0,87.0,86.0,86.0,85.0,3245,3.4,3.1731786370246855
2025-07-31 12:54:24,91.0,91.0,81.0,85.0,85.0,87.0,89.0,86.0,85.0,3237,3.4,3.1757275592919294
2025-07-31 12:54:25,91.0,87.0,78.0,91.0,84.0,87.0,87.0,87.0,86.0,3237,3.4,3.1798493915489536
2025-07-31 12:54:26,89.0,86.0,84.0,89.0,84.0,86.0,86.0,88.0,83.0,3235,3.4,3.184713354960957
2025-07-31 12:54:27,91.0,86.0,81.0,87.0,88.0,90.0,84.0,92.0,89.0,3241,3.4,3.180295331991378
2025-07-31 12:54:28,91.0,89.0,80.0,85.0,84.0,87.0,89.0,86.0,91.0,3247,3.4,3.1807907951161565
2025-07-31 12:54:29,91.0,90.0,78.0,91.0,83.0,87.0,86.0,87.0,84.0,3256,3.4,3.185346503217284
2025-07-31 12:54:30,89.0,87.0,85.0,89.0,82.0,89.0,87.0,85.0,86.0,3272,3.4,3.1864167030200448
2025-07-31 12:54:31,89.0,85.0,84.0,87.0,87.0,88.0,85.0,89.0,88.0,3268,3.4,3.184794684431923
2025-07-31 12:54:32,89.0,85.0,80.0,86.0,87.0,89.0,87.0,86.0,88.0,3272,3.4,3.1871812716967156
2025-07-31 12:54:33,89.0,86.0,79.0,87.0,83.0,88.0,89.0,87.0,85.0,3262,3.4,3.1927308122626
2025-07-31 12:54:34,90.0,87.0,79.0,87.0,84.0,87.0,90.0,86.0,85.0,3268,3.4,3.1972929097074814
2025-07-31 12:54:35,89.0,89.0,79.0,85.0,87.0,87.0,86.0,85.0,83.0,3270,3.4,3.2050378285199743
2025-07-31 12:54:36,89.0,88.0,80.0,89.0,87.0,89.0,86.0,85.0,86.0,3270,3.4,3.2050961057779945
2025-07-31 12:54:37,89.0,87.0,80.0,89.0,83.0,89.0,84.0,88.0,87.0,3251,3.4,3.2075026372458235
2025-07-31 12:54:38,90.0,90.0,83.0,89.0,88.0,89.0,88.0,85.0,83.0,3253,3.4,3.2031136535448943
2025-07-31 12:54:39,92.0,86.0,82.0,87.0,84.0,92.0,86.0,86.0,88.0,3243,3.4,3.201954472947038
2025-07-31 12:54:40,89.0,89.0,80.0,88.0,84.0,88.0,83.0,84.0,89.0,3239,3.4,3.205723930991757
2025-07-31 12:54:41,91.0,86.0,82.0,87.0,84.0,88.0,91.0,90.0,86.0,3239,3.4,3.201894717297577
2025-07-31 12:54:42,90.0,84.0,82.0,89.0,87.0,88.0,85.0,90.0,84.0,3247,3.4,3.2021696957990393
2025-07-31 12:54:43,92.0,89.0,84.0,90.0,84.0,92.0,85.0,85.0,83.0,3241,3.4,3.199838773769202
2025-07-31 12:54:44,89.0,88.0,81.0,88.0,85.0,87.0,84.0,86.0,89.0,3239,3.4,3.2007701495613454
2025-07-31 12:54:45,90.0,85.0,80.0,85.0,86.0,86.0,89.0,90.0,86.0,3243,3.4,3.2024592704648946
2025-07-31 12:54:46,90.0,85.0,81.0,90.0,88.0,90.0,87.0,90.0,84.0,3245,3.4,3.1973743794933243
2025-07-31 12:54:47,89.0,89.0,84.0,87.0,84.0,88.0,85.0,85.0,83.0,3239,3.4,3.200555599863621
2025-07-31 12:54:48,89.0,86.0,82.0,88.0,84.0,88.0,86.0,87.0,89.0,3241,3.4,3.1994802829876368
2025-07-31 12:54:49,90.0,86.0,81.0,85.0,87.0,85.0,90.0,87.0,90.0,3239,3.4,3.197485792526398
2025-07-31 12:54:50,90.0,88.0,82.0,90.0,87.0,90.0,87.0,90.0,84.0,3229,3.4,3.1895612333032153
2025-07-31 12:54:51,91.0,91.0,84.0,87.0,84.0,87.0,86.0,87.0,85.0,3223,3.4,3.1874313501305
2025-07-31 12:54:52,88.0,87.0,82.0,87.0,85.0,87.0,86.0,87.0,88.0,3216,3.4,3.186933100616854
2025-07-31 12:54:53,90.0,87.0,81.0,90.0,82.0,85.0,90.0,86.0,90.0,3212,3.4,3.184738675837171
2025-07-31 12:54:54,89.0,83.0,80.0,89.0,86.0,89.0,88.0,87.0,84.0,3199,3.4,3.1867121902003803
2025-07-31 12:54:55,91.0,87.0,80.0,91.0,89.0,87.0,90.0,89.0,84.0,3193,3.4,3.1795136736777625
2025-07-31 12:54:56,89.0,89.0,80.0,87.0,84.0,87.0,86.0,87.0,82.0,3195,3.4,3.1848906341973318
2025-07-31 12:54:57,89.0,89.0,82.0,87.0,84.0,87.0,86.0,86.0,89.0,3187,3.4,3.1836126400973344
2025-07-31 12:54:58,90.0,90.0,80.0,89.0,82.0,89.0,87.0,86.0,90.0,3193,3.4,3.179881561632887
2025-07-31 12:54:59,90.0,87.0,81.0,90.0,87.0,89.0,86.0,85.0,84.0,3197,3.4,3.179529729438555
2025-07-31 12:55:00,89.0,85.0,84.0,88.0,85.0,88.0,86.0,89.0,84.0,3197,3.4,3.1792014355907634
2025-07-31 12:55:01,91.0,85.0,86.0,87.0,84.0,87.0,89.0,91.0,85.0,3182,3.4,3.174716563630779
2025-07-31 12:55:02,91.0,85.0,80.0,87.0,84.0,87.0,87.0,91.0,85.0,3182,3.4,3.176980912107205
2025-07-31 12:55:04,90.0,84.0,81.0,86.0,88.0,89.0,86.0,86.0,90.0,3183,3.4,3.1759644981825876
2025-07-31 12:55:05,91.0,87.0,81.0,89.0,89.0,91.0,85.0,86.0,84.0,3182,3.4,3.1733352840254705
2025-07-31 12:55:06,92.0,89.0,82.0,92.0,84.0,88.0,84.0,84.0,85.0,3187,3.4,3.1741088886529276
2025-07-31 12:55:07,89.0,89.0,82.0,87.0,84.0,87.0,88.0,88.0,83.0,3193,3.4,3.1749308657240514
2025-07-31 12:55:08,91.0,86.0,80.0,89.0,84.0,87.0,90.0,91.0,87.0,3193,3.4,3.1707654000371623
2025-07-31 12:55:09,91.0,86.0,80.0,91.0,81.0,91.0,86.0,87.0,88.0,3210,3.4,3.16997112801576
2025-07-31 12:55:10,88.0,86.0,84.0,87.0,87.0,88.0,86.0,86.0,88.0,3216,3.4,3.1674832980679377
2025-07-31 12:55:11,90.0,88.0,84.0,87.0,84.0,87.0,86.0,87.0,90.0,3220,3.4,3.1641197568643675
2025-07-31 12:55:12,90.0,88.0,80.0,90.0,84.0,88.0,86.0,84.0,85.0,3221,3.4,3.1673910776425602
2025-07-31 12:55:13,91.0,86.0,81.0,92.0,82.0,89.0,84.0,90.0,85.0,3225,3.4,3.167264029741253
2025-07-31 12:55:14,90.0,84.0,79.0,86.0,85.0,87.0,87.0,90.0,85.0,3229,3.4,2.9970694999162326
2025-07-31 12:55:15,90.0,85.0,79.0,86.0,87.0,90.0,89.0,86.0,85.0,3210,3.4,2.8190682364992123
2025-07-31 12:55:16,91.0,87.0,82.0,87.0,84.0,91.0,90.0,86.0,89.0,3206,3.4,2.632528209621932
2025-07-31 12:55:17,91.0,89.0,84.0,91.0,84.0,88.0,86.0,86.0,85.0,3221,3.4,2.4469833876364304
2025-07-31 12:55:18,89.0,89.0,84.0,87.0,85.0,87.0,84.0,84.0,84.0,3223,3.4,2.266903905049174
2025-07-31 12:55:19,89.0,86.0,82.0,88.0,88.0,85.0,86.0,89.0,85.0,3216,3.4,2.080075874228411
2025-07-31 12:55:20,90.0,86.0,81.0,87.0,90.0,90.0,85.0,90.0,85.0,3212,3.4,1.8860066992498983
2025-07-31 12:55:21,93.0,85.0,79.0,92.0,84.0,93.0,87.0,88.0,84.0,3212,3.4,1.6886633808452722
2025-07-31 12:55:22,90.0,89.0,84.0,88.0,84.0,87.0,90.0,86.0,87.0,3214,3.4,1.4861164404210958
2025-07-31 12:55:23,88.0,87.0,82.0,88.0,88.0,88.0,87.0,84.0,85.0,3220,3.4,1.2825918360148816
2025-07-31 12:55:24,89.0,85.0,80.0,84.0,88.0,88.0,85.0,89.0,83.0,3227,3.4,1.0811590693577489
2025-07-31 12:55:25,69.0,67.0,65.0,68.0,64.0,68.0,66.0,69.0,66.0,3225,3.4,1.0
