Timestamp,Elapsed(s),Power(W),Fan(RPM),Temp_core0(C),Temp_core1(C),Temp_core2(C),Temp_core3(C),Temp_core4(C),Temp_core5(C),Temp_core6(C),Temp_core7(C)
17:15:24,1.0,3.10,1001,36.0,35.0,35.0,36.0,34.0,36.0,34.0,36.0
17:15:25,2.0,3.50,1000,36.0,35.0,35.0,35.0,35.0,36.0,34.0,35.0
17:15:26,3.0,5.40,1000,36.0,35.0,35.0,36.0,35.0,36.0,35.0,35.0
17:15:27,4.0,3.31,1000,37.0,35.0,35.0,36.0,35.0,36.0,34.0,35.0
17:15:28,5.0,3.32,1000,36.0,35.0,35.0,36.0,35.0,36.0,34.0,35.0
17:15:29,6.0,8.34,1001,37.0,36.0,35.0,36.0,35.0,37.0,35.0,36.0
17:15:30,7.0,3.57,1001,37.0,36.0,36.0,36.0,36.0,37.0,35.0,36.0
17:15:31,8.0,3.25,1000,37.0,35.0,35.0,36.0,35.0,37.0,34.0,36.0
17:15:32,9.0,3.13,1000,36.0,35.0,35.0,36.0,35.0,37.0,35.0,35.0
17:15:33,10.0,3.12,1000,36.0,35.0,35.0,35.0,35.0,36.0,34.0,35.0
17:15:34,11.0,3.66,1000,37.0,36.0,35.0,35.0,35.0,37.0,34.0,35.0
17:15:35,12.0,3.09,1001,36.0,35.0,36.0,36.0,35.0,36.0,35.0,35.0
17:15:36,13.0,3.27,1001,37.0,35.0,35.0,35.0,34.0,36.0,35.0,35.0
17:15:37,14.1,3.44,1000,36.0,34.0,35.0,35.0,34.0,36.0,34.0,35.0
17:15:38,15.1,3.06,1001,36.0,35.0,35.0,35.0,34.0,36.0,34.0,35.0
17:15:39,16.1,3.52,1001,36.0,35.0,35.0,36.0,35.0,36.0,35.0,35.0
17:15:40,17.1,3.05,1000,37.0,35.0,35.0,35.0,35.0,37.0,34.0,35.0
17:15:41,18.1,3.16,1001,36.0,35.0,34.0,36.0,35.0,36.0,35.0,35.0
17:15:42,19.1,3.15,1000,36.0,35.0,35.0,35.0,35.0,36.0,34.0,35.0
17:15:43,20.1,3.04,1000,36.0,35.0,35.0,35.0,35.0,36.0,34.0,35.0
17:15:44,21.1,3.46,1000,36.0,34.0,35.0,35.0,35.0,37.0,35.0,35.0
17:15:45,22.1,3.16,1000,36.0,35.0,35.0,35.0,34.0,36.0,34.0,35.0
17:15:46,23.1,3.32,1001,36.0,35.0,35.0,36.0,35.0,36.0,34.0,35.0
17:15:47,24.1,3.27,1001,36.0,35.0,35.0,35.0,35.0,36.0,34.0,36.0
17:15:48,25.1,3.18,1000,36.0,35.0,35.0,35.0,35.0,36.0,34.0,35.0
17:15:49,26.1,3.79,1000,36.0,35.0,35.0,36.0,35.0,36.0,34.0,35.0
17:15:50,27.1,5.07,1000,37.0,35.0,35.0,36.0,35.0,37.0,35.0,35.0
17:15:51,28.1,3.51,1001,37.0,35.0,35.0,36.0,35.0,37.0,34.0,35.0
17:15:52,29.1,3.29,1001,36.0,35.0,35.0,35.0,34.0,36.0,34.0,35.0
17:15:53,30.1,3.24,1001,36.0,34.0,35.0,35.0,35.0,36.0,34.0,35.0
17:15:54,31.1,3.43,1001,36.0,35.0,35.0,36.0,35.0,36.0,34.0,34.0
17:15:55,32.1,3.21,1001,37.0,35.0,35.0,36.0,34.0,37.0,33.0,35.0
17:15:56,33.1,3.17,1001,36.0,35.0,35.0,36.0,35.0,36.0,34.0,35.0
17:15:57,34.1,3.06,1001,36.0,35.0,35.0,34.0,35.0,36.0,34.0,34.0
17:15:58,35.1,3.07,1001,36.0,35.0,34.0,35.0,34.0,36.0,34.0,35.0
17:15:59,36.1,3.53,1001,36.0,35.0,35.0,36.0,35.0,36.0,33.0,35.0
17:16:00,37.1,3.18,1001,36.0,35.0,35.0,35.0,34.0,36.0,34.0,35.0
17:16:01,38.2,3.26,1002,36.0,35.0,35.0,35.0,34.0,36.0,34.0,35.0
17:16:02,39.2,3.25,1002,37.0,35.0,35.0,35.0,35.0,36.0,34.0,35.0
17:16:03,40.2,3.30,1001,36.0,34.0,35.0,35.0,34.0,36.0,34.0,35.0
17:16:04,41.2,3.50,1001,36.0,34.0,34.0,35.0,35.0,36.0,34.0,34.0
17:16:05,42.2,3.58,1001,36.0,35.0,35.0,35.0,34.0,35.0,34.0,35.0
17:16:06,43.2,3.59,1001,36.0,35.0,35.0,35.0,34.0,36.0,34.0,34.0
17:16:07,44.2,3.23,1001,36.0,35.0,35.0,35.0,35.0,36.0,34.0,35.0
17:16:08,45.2,3.44,1001,36.0,34.0,35.0,35.0,34.0,36.0,33.0,35.0
17:16:09,46.2,4.24,1001,36.0,35.0,35.0,36.0,34.0,36.0,34.0,35.0
17:16:10,47.2,4.00,1002,36.0,35.0,35.0,36.0,35.0,36.0,34.0,35.0
17:16:11,48.2,5.98,1001,37.0,35.0,35.0,36.0,35.0,36.0,34.0,35.0
17:16:12,49.2,4.93,1001,36.0,34.0,35.0,35.0,34.0,36.0,35.0,35.0
17:16:13,50.2,3.70,1002,37.0,35.0,36.0,35.0,34.0,36.0,34.0,35.0
17:16:14,51.2,3.65,1002,36.0,34.0,35.0,35.0,34.0,36.0,34.0,35.0
17:16:15,52.2,3.27,1001,36.0,35.0,35.0,35.0,35.0,36.0,34.0,35.0
17:16:16,53.2,3.69,1002,36.0,35.0,35.0,35.0,34.0,36.0,35.0,35.0
17:16:17,54.2,3.90,1002,36.0,36.0,35.0,35.0,35.0,36.0,35.0,35.0
17:16:18,55.2,3.27,1002,36.0,35.0,35.0,35.0,35.0,36.0,34.0,35.0
17:16:19,56.2,5.73,1002,36.0,35.0,35.0,35.0,35.0,36.0,34.0,35.0
17:16:20,57.2,3.30,1001,36.0,35.0,35.0,36.0,35.0,36.0,34.0,35.0
17:16:21,58.2,3.46,1002,37.0,35.0,35.0,35.0,35.0,36.0,34.0,35.0
17:16:22,59.2,3.37,1002,36.0,34.0,35.0,35.0,34.0,36.0,34.0,35.0
17:16:23,60.2,4.13,1003,36.0,35.0,35.0,35.0,35.0,36.0,35.0,35.0
17:16:24,61.2,3.42,1002,36.0,35.0,35.0,35.0,35.0,36.0,34.0,35.0
17:16:25,62.2,3.30,1002,36.0,34.0,34.0,35.0,35.0,36.0,34.0,34.0
17:16:26,63.2,3.10,1002,36.0,35.0,34.0,35.0,35.0,36.0,35.0,34.0
17:16:27,64.3,3.28,1002,36.0,35.0,35.0,36.0,34.0,36.0,33.0,34.0
17:16:28,65.3,3.42,1002,36.0,35.0,35.0,35.0,35.0,36.0,34.0,35.0
17:16:29,66.3,3.63,1002,36.0,35.0,35.0,35.0,35.0,36.0,34.0,35.0
17:16:30,67.3,3.32,1002,36.0,35.0,35.0,35.0,34.0,36.0,33.0,35.0
17:16:31,68.3,3.38,1002,36.0,35.0,35.0,35.0,35.0,36.0,34.0,34.0
17:16:32,69.3,3.22,1002,36.0,35.0,35.0,35.0,35.0,36.0,34.0,34.0
17:16:33,70.3,3.28,1002,36.0,35.0,35.0,35.0,35.0,36.0,34.0,35.0
17:16:34,71.3,3.61,1002,37.0,34.0,34.0,35.0,35.0,36.0,33.0,35.0
17:16:35,72.3,3.21,1003,36.0,34.0,35.0,35.0,34.0,36.0,34.0,34.0
17:16:37,73.3,3.20,1002,36.0,35.0,35.0,35.0,34.0,36.0,34.0,35.0
17:16:38,74.3,3.30,1002,36.0,35.0,34.0,35.0,35.0,36.0,34.0,35.0
17:16:39,75.3,3.22,1002,37.0,35.0,35.0,35.0,35.0,37.0,34.0,35.0
17:16:40,76.3,3.74,1002,37.0,35.0,35.0,35.0,35.0,37.0,34.0,35.0
17:16:41,77.3,3.49,1003,36.0,35.0,35.0,35.0,35.0,36.0,35.0,35.0
17:16:42,78.3,3.23,1002,36.0,35.0,35.0,35.0,35.0,36.0,33.0,35.0
17:16:43,79.3,4.21,1002,36.0,35.0,35.0,35.0,34.0,36.0,34.0,35.0
17:16:44,80.3,3.16,1002,36.0,34.0,35.0,35.0,34.0,36.0,34.0,35.0
17:16:45,81.3,3.54,1002,36.0,35.0,35.0,35.0,34.0,36.0,33.0,35.0
17:16:46,82.3,3.20,1003,36.0,35.0,34.0,35.0,35.0,36.0,34.0,34.0
17:16:47,83.3,3.37,1003,36.0,35.0,35.0,35.0,34.0,36.0,34.0,34.0
17:16:48,84.3,3.51,1003,36.0,35.0,34.0,35.0,34.0,36.0,34.0,35.0
17:16:49,85.3,3.19,1003,36.0,35.0,34.0,36.0,35.0,36.0,34.0,35.0
17:16:50,86.3,3.72,1002,36.0,35.0,35.0,36.0,35.0,36.0,34.0,35.0
17:16:51,87.3,3.24,1003,36.0,34.0,35.0,35.0,34.0,36.0,34.0,35.0
17:16:52,88.3,3.24,1004,36.0,34.0,35.0,35.0,34.0,36.0,34.0,35.0
17:16:53,89.4,3.15,1003,36.0,35.0,35.0,34.0,34.0,36.0,34.0,35.0
17:16:54,90.4,3.37,1003,36.0,35.0,35.0,35.0,35.0,36.0,33.0,35.0
17:16:55,91.4,3.61,1003,36.0,34.0,35.0,35.0,35.0,36.0,33.0,35.0
17:16:56,92.4,3.48,1002,36.0,35.0,35.0,34.0,34.0,36.0,34.0,35.0
17:16:57,93.4,3.49,1003,36.0,34.0,35.0,35.0,35.0,36.0,33.0,35.0
17:16:58,94.4,3.20,1003,36.0,34.0,34.0,35.0,34.0,36.0,33.0,35.0
17:16:59,95.4,3.40,1003,36.0,34.0,35.0,35.0,35.0,36.0,33.0,35.0
17:17:00,96.4,3.78,1002,36.0,35.0,35.0,35.0,35.0,36.0,35.0,35.0
17:17:01,97.4,3.32,1002,36.0,35.0,35.0,35.0,35.0,36.0,34.0,35.0
17:17:02,98.4,3.49,1003,36.0,34.0,35.0,35.0,35.0,36.0,34.0,35.0
17:17:03,99.4,3.40,1003,36.0,34.0,35.0,35.0,34.0,36.0,34.0,35.0
17:17:04,100.4,3.56,1003,36.0,35.0,35.0,35.0,35.0,36.0,35.0,35.0
17:17:05,101.4,3.52,1003,36.0,35.0,35.0,35.0,34.0,36.0,34.0,35.0
17:17:06,102.4,3.31,1002,36.0,35.0,35.0,35.0,35.0,36.0,34.0,35.0
17:17:07,103.4,3.39,1003,36.0,34.0,34.0,35.0,35.0,36.0,34.0,35.0
17:17:08,104.4,3.52,1003,36.0,35.0,35.0,35.0,35.0,36.0,34.0,34.0
17:17:09,105.4,3.37,1003,36.0,35.0,34.0,34.0,34.0,36.0,34.0,35.0
17:17:10,106.4,3.36,1003,36.0,34.0,35.0,36.0,35.0,36.0,34.0,34.0
17:17:11,107.4,5.02,1003,36.0,35.0,35.0,35.0,34.0,36.0,34.0,35.0
17:17:12,108.4,3.32,1003,36.0,34.0,35.0,35.0,35.0,36.0,34.0,35.0
17:17:13,109.4,3.11,1003,36.0,35.0,35.0,35.0,35.0,36.0,33.0,35.0
17:17:14,110.4,3.27,1004,36.0,34.0,35.0,35.0,35.0,36.0,34.0,35.0
17:17:15,111.4,3.39,1003,36.0,34.0,35.0,35.0,35.0,36.0,34.0,35.0
17:17:16,112.4,3.08,1003,36.0,35.0,35.0,35.0,35.0,36.0,34.0,35.0
17:17:17,113.4,3.21,1003,37.0,35.0,35.0,35.0,35.0,36.0,34.0,35.0
17:17:18,114.5,3.22,1004,36.0,35.0,35.0,35.0,35.0,36.0,34.0,35.0
17:17:19,115.5,3.24,1003,36.0,35.0,35.0,35.0,35.0,36.0,33.0,35.0
17:17:20,116.5,3.60,1004,36.0,35.0,35.0,34.0,34.0,36.0,34.0,35.0
17:17:21,117.5,3.17,1003,36.0,34.0,35.0,35.0,34.0,37.0,34.0,35.0
17:17:22,118.5,3.16,1003,36.0,35.0,35.0,35.0,34.0,36.0,34.0,35.0
17:17:23,119.5,3.20,1003,36.0,35.0,35.0,35.0,34.0,36.0,34.0,34.0
17:17:24,120.5,3.30,1003,36.0,35.0,35.0,36.0,34.0,36.0,33.0,35.0
17:17:25,121.5,3.50,1004,36.0,34.0,35.0,35.0,34.0,36.0,34.0,35.0
17:17:26,122.5,3.38,1003,36.0,35.0,35.0,35.0,35.0,36.0,34.0,35.0
17:17:27,123.5,3.34,1003,36.0,35.0,35.0,35.0,35.0,36.0,34.0,35.0
17:17:28,124.5,3.17,1003,36.0,34.0,35.0,35.0,34.0,36.0,34.0,34.0
17:17:29,125.5,3.31,1003,36.0,35.0,35.0,34.0,35.0,36.0,34.0,35.0
17:17:30,126.5,3.64,1004,36.0,35.0,35.0,35.0,35.0,36.0,34.0,34.0
17:17:31,127.5,3.23,1004,36.0,34.0,34.0,35.0,34.0,36.0,34.0,34.0
17:17:32,128.5,3.45,1004,36.0,35.0,35.0,35.0,35.0,36.0,33.0,34.0
17:17:33,129.5,3.40,1003,36.0,35.0,35.0,35.0,35.0,36.0,34.0,35.0
17:17:34,130.5,3.15,1004,36.0,35.0,35.0,35.0,34.0,36.0,34.0,35.0
17:17:35,131.5,3.95,1004,36.0,35.0,34.0,35.0,35.0,36.0,34.0,35.0
17:17:36,132.5,3.28,1004,36.0,35.0,35.0,35.0,35.0,36.0,33.0,34.0
17:17:37,133.5,3.30,1004,36.0,35.0,35.0,35.0,34.0,36.0,34.0,35.0
17:17:38,134.5,3.26,1004,36.0,35.0,35.0,35.0,34.0,36.0,34.0,34.0
17:17:39,135.5,4.92,1004,36.0,35.0,35.0,35.0,35.0,36.0,34.0,35.0
17:17:40,136.5,3.44,1003,36.0,34.0,35.0,36.0,34.0,36.0,34.0,35.0
17:17:41,137.5,3.31,1004,36.0,35.0,35.0,34.0,35.0,36.0,34.0,35.0
17:17:42,138.6,3.46,1004,36.0,35.0,35.0,35.0,35.0,36.0,34.0,36.0
17:17:43,139.6,3.27,1004,36.0,35.0,35.0,35.0,35.0,36.0,34.0,35.0
17:17:44,140.6,3.07,1003,36.0,35.0,35.0,35.0,35.0,37.0,33.0,35.0
17:17:45,141.6,3.86,1004,36.0,35.0,35.0,35.0,34.0,36.0,34.0,35.0
17:17:46,142.6,3.17,1003,36.0,34.0,35.0,35.0,35.0,36.0,34.0,35.0
17:17:47,143.6,3.17,1005,36.0,34.0,35.0,35.0,35.0,36.0,34.0,35.0
17:17:48,144.6,3.34,1005,36.0,35.0,35.0,35.0,35.0,36.0,33.0,35.0
17:17:49,145.6,3.04,1004,36.0,34.0,35.0,35.0,34.0,36.0,33.0,34.0
17:17:50,146.6,3.53,1004,36.0,34.0,35.0,35.0,35.0,36.0,34.0,35.0
17:17:51,147.6,3.25,1004,36.0,35.0,35.0,35.0,35.0,36.0,34.0,35.0
17:17:52,148.6,3.22,1004,36.0,35.0,35.0,35.0,34.0,36.0,33.0,35.0
17:17:53,149.6,3.16,1004,36.0,35.0,35.0,35.0,35.0,36.0,34.0,34.0
17:17:54,150.6,3.21,1004,36.0,35.0,34.0,36.0,35.0,36.0,34.0,34.0
17:17:55,151.6,3.44,1004,36.0,35.0,35.0,36.0,35.0,36.0,34.0,34.0
17:17:56,152.6,3.15,1004,36.0,35.0,35.0,35.0,35.0,36.0,33.0,35.0
17:17:57,153.6,3.36,1005,36.0,35.0,35.0,35.0,34.0,36.0,33.0,35.0
17:17:58,154.6,3.30,1004,36.0,35.0,35.0,36.0,35.0,36.0,34.0,34.0
17:17:59,155.6,3.09,1005,36.0,35.0,35.0,35.0,35.0,36.0,34.0,34.0
17:18:00,156.6,3.27,1005,36.0,35.0,35.0,36.0,35.0,36.0,34.0,34.0
17:18:01,157.6,3.41,1005,36.0,35.0,35.0,35.0,35.0,36.0,33.0,35.0
17:18:02,158.6,3.20,1004,36.0,35.0,35.0,35.0,35.0,36.0,33.0,35.0
17:18:03,159.6,4.51,1005,36.0,34.0,35.0,35.0,34.0,36.0,34.0,35.0
17:18:04,160.6,3.32,1004,36.0,34.0,35.0,35.0,35.0,36.0,33.0,35.0
17:18:05,161.6,3.24,1004,36.0,35.0,35.0,35.0,35.0,36.0,33.0,35.0
17:18:06,162.7,3.26,1004,36.0,35.0,34.0,35.0,35.0,36.0,33.0,35.0
17:18:07,163.7,4.06,1004,36.0,35.0,35.0,35.0,34.0,36.0,34.0,35.0
17:18:08,164.7,3.36,1005,36.0,35.0,35.0,36.0,34.0,36.0,34.0,35.0
17:18:09,165.7,3.16,1005,36.0,34.0,34.0,35.0,35.0,36.0,33.0,34.0
17:18:10,166.7,3.50,1005,36.0,35.0,35.0,35.0,35.0,36.0,34.0,35.0
17:18:11,167.7,3.76,1004,36.0,35.0,35.0,36.0,34.0,36.0,34.0,34.0
17:18:12,168.7,3.11,1004,36.0,35.0,35.0,35.0,35.0,36.0,33.0,35.0
17:18:13,169.7,3.12,1005,36.0,35.0,35.0,36.0,35.0,36.0,34.0,34.0
17:18:14,170.7,3.08,1005,36.0,35.0,35.0,35.0,35.0,36.0,34.0,35.0
17:18:15,171.7,3.36,1004,36.0,35.0,34.0,35.0,34.0,36.0,34.0,35.0
17:18:16,172.7,3.15,1004,36.0,35.0,35.0,35.0,35.0,36.0,33.0,34.0
17:18:17,173.7,3.32,1005,36.0,35.0,34.0,35.0,35.0,36.0,33.0,35.0
17:18:18,174.7,3.29,1004,36.0,34.0,35.0,35.0,34.0,36.0,33.0,35.0
17:18:19,175.7,3.27,1005,36.0,35.0,35.0,35.0,34.0,36.0,34.0,35.0
17:18:20,176.7,3.49,1005,36.0,35.0,35.0,34.0,34.0,36.0,33.0,35.0
17:18:21,177.7,3.20,1005,36.0,35.0,34.0,36.0,35.0,36.0,34.0,35.0
17:18:22,178.7,3.28,1004,36.0,34.0,35.0,36.0,35.0,36.0,34.0,35.0
17:18:23,179.7,3.29,1005,36.0,35.0,35.0,36.0,35.0,36.0,33.0,35.0
17:18:24,180.7,3.25,1005,36.0,35.0,35.0,35.0,35.0,36.0,33.0,35.0
17:18:25,181.7,3.31,1005,36.0,35.0,35.0,36.0,34.0,36.0,34.0,34.0
17:18:26,182.7,3.22,1005,36.0,35.0,34.0,35.0,35.0,36.0,34.0,35.0
17:18:27,183.7,3.31,1005,36.0,35.0,34.0,35.0,34.0,36.0,34.0,35.0
17:18:28,184.7,3.16,1005,36.0,35.0,35.0,35.0,35.0,36.0,34.0,34.0
17:18:29,185.7,3.19,1005,36.0,35.0,35.0,35.0,34.0,36.0,33.0,35.0
17:18:30,186.7,3.21,1004,36.0,35.0,35.0,35.0,35.0,36.0,33.0,35.0
17:18:31,187.8,3.15,1005,36.0,34.0,34.0,34.0,34.0,36.0,34.0,34.0
17:18:32,188.8,3.22,1005,36.0,35.0,34.0,34.0,34.0,36.0,34.0,35.0
17:18:33,189.8,3.14,1004,36.0,35.0,34.0,36.0,34.0,36.0,33.0,34.0
17:18:34,190.8,5.19,1005,36.0,35.0,35.0,35.0,34.0,36.0,33.0,35.0
17:18:35,191.8,3.19,1005,36.0,35.0,34.0,35.0,35.0,36.0,34.0,35.0
17:18:36,192.8,3.37,1006,36.0,34.0,34.0,35.0,35.0,36.0,33.0,35.0
17:18:37,193.8,3.18,1005,36.0,34.0,35.0,36.0,34.0,36.0,34.0,35.0
17:18:38,194.8,3.23,1005,37.0,35.0,35.0,35.0,35.0,36.0,34.0,35.0
17:18:39,195.8,3.35,1005,37.0,35.0,35.0,35.0,35.0,36.0,34.0,35.0
17:18:40,196.8,3.36,1005,36.0,35.0,35.0,35.0,35.0,36.0,33.0,35.0
17:18:41,197.8,3.18,1005,36.0,35.0,35.0,35.0,35.0,36.0,33.0,35.0
17:18:42,198.8,3.12,1005,36.0,35.0,35.0,35.0,35.0,36.0,34.0,35.0
17:18:43,199.8,3.38,1005,36.0,35.0,35.0,35.0,35.0,36.0,34.0,35.0
17:18:44,200.8,3.33,1005,36.0,35.0,35.0,34.0,35.0,36.0,34.0,35.0
17:18:45,201.8,3.61,1005,36.0,35.0,35.0,34.0,35.0,36.0,34.0,35.0
17:18:46,202.8,3.16,1005,36.0,35.0,35.0,36.0,34.0,36.0,34.0,35.0
17:18:47,203.8,3.46,1005,36.0,34.0,35.0,34.0,35.0,36.0,33.0,35.0
17:18:48,204.8,3.24,1006,36.0,35.0,35.0,35.0,35.0,36.0,33.0,35.0
17:18:49,205.8,3.33,1006,36.0,34.0,35.0,35.0,35.0,36.0,33.0,35.0
17:18:50,206.8,3.26,1005,36.0,34.0,35.0,35.0,35.0,36.0,34.0,34.0
17:18:51,207.8,3.54,1005,36.0,35.0,35.0,35.0,35.0,36.0,34.0,35.0
17:18:52,208.8,3.13,1006,36.0,34.0,35.0,35.0,35.0,36.0,34.0,34.0
17:18:53,209.8,3.31,1006,36.0,35.0,35.0,35.0,35.0,36.0,34.0,35.0
17:18:54,210.8,3.15,1006,36.0,35.0,35.0,35.0,35.0,36.0,34.0,35.0
17:18:55,211.8,3.27,1005,36.0,34.0,35.0,36.0,35.0,36.0,33.0,35.0
17:18:56,212.9,3.52,1005,36.0,35.0,35.0,35.0,35.0,36.0,33.0,35.0
17:18:57,213.9,3.20,1005,36.0,34.0,35.0,35.0,35.0,36.0,34.0,34.0
17:18:58,214.9,3.15,1006,36.0,35.0,35.0,35.0,35.0,36.0,34.0,35.0
17:18:59,215.9,3.36,1006,36.0,35.0,35.0,35.0,35.0,36.0,33.0,34.0
17:19:00,216.9,4.57,1006,36.0,36.0,35.0,36.0,35.0,36.0,35.0,35.0
17:19:01,217.9,3.26,1005,36.0,35.0,35.0,35.0,35.0,36.0,34.0,34.0
17:19:02,218.9,3.11,1005,36.0,35.0,35.0,36.0,35.0,36.0,33.0,35.0
17:19:03,219.9,3.23,1005,36.0,35.0,35.0,36.0,35.0,36.0,33.0,36.0
17:19:04,220.9,3.26,1007,36.0,35.0,35.0,36.0,35.0,36.0,33.0,35.0
17:19:05,221.9,3.82,1006,36.0,35.0,34.0,35.0,35.0,36.0,34.0,35.0
17:19:06,222.9,3.19,1006,36.0,35.0,35.0,35.0,35.0,36.0,33.0,35.0
17:19:07,223.9,3.26,1005,36.0,35.0,35.0,35.0,35.0,36.0,34.0,35.0
17:19:08,224.9,3.44,1006,36.0,35.0,35.0,35.0,35.0,36.0,34.0,35.0
17:19:09,225.9,3.16,1006,36.0,35.0,35.0,35.0,35.0,36.0,34.0,35.0
17:19:10,226.9,3.36,1006,36.0,34.0,35.0,35.0,35.0,36.0,33.0,35.0
17:19:11,227.9,3.24,1005,36.0,35.0,35.0,35.0,35.0,36.0,34.0,35.0
17:19:12,228.9,3.21,1006,36.0,35.0,35.0,35.0,35.0,36.0,34.0,34.0
17:19:13,229.9,3.16,1006,36.0,35.0,35.0,35.0,35.0,36.0,33.0,35.0
17:19:14,230.9,3.30,1005,36.0,35.0,35.0,35.0,35.0,36.0,33.0,34.0
17:19:15,231.9,3.23,1006,36.0,34.0,35.0,35.0,35.0,36.0,34.0,35.0
17:19:16,232.9,3.43,1006,36.0,35.0,35.0,35.0,35.0,36.0,34.0,35.0
17:19:17,233.9,3.24,1007,36.0,35.0,35.0,35.0,35.0,36.0,33.0,35.0
17:19:18,234.9,3.45,1006,36.0,34.0,35.0,35.0,35.0,36.0,34.0,35.0
17:19:19,235.9,3.26,1006,36.0,35.0,35.0,35.0,35.0,36.0,33.0,35.0
17:19:20,236.9,3.23,1006,36.0,35.0,36.0,35.0,35.0,36.0,34.0,35.0
17:19:21,238.0,3.19,1007,36.0,35.0,35.0,35.0,34.0,36.0,33.0,34.0
17:19:22,239.0,3.45,1007,36.0,35.0,35.0,35.0,35.0,36.0,34.0,35.0
17:19:23,240.0,3.25,1006,36.0,35.0,35.0,36.0,35.0,37.0,34.0,35.0
17:19:24,241.0,3.84,1006,36.0,35.0,35.0,36.0,35.0,36.0,34.0,35.0
17:19:25,242.0,3.24,1006,36.0,35.0,35.0,35.0,35.0,36.0,35.0,35.0
17:19:26,243.0,3.27,1006,36.0,35.0,35.0,35.0,35.0,36.0,33.0,35.0
17:19:27,244.0,4.88,1006,36.0,35.0,35.0,35.0,35.0,36.0,33.0,35.0
17:19:28,245.0,3.44,1006,37.0,35.0,35.0,36.0,35.0,36.0,34.0,35.0
17:19:29,246.0,3.30,1006,37.0,35.0,35.0,36.0,35.0,37.0,34.0,35.0
17:19:30,247.0,3.22,1006,36.0,35.0,35.0,35.0,35.0,36.0,34.0,35.0
17:19:31,248.0,3.19,1006,37.0,35.0,35.0,36.0,35.0,37.0,34.0,35.0
17:19:32,249.0,3.26,1007,36.0,34.0,35.0,36.0,35.0,35.0,34.0,35.0
17:19:33,250.0,3.15,1007,37.0,34.0,34.0,35.0,35.0,36.0,35.0,35.0
17:19:34,251.0,3.19,1005,36.0,35.0,34.0,36.0,35.0,36.0,34.0,35.0
17:19:35,252.0,3.23,1006,36.0,34.0,35.0,35.0,35.0,36.0,34.0,35.0
17:19:36,253.0,3.12,1005,36.0,35.0,35.0,35.0,35.0,36.0,34.0,35.0
17:19:37,254.0,3.22,1006,36.0,34.0,35.0,35.0,34.0,36.0,34.0,35.0
17:19:38,255.0,3.40,1007,36.0,35.0,35.0,35.0,35.0,36.0,34.0,35.0
17:19:39,256.0,3.42,1006,37.0,35.0,35.0,35.0,35.0,36.0,35.0,35.0
17:19:40,257.0,3.23,1006,36.0,34.0,35.0,35.0,35.0,36.0,33.0,35.0
17:19:41,258.0,3.27,1006,36.0,35.0,35.0,35.0,35.0,36.0,34.0,35.0
17:19:42,259.0,3.29,1006,37.0,35.0,35.0,35.0,35.0,37.0,34.0,35.0
17:19:43,260.0,3.21,1006,36.0,35.0,35.0,35.0,35.0,36.0,34.0,35.0
17:19:44,261.0,3.24,1007,36.0,35.0,34.0,36.0,35.0,36.0,34.0,35.0
17:19:45,262.0,3.15,1007,36.0,34.0,35.0,35.0,35.0,36.0,34.0,35.0
17:19:46,263.1,3.32,1006,37.0,34.0,35.0,34.0,35.0,36.0,34.0,35.0
17:19:47,264.1,3.25,1006,36.0,35.0,35.0,35.0,34.0,36.0,35.0,35.0
17:19:48,265.1,3.14,1006,37.0,34.0,35.0,35.0,35.0,36.0,34.0,35.0
17:19:49,266.1,3.37,1006,36.0,35.0,35.0,35.0,35.0,36.0,34.0,36.0
17:19:50,267.1,3.24,1006,36.0,34.0,35.0,35.0,36.0,36.0,35.0,35.0
17:19:51,268.1,3.21,1006,36.0,35.0,35.0,34.0,35.0,36.0,34.0,35.0
17:19:52,269.1,3.13,1006,36.0,34.0,35.0,35.0,35.0,36.0,34.0,35.0
17:19:53,270.1,5.11,1006,36.0,35.0,35.0,36.0,35.0,36.0,35.0,35.0
17:19:54,271.1,3.72,1006,36.0,35.0,35.0,35.0,35.0,36.0,35.0,35.0
17:19:55,272.1,3.12,1007,36.0,35.0,35.0,35.0,35.0,36.0,35.0,35.0
17:19:56,273.1,3.31,1006,36.0,35.0,35.0,35.0,35.0,36.0,35.0,35.0
17:19:57,274.1,3.25,1006,36.0,34.0,35.0,36.0,35.0,36.0,34.0,35.0
17:19:58,275.1,3.43,1006,36.0,34.0,35.0,36.0,35.0,36.0,34.0,35.0
17:19:59,276.1,3.75,1006,36.0,34.0,35.0,36.0,35.0,37.0,34.0,35.0
17:20:00,277.1,3.32,1007,37.0,35.0,35.0,35.0,35.0,36.0,34.0,35.0
17:20:01,278.1,3.18,1007,36.0,35.0,35.0,35.0,35.0,36.0,34.0,35.0
17:20:02,279.1,3.36,1006,36.0,35.0,35.0,35.0,35.0,36.0,35.0,35.0
17:20:03,280.1,3.34,1006,37.0,35.0,34.0,35.0,35.0,37.0,34.0,34.0
17:20:04,281.1,3.39,1006,36.0,34.0,34.0,35.0,35.0,37.0,34.0,35.0
17:20:05,282.1,3.20,1007,36.0,35.0,35.0,35.0,35.0,36.0,35.0,35.0
17:20:06,283.1,3.16,1007,36.0,35.0,34.0,35.0,35.0,36.0,34.0,35.0
17:20:07,284.1,3.19,1007,36.0,35.0,35.0,35.0,35.0,36.0,34.0,35.0
17:20:08,285.1,3.22,1007,36.0,36.0,35.0,35.0,35.0,36.0,35.0,35.0
17:20:09,286.1,3.67,1006,36.0,35.0,35.0,36.0,35.0,37.0,35.0,35.0
17:20:10,287.1,3.47,1006,36.0,35.0,35.0,35.0,35.0,36.0,34.0,35.0
17:20:11,288.2,3.11,1006,36.0,34.0,35.0,35.0,35.0,36.0,34.0,35.0
17:20:12,289.2,3.36,1007,36.0,35.0,35.0,36.0,35.0,36.0,34.0,35.0
17:20:13,290.2,3.27,1007,36.0,35.0,34.0,35.0,35.0,36.0,34.0,35.0
17:20:14,291.2,3.51,1007,36.0,35.0,35.0,35.0,35.0,37.0,34.0,35.0
17:20:15,292.2,3.22,1006,36.0,35.0,35.0,35.0,35.0,36.0,34.0,34.0
17:20:16,293.2,3.20,1006,37.0,35.0,35.0,35.0,35.0,36.0,34.0,35.0
17:20:17,294.2,3.30,1007,36.0,34.0,35.0,36.0,35.0,36.0,35.0,35.0
17:20:18,295.2,3.34,1008,36.0,35.0,35.0,36.0,35.0,36.0,34.0,35.0
17:20:19,296.2,3.63,1007,37.0,35.0,35.0,35.0,35.0,37.0,35.0,35.0
17:20:20,297.2,4.97,1006,36.0,35.0,35.0,35.0,35.0,36.0,34.0,35.0
17:20:21,298.2,3.12,1007,36.0,35.0,35.0,35.0,35.0,36.0,34.0,35.0
17:20:22,299.2,3.19,1007,36.0,35.0,35.0,36.0,35.0,36.0,34.0,34.0
17:20:23,300.2,3.16,1007,36.0,35.0,35.0,35.0,35.0,36.0,34.0,35.0
17:21:18,1.0,7.96,1008,44.0,38.0,37.0,37.0,36.0,43.0,36.0,37.0
17:21:19,2.0,15.18,1007,38.0,36.0,36.0,37.0,37.0,38.0,36.0,35.0
17:21:20,3.0,8.34,1007,39.0,37.0,36.0,37.0,37.0,39.0,36.0,37.0
17:21:21,4.0,28.19,1001,44.0,43.0,42.0,43.0,44.0,44.0,42.0,42.0
17:21:22,5.0,3.46,1006,39.0,37.0,36.0,37.0,37.0,39.0,36.0,37.0
17:21:23,6.0,3.62,1007,39.0,37.0,36.0,37.0,37.0,39.0,36.0,37.0
17:21:24,7.0,29.30,1002,43.0,42.0,41.0,42.0,42.0,43.0,42.0,42.0
17:21:25,8.0,3.29,1007,39.0,37.0,37.0,38.0,37.0,39.0,37.0,37.0
17:21:26,9.0,3.23,1008,39.0,37.0,37.0,37.0,36.0,39.0,35.0,37.0
17:21:27,10.0,29.99,1003,42.0,40.0,39.0,41.0,40.0,42.0,39.0,41.0
17:21:28,11.0,3.37,1008,39.0,37.0,37.0,38.0,38.0,39.0,36.0,38.0
17:21:29,12.0,3.78,1008,48.0,48.0,38.0,39.0,38.0,47.0,47.0,47.0
17:21:30,13.0,25.27,1007,40.0,38.0,38.0,39.0,38.0,40.0,37.0,39.0
17:21:31,14.0,3.44,1009,38.0,37.0,37.0,38.0,37.0,38.0,37.0,38.0
17:21:32,15.1,16.27,1006,40.0,38.0,38.0,40.0,38.0,41.0,37.0,39.0
17:21:33,16.1,21.26,1004,42.0,40.0,40.0,40.0,41.0,42.0,40.0,40.0
17:21:34,17.1,7.96,1006,39.0,38.0,37.0,39.0,38.0,39.0,37.0,39.0
17:21:35,18.1,12.96,1007,55.0,42.0,48.0,52.0,55.0,54.0,52.0,51.0
17:21:36,19.1,15.16,1007,55.0,42.0,38.0,39.0,38.0,39.0,37.0,39.0
17:21:37,20.1,9.24,1007,39.0,38.0,38.0,38.0,38.0,39.0,36.0,38.0
17:21:38,21.1,24.95,1002,54.0,38.0,38.0,38.0,38.0,39.0,36.0,38.0
17:21:39,22.1,7.57,1007,51.0,40.0,40.0,42.0,41.0,51.0,39.0,42.0
17:21:40,23.1,6.96,1007,39.0,38.0,38.0,39.0,38.0,39.0,36.0,40.0
17:21:41,24.1,23.29,1005,42.0,40.0,40.0,41.0,41.0,42.0,39.0,41.0
17:21:42,25.1,3.40,1007,42.0,40.0,40.0,40.0,38.0,49.0,37.0,39.0
17:21:43,26.1,17.95,1005,55.0,41.0,45.0,40.0,38.0,49.0,37.0,39.0
17:21:44,27.1,5.67,1007,39.0,38.0,38.0,39.0,38.0,39.0,37.0,39.0
17:21:45,28.1,22.18,1005,41.0,39.0,39.0,40.0,39.0,41.0,38.0,40.0
17:21:46,29.1,8.56,1006,41.0,39.0,39.0,39.0,38.0,41.0,37.0,40.0
17:21:47,30.1,28.91,1004,43.0,42.0,42.0,43.0,42.0,44.0,42.0,42.0
17:21:48,31.1,7.02,1007,52.0,41.0,41.0,42.0,39.0,52.0,39.0,42.0
17:21:49,32.1,6.41,1007,40.0,38.0,38.0,39.0,38.0,39.0,37.0,39.0
17:21:50,33.1,26.41,1006,42.0,40.0,40.0,41.0,40.0,42.0,39.0,41.0
17:21:51,34.1,9.74,1005,43.0,40.0,40.0,42.0,40.0,43.0,40.0,41.0
17:21:52,35.1,7.34,1007,43.0,40.0,40.0,42.0,40.0,43.0,40.0,41.0
17:21:53,36.1,23.64,1007,41.0,39.0,40.0,40.0,39.0,41.0,39.0,40.0
17:21:54,37.1,9.44,1007,41.0,39.0,39.0,40.0,39.0,41.0,38.0,40.0
17:21:55,38.1,15.33,1004,43.0,42.0,42.0,43.0,43.0,42.0,41.0,41.0
17:21:56,39.1,11.31,1006,43.0,42.0,42.0,43.0,43.0,42.0,41.0,41.0
17:21:57,40.1,13.70,1007,41.0,39.0,39.0,40.0,39.0,41.0,38.0,40.0
17:21:58,41.1,10.65,1007,57.0,55.0,42.0,57.0,49.0,56.0,40.0,55.0
17:21:59,42.1,21.28,1007,41.0,39.0,40.0,40.0,39.0,41.0,38.0,40.0
17:22:00,43.1,9.74,1007,41.0,39.0,40.0,40.0,39.0,41.0,39.0,41.0
17:22:01,44.2,20.86,1004,58.0,46.0,53.0,54.0,57.0,58.0,46.0,44.0
17:22:02,45.2,10.11,1007,58.0,46.0,53.0,54.0,57.0,58.0,46.0,44.0
17:22:03,46.2,9.37,1007,41.0,39.0,39.0,40.0,39.0,40.0,38.0,40.0
17:22:04,47.2,27.21,1003,61.0,47.0,45.0,46.0,45.0,61.0,44.0,40.0
17:22:05,48.2,4.91,1008,57.0,40.0,41.0,41.0,41.0,57.0,39.0,42.0
17:22:06,49.2,8.08,1007,57.0,40.0,41.0,41.0,41.0,40.0,38.0,40.0
17:22:07,50.2,23.52,1005,43.0,40.0,41.0,41.0,41.0,42.0,40.0,41.0
17:22:08,51.2,8.88,1007,43.0,40.0,41.0,41.0,40.0,43.0,40.0,42.0
17:22:09,52.2,13.23,1007,42.0,41.0,41.0,41.0,41.0,42.0,40.0,41.0
17:22:10,53.2,27.25,1003,45.0,44.0,44.0,44.0,44.0,45.0,43.0,44.0
17:22:11,54.2,4.89,1008,42.0,39.0,40.0,40.0,39.0,41.0,39.0,41.0
17:22:12,55.2,9.09,1007,41.0,39.0,39.0,40.0,39.0,40.0,38.0,40.0
17:22:13,56.2,26.13,1006,43.0,40.0,41.0,42.0,41.0,43.0,40.0,42.0
17:22:14,57.2,3.51,1008,41.0,39.0,39.0,40.0,39.0,41.0,38.0,40.0
17:22:15,58.2,11.09,1007,41.0,39.0,39.0,40.0,39.0,41.0,38.0,40.0
17:22:16,59.2,26.45,1007,42.0,40.0,40.0,40.0,40.0,42.0,40.0,41.0
17:22:17,60.2,3.58,1008,41.0,39.0,40.0,40.0,39.0,40.0,38.0,40.0
17:22:18,61.2,24.00,1004,59.0,58.0,45.0,48.0,49.0,58.0,48.0,47.0
17:22:19,62.2,7.22,1007,41.0,40.0,40.0,40.0,39.0,40.0,39.0,40.0
17:22:20,63.2,3.68,1008,41.0,40.0,40.0,40.0,39.0,40.0,39.0,40.0
17:22:21,64.2,17.77,1007,41.0,40.0,40.0,40.0,39.0,41.0,39.0,41.0
17:22:22,65.2,20.77,1006,42.0,41.0,41.0,42.0,41.0,42.0,40.0,41.0
17:22:23,66.2,6.14,1007,41.0,40.0,39.0,40.0,39.0,41.0,39.0,41.0
17:22:24,67.2,28.16,1002,49.0,46.0,45.0,48.0,47.0,49.0,46.0,47.0
17:22:25,68.2,3.56,1007,42.0,40.0,40.0,40.0,40.0,42.0,39.0,41.0
17:22:26,69.2,3.43,1008,42.0,40.0,40.0,40.0,40.0,42.0,39.0,41.0
17:22:27,70.2,31.11,1004,45.0,42.0,42.0,43.0,43.0,45.0,42.0,43.0
17:22:28,71.2,3.39,1008,42.0,39.0,40.0,40.0,39.0,42.0,39.0,41.0
17:22:29,72.2,7.12,1007,51.0,40.0,42.0,42.0,42.0,44.0,41.0,51.0
17:22:30,73.2,26.24,1006,42.0,41.0,41.0,42.0,41.0,43.0,40.0,42.0
17:22:31,74.3,3.52,1008,41.0,39.0,40.0,40.0,39.0,41.0,39.0,40.0
17:22:32,75.3,14.02,1006,53.0,41.0,43.0,43.0,42.0,44.0,42.0,53.0
17:22:33,76.3,26.66,1003,53.0,41.0,43.0,43.0,42.0,44.0,42.0,53.0
17:22:34,77.3,3.68,1009,42.0,40.0,40.0,40.0,40.0,41.0,40.0,41.0
17:22:35,78.3,9.33,1008,57.0,55.0,53.0,43.0,53.0,55.0,57.0,56.0
17:22:36,79.3,22.27,1007,57.0,55.0,53.0,43.0,53.0,55.0,57.0,56.0
17:22:37,80.3,8.08,1008,42.0,40.0,40.0,41.0,40.0,41.0,39.0,41.0
17:22:38,81.3,23.56,1004,59.0,52.0,47.0,49.0,47.0,58.0,55.0,59.0
17:22:39,82.3,12.44,1007,44.0,41.0,42.0,42.0,41.0,43.0,41.0,43.0
17:22:40,83.3,3.86,1009,42.0,40.0,40.0,40.0,39.0,41.0,39.0,41.0
17:22:41,84.3,26.11,1005,45.0,43.0,43.0,45.0,44.0,45.0,44.0,43.0
17:22:42,85.3,10.31,1007,51.0,43.0,43.0,44.0,43.0,46.0,42.0,51.0
17:22:43,86.3,4.37,1009,51.0,40.0,40.0,40.0,40.0,41.0,39.0,41.0
17:22:44,87.3,15.31,1008,42.0,40.0,41.0,41.0,40.0,42.0,40.0,41.0
17:22:45,88.3,23.24,1006,44.0,42.0,43.0,44.0,43.0,43.0,42.0,43.0
17:22:46,89.3,3.36,1009,42.0,40.0,40.0,40.0,40.0,41.0,39.0,40.0
17:22:47,90.3,27.18,1005,45.0,44.0,43.0,44.0,44.0,45.0,43.0,44.0
17:22:48,91.3,6.16,1008,42.0,40.0,41.0,41.0,41.0,42.0,39.0,41.0
17:22:49,92.3,6.97,1008,56.0,56.0,43.0,43.0,42.0,43.0,41.0,42.0
17:22:50,93.3,27.44,1006,56.0,56.0,43.0,43.0,42.0,43.0,41.0,42.0
17:22:51,94.3,3.27,1009,42.0,40.0,40.0,40.0,40.0,41.0,39.0,41.0
17:22:52,95.3,14.99,1007,56.0,43.0,56.0,44.0,54.0,41.0,39.0,41.0
17:22:53,96.3,21.27,1008,43.0,40.0,41.0,41.0,42.0,43.0,41.0,42.0
17:22:54,97.3,3.31,1008,42.0,40.0,40.0,40.0,40.0,41.0,40.0,41.0
17:22:55,98.3,27.46,1004,59.0,58.0,47.0,57.0,48.0,59.0,47.0,46.0
17:22:56,99.3,4.98,1008,42.0,40.0,41.0,41.0,40.0,42.0,40.0,41.0
17:22:57,100.3,5.87,1009,42.0,40.0,41.0,41.0,40.0,42.0,40.0,41.0
17:22:58,101.3,21.57,1005,61.0,59.0,51.0,60.0,45.0,61.0,53.0,53.0
17:22:59,102.3,16.79,1008,43.0,41.0,41.0,41.0,42.0,42.0,40.0,41.0
17:23:00,103.4,7.53,1008,43.0,41.0,41.0,41.0,42.0,42.0,40.0,41.0
17:23:01,104.4,26.91,1003,60.0,49.0,60.0,49.0,48.0,50.0,47.0,47.0
17:23:02,105.4,4.08,1008,42.0,41.0,40.0,41.0,40.0,42.0,40.0,41.0
17:23:03,106.4,5.09,1009,42.0,40.0,40.0,40.0,40.0,42.0,39.0,41.0
17:23:04,107.4,30.10,1005,45.0,44.0,43.0,44.0,44.0,45.0,43.0,44.0
17:23:05,108.4,3.67,1008,43.0,41.0,41.0,41.0,41.0,42.0,40.0,41.0
17:23:06,109.4,3.59,1009,42.0,40.0,40.0,40.0,40.0,41.0,39.0,41.0
17:23:07,110.4,26.11,1008,43.0,42.0,42.0,43.0,41.0,43.0,41.0,43.0
17:23:08,111.4,4.03,1009,42.0,41.0,40.0,41.0,40.0,42.0,40.0,41.0
17:23:09,112.4,16.06,1008,43.0,41.0,42.0,42.0,42.0,43.0,41.0,42.0
17:23:10,113.4,25.54,1005,57.0,57.0,47.0,50.0,47.0,49.0,47.0,47.0
17:23:11,114.4,5.76,1008,43.0,41.0,41.0,41.0,41.0,42.0,40.0,42.0
17:23:12,115.4,3.37,1009,42.0,40.0,40.0,40.0,40.0,41.0,40.0,41.0
17:23:13,116.4,29.49,1007,44.0,42.0,42.0,43.0,42.0,44.0,42.0,43.0
17:23:14,117.4,3.56,1010,43.0,40.0,41.0,41.0,41.0,42.0,40.0,41.0
17:23:15,118.4,10.36,1008,53.0,52.0,44.0,45.0,43.0,53.0,42.0,43.0
17:23:16,119.4,28.56,1006,53.0,52.0,44.0,45.0,43.0,53.0,42.0,43.0
17:23:17,120.4,3.92,1009,43.0,41.0,42.0,42.0,41.0,42.0,40.0,41.0
17:23:18,121.4,20.07,1005,58.0,48.0,55.0,58.0,57.0,57.0,58.0,57.0
17:23:19,122.4,14.69,1007,58.0,48.0,42.0,42.0,43.0,43.0,42.0,42.0
17:23:20,123.4,3.92,1010,43.0,40.0,41.0,41.0,40.0,42.0,39.0,41.0
17:23:21,124.4,17.34,1008,45.0,40.0,41.0,41.0,40.0,42.0,39.0,41.0
17:23:22,125.4,21.52,1005,49.0,46.0,45.0,48.0,45.0,49.0,46.0,46.0
17:23:23,126.4,7.69,1008,43.0,41.0,41.0,41.0,41.0,42.0,40.0,42.0
17:23:24,127.4,22.59,1005,43.0,41.0,41.0,41.0,41.0,42.0,40.0,42.0
17:23:25,128.4,12.35,1008,44.0,42.0,42.0,42.0,42.0,43.0,42.0,42.0
17:23:26,129.4,3.40,1010,42.0,41.0,41.0,41.0,41.0,42.0,40.0,41.0
17:23:27,130.4,22.16,1007,45.0,43.0,43.0,43.0,44.0,45.0,42.0,43.0
17:23:28,131.5,12.09,1008,43.0,41.0,42.0,42.0,42.0,43.0,41.0,42.0
17:23:29,132.5,6.23,1009,49.0,42.0,43.0,42.0,43.0,43.0,42.0,42.0
17:23:30,133.5,23.40,1008,49.0,43.0,42.0,43.0,43.0,44.0,42.0,43.0
17:23:31,134.5,8.64,1009,43.0,41.0,41.0,41.0,41.0,42.0,40.0,42.0
17:23:32,135.5,14.63,1009,43.0,41.0,41.0,41.0,41.0,42.0,40.0,42.0
17:23:33,136.5,6.32,1010,43.0,40.0,41.0,41.0,41.0,41.0,40.0,41.0
17:23:34,137.5,20.28,1008,44.0,42.0,42.0,42.0,42.0,43.0,41.0,42.0
17:23:35,138.5,11.54,1009,43.0,41.0,42.0,42.0,42.0,43.0,41.0,42.0
17:23:36,139.5,24.16,1007,45.0,43.0,43.0,44.0,43.0,45.0,43.0,43.0
17:23:37,140.5,8.90,1009,44.0,42.0,42.0,42.0,42.0,42.0,41.0,42.0
17:23:38,141.5,13.11,1010,61.0,44.0,44.0,61.0,43.0,60.0,42.0,44.0
17:23:39,142.5,24.26,1008,45.0,43.0,42.0,43.0,42.0,44.0,42.0,44.0
17:23:40,143.5,9.44,1009,44.0,42.0,42.0,42.0,42.0,43.0,41.0,42.0
17:23:41,144.5,19.73,1007,44.0,42.0,42.0,42.0,42.0,43.0,41.0,58.0
17:23:42,145.5,15.99,1009,60.0,43.0,44.0,46.0,43.0,60.0,44.0,58.0
17:23:43,146.5,7.80,1010,43.0,41.0,42.0,42.0,42.0,42.0,40.0,43.0
17:23:44,147.5,23.94,1006,47.0,46.0,46.0,47.0,46.0,47.0,45.0,46.0
17:23:45,148.5,3.48,1010,47.0,46.0,46.0,47.0,46.0,47.0,45.0,46.0
17:23:46,149.5,16.38,1009,61.0,58.0,44.0,61.0,58.0,61.0,45.0,48.0
17:23:47,150.5,11.93,1008,44.0,43.0,43.0,42.0,43.0,43.0,42.0,42.0
17:23:48,151.5,18.85,1009,44.0,42.0,43.0,43.0,43.0,43.0,41.0,43.0
17:23:49,152.5,8.64,1009,44.0,42.0,42.0,43.0,43.0,44.0,41.0,43.0
17:23:50,153.5,26.13,1006,58.0,48.0,48.0,58.0,48.0,49.0,58.0,48.0
17:23:51,154.5,10.01,1008,58.0,48.0,48.0,58.0,48.0,49.0,58.0,48.0
17:23:52,155.5,7.28,1010,44.0,42.0,42.0,42.0,42.0,43.0,40.0,43.0
17:23:53,156.5,27.90,1006,47.0,45.0,45.0,47.0,45.0,47.0,46.0,46.0
17:23:54,157.5,9.70,1009,55.0,44.0,46.0,46.0,46.0,47.0,55.0,45.0
17:23:55,158.5,6.88,1010,44.0,42.0,42.0,42.0,43.0,43.0,40.0,42.0
17:23:56,159.5,23.69,1009,45.0,44.0,43.0,44.0,44.0,45.0,44.0,43.0
17:23:57,160.5,13.35,1009,44.0,42.0,43.0,43.0,43.0,43.0,42.0,43.0
17:23:58,161.6,16.03,1008,45.0,45.0,44.0,45.0,44.0,45.0,44.0,44.0
17:23:59,162.6,14.68,1008,45.0,45.0,44.0,45.0,44.0,45.0,44.0,44.0
17:24:00,163.6,17.07,1009,44.0,42.0,43.0,43.0,43.0,44.0,42.0,44.0
17:24:01,164.6,8.76,1010,56.0,43.0,44.0,42.0,44.0,45.0,56.0,45.0
17:24:02,165.6,29.74,1009,56.0,43.0,44.0,42.0,44.0,45.0,56.0,45.0
17:24:03,166.6,14.37,1009,45.0,43.0,43.0,43.0,43.0,44.0,43.0,43.0
17:24:04,167.6,9.08,1009,61.0,53.0,45.0,46.0,60.0,61.0,53.0,45.0
17:24:05,168.6,19.93,1009,61.0,53.0,45.0,46.0,60.0,61.0,53.0,45.0
17:24:06,169.6,11.85,1010,44.0,42.0,43.0,43.0,43.0,43.0,41.0,43.0
17:24:07,170.6,18.85,1007,63.0,55.0,57.0,49.0,53.0,50.0,62.0,48.0
17:24:08,171.6,17.44,1009,63.0,55.0,57.0,49.0,53.0,50.0,62.0,48.0
17:24:09,172.6,9.23,1010,58.0,44.0,57.0,45.0,46.0,46.0,44.0,45.0
17:24:10,173.6,15.54,1008,45.0,44.0,43.0,44.0,44.0,45.0,44.0,44.0
17:24:11,174.6,20.05,1006,45.0,44.0,43.0,44.0,44.0,45.0,44.0,44.0
17:24:12,175.6,14.92,1008,46.0,45.0,45.0,45.0,45.0,46.0,45.0,45.0
17:24:13,176.6,21.60,1006,59.0,48.0,48.0,50.0,49.0,57.0,48.0,59.0
17:24:14,177.6,9.65,1009,59.0,48.0,48.0,50.0,49.0,57.0,48.0,59.0
17:24:15,178.6,12.01,1011,45.0,43.0,44.0,43.0,43.0,43.0,42.0,43.0
17:24:16,179.6,24.26,1006,48.0,46.0,46.0,46.0,45.0,48.0,46.0,47.0
17:24:17,180.6,7.01,1010,48.0,46.0,46.0,46.0,45.0,48.0,46.0,47.0
17:24:18,181.6,9.50,1010,44.0,42.0,42.0,42.0,42.0,43.0,42.0,43.0
17:24:19,182.6,23.21,1008,46.0,44.0,43.0,44.0,44.0,46.0,43.0,45.0
17:24:20,183.6,9.64,1010,55.0,44.0,45.0,45.0,46.0,47.0,55.0,46.0
17:24:21,184.6,7.12,1011,44.0,42.0,42.0,43.0,42.0,43.0,41.0,42.0
17:24:22,185.6,15.85,1010,44.0,42.0,43.0,43.0,43.0,44.0,41.0,43.0
17:24:23,186.6,20.54,1009,46.0,44.0,43.0,44.0,44.0,45.0,43.0,44.0
17:24:24,187.6,13.29,1009,45.0,44.0,43.0,44.0,43.0,45.0,43.0,44.0
17:24:25,188.6,24.85,1008,46.0,45.0,44.0,45.0,45.0,46.0,45.0,46.0
17:24:26,189.6,9.29,1010,62.0,45.0,45.0,45.0,45.0,47.0,62.0,45.0
17:24:27,190.6,10.97,1011,62.0,45.0,45.0,45.0,45.0,47.0,62.0,45.0
17:24:28,191.6,24.68,1009,46.0,44.0,43.0,44.0,43.0,45.0,43.0,44.0
17:24:29,192.6,8.14,1010,55.0,44.0,53.0,45.0,46.0,45.0,55.0,44.0
17:24:30,193.6,17.38,1009,55.0,44.0,53.0,45.0,46.0,45.0,55.0,44.0
17:24:31,194.7,14.20,1011,45.0,44.0,43.0,43.0,43.0,44.0,43.0,44.0
17:24:32,195.7,5.99,1011,57.0,44.0,44.0,44.0,45.0,46.0,56.0,45.0
17:24:33,196.7,22.16,1008,57.0,44.0,44.0,44.0,45.0,46.0,56.0,45.0
17:24:34,197.7,12.23,1010,45.0,43.0,44.0,43.0,43.0,44.0,42.0,44.0
17:24:35,198.7,8.92,1010,45.0,44.0,43.0,44.0,44.0,45.0,44.0,44.0
17:24:36,199.7,17.40,1010,45.0,44.0,43.0,43.0,44.0,45.0,43.0,44.0
17:24:37,200.7,22.72,1008,48.0,46.0,45.0,46.0,45.0,48.0,45.0,46.0
17:24:38,201.7,10.37,1011,53.0,45.0,53.0,46.0,45.0,47.0,44.0,46.0
17:24:39,202.7,22.26,1007,53.0,45.0,53.0,46.0,45.0,47.0,44.0,46.0
17:24:40,203.7,11.69,1010,45.0,44.0,43.0,44.0,44.0,45.0,43.0,44.0
17:24:41,204.7,4.29,1011,57.0,44.0,57.0,44.0,44.0,45.0,43.0,44.0
17:24:42,205.7,34.57,1006,57.0,44.0,57.0,44.0,44.0,45.0,43.0,44.0
17:24:43,206.7,4.97,1010,45.0,43.0,43.0,44.0,43.0,44.0,43.0,44.0
17:24:44,207.7,8.96,1010,45.0,45.0,45.0,45.0,45.0,46.0,45.0,45.0
17:24:45,208.7,27.18,1009,45.0,45.0,44.0,46.0,45.0,47.0,45.0,46.0
17:24:46,209.7,3.52,1011,44.0,45.0,43.0,43.0,43.0,44.0,43.0,44.0
17:24:47,210.7,20.86,1009,58.0,47.0,43.0,43.0,43.0,44.0,43.0,44.0
17:24:48,211.7,19.57,1009,59.0,46.0,46.0,47.0,58.0,49.0,59.0,59.0
17:24:49,212.7,15.33,1011,46.0,44.0,43.0,44.0,44.0,45.0,43.0,44.0
17:24:50,213.7,12.78,1011,46.0,44.0,45.0,45.0,44.0,46.0,44.0,44.0
17:24:51,214.7,26.67,1009,47.0,46.0,45.0,46.0,45.0,47.0,45.0,46.0
17:24:52,215.7,3.36,1011,45.0,43.0,43.0,44.0,43.0,45.0,42.0,44.0
17:24:53,216.7,18.65,1008,62.0,46.0,47.0,47.0,57.0,49.0,57.0,49.0
17:24:54,217.7,21.02,1011,46.0,44.0,44.0,44.0,44.0,45.0,43.0,45.0
17:24:55,218.7,3.37,1011,44.0,43.0,43.0,43.0,43.0,44.0,41.0,44.0
17:24:56,219.7,30.60,1007,44.0,43.0,43.0,43.0,43.0,44.0,41.0,44.0
17:24:57,220.7,6.77,1011,45.0,44.0,43.0,44.0,44.0,45.0,43.0,44.0
17:24:59,221.7,6.97,1011,45.0,44.0,44.0,44.0,44.0,45.0,43.0,44.0
17:25:00,222.7,19.41,1010,46.0,45.0,43.0,45.0,44.0,45.0,44.0,45.0
17:25:01,223.7,23.94,1008,48.0,47.0,46.0,48.0,46.0,48.0,46.0,47.0
17:25:02,224.8,3.54,1011,45.0,44.0,43.0,44.0,43.0,45.0,42.0,44.0
17:25:03,225.8,29.07,1007,67.0,64.0,50.0,51.0,65.0,52.0,50.0,65.0
17:25:04,226.8,8.51,1011,46.0,44.0,44.0,45.0,44.0,45.0,43.0,45.0
17:25:05,227.8,3.43,1011,44.0,43.0,43.0,43.0,43.0,44.0,42.0,44.0
17:25:06,228.8,31.77,1007,49.0,47.0,46.0,48.0,46.0,49.0,46.0,48.0
17:25:07,229.8,3.41,1011,46.0,44.0,43.0,44.0,44.0,45.0,42.0,44.0
17:25:08,230.8,3.38,1012,44.0,42.0,43.0,43.0,43.0,44.0,42.0,43.0
17:25:09,231.8,31.09,1010,47.0,45.0,45.0,45.0,45.0,46.0,44.0,46.0
17:25:10,232.8,3.49,1012,45.0,44.0,44.0,43.0,43.0,44.0,42.0,44.0
17:25:11,233.8,12.02,1011,45.0,44.0,44.0,48.0,57.0,47.0,57.0,53.0
17:25:12,234.8,19.11,1011,51.0,45.0,51.0,48.0,57.0,47.0,57.0,53.0
17:25:13,235.8,7.77,1012,45.0,43.0,43.0,43.0,44.0,44.0,42.0,44.0
17:25:14,236.8,14.85,1010,57.0,46.0,45.0,47.0,45.0,57.0,45.0,48.0
17:25:15,237.8,28.09,1011,46.0,45.0,44.0,45.0,44.0,46.0,45.0,46.0
17:25:16,238.8,3.46,1013,46.0,43.0,44.0,44.0,43.0,44.0,43.0,44.0
17:25:17,239.8,20.64,1008,46.0,43.0,44.0,44.0,43.0,61.0,59.0,59.0
17:25:18,240.8,16.82,1010,46.0,45.0,44.0,45.0,44.0,61.0,59.0,59.0
17:25:19,241.8,3.57,1012,46.0,43.0,43.0,44.0,43.0,44.0,42.0,43.0
17:25:20,242.8,26.06,1008,49.0,48.0,48.0,49.0,48.0,49.0,47.0,48.0
17:25:21,243.8,10.22,1012,47.0,45.0,44.0,45.0,45.0,46.0,44.0,45.0
17:25:22,244.8,3.34,1013,45.0,44.0,43.0,43.0,43.0,43.0,42.0,44.0
17:25:23,245.8,21.68,1010,46.0,45.0,44.0,45.0,45.0,45.0,44.0,46.0
17:25:24,246.8,9.67,1011,46.0,43.0,43.0,44.0,44.0,45.0,43.0,44.0
17:25:25,247.8,13.95,1010,46.0,44.0,44.0,45.0,45.0,45.0,44.0,45.0
17:25:26,248.8,17.01,1010,58.0,57.0,55.0,48.0,58.0,57.0,57.0,46.0
17:25:27,249.8,16.63,1011,58.0,57.0,55.0,44.0,45.0,46.0,44.0,45.0
17:25:28,250.8,3.30,1012,44.0,43.0,43.0,43.0,43.0,44.0,42.0,43.0
17:25:29,251.9,25.58,1011,47.0,45.0,44.0,45.0,44.0,47.0,44.0,45.0
17:25:30,252.9,7.06,1012,45.0,43.0,43.0,44.0,44.0,45.0,43.0,44.0
17:25:31,253.9,15.22,1010,45.0,43.0,43.0,44.0,44.0,45.0,43.0,44.0
17:25:32,254.9,18.87,1011,46.0,44.0,44.0,44.0,44.0,45.0,44.0,45.0
17:25:33,255.9,5.67,1013,57.0,45.0,45.0,46.0,45.0,57.0,45.0,47.0
17:25:34,256.9,26.83,1007,53.0,50.0,48.0,52.0,50.0,53.0,50.0,50.0
17:25:35,257.9,3.36,1011,45.0,44.0,43.0,44.0,44.0,45.0,43.0,44.0
17:25:36,258.9,4.50,1012,55.0,44.0,45.0,54.0,44.0,45.0,44.0,45.0
17:25:37,259.9,17.05,1011,55.0,44.0,45.0,44.0,44.0,45.0,43.0,44.0
17:25:38,260.9,21.23,1011,46.0,45.0,44.0,45.0,45.0,46.0,45.0,45.0
17:25:39,261.9,9.25,1012,59.0,46.0,44.0,45.0,45.0,46.0,45.0,45.0
17:25:40,262.9,26.12,1009,49.0,48.0,47.0,48.0,46.0,49.0,46.0,48.0
17:25:41,263.9,3.37,1012,46.0,44.0,44.0,43.0,44.0,45.0,43.0,44.0
17:25:42,264.9,5.71,1012,45.0,43.0,44.0,43.0,43.0,44.0,42.0,44.0
17:25:43,265.9,27.65,1010,47.0,45.0,45.0,47.0,45.0,47.0,45.0,46.0
17:25:44,266.9,3.41,1013,45.0,43.0,43.0,44.0,43.0,44.0,42.0,44.0
17:25:45,267.9,10.07,1012,46.0,45.0,44.0,45.0,44.0,46.0,43.0,45.0
17:25:46,268.9,27.99,1011,46.0,45.0,45.0,45.0,45.0,46.0,44.0,46.0
17:25:47,269.9,3.50,1013,45.0,44.0,44.0,44.0,44.0,44.0,43.0,44.0
17:25:48,270.9,20.63,1010,63.0,63.0,49.0,50.0,48.0,62.0,48.0,48.0
17:25:49,271.9,14.28,1011,63.0,63.0,49.0,50.0,48.0,62.0,48.0,48.0
17:25:50,272.9,17.58,1013,46.0,45.0,44.0,45.0,45.0,46.0,44.0,46.0
17:25:51,273.9,9.00,1013,45.0,44.0,43.0,44.0,44.0,45.0,43.0,44.0
17:25:52,274.9,29.42,1011,47.0,46.0,45.0,46.0,45.0,47.0,45.0,47.0
17:25:53,275.9,3.41,1012,46.0,44.0,43.0,43.0,44.0,45.0,43.0,44.0
17:25:54,276.9,17.60,1011,59.0,48.0,57.0,57.0,59.0,50.0,58.0,58.0
17:25:55,277.9,19.74,1011,48.0,45.0,45.0,46.0,45.0,48.0,45.0,46.0
17:25:56,278.9,3.82,1012,45.0,43.0,44.0,44.0,44.0,44.0,43.0,44.0
17:25:57,280.0,24.51,1010,45.0,43.0,44.0,44.0,44.0,44.0,43.0,44.0
17:25:58,281.0,12.59,1012,46.0,45.0,44.0,45.0,44.0,46.0,44.0,45.0
17:25:59,282.0,3.36,1012,45.0,43.0,43.0,44.0,44.0,44.0,42.0,44.0
17:26:00,283.0,27.81,1009,63.0,48.0,49.0,50.0,48.0,63.0,48.0,50.0
17:26:01,284.0,8.66,1012,46.0,45.0,44.0,45.0,44.0,46.0,44.0,46.0
17:26:02,285.0,11.31,1012,46.0,45.0,44.0,45.0,44.0,46.0,44.0,46.0
17:26:03,286.0,29.61,1008,65.0,65.0,51.0,51.0,51.0,52.0,57.0,50.0
17:26:04,287.0,7.71,1012,47.0,45.0,44.0,45.0,44.0,46.0,44.0,46.0
17:26:05,288.0,3.39,1013,45.0,44.0,44.0,43.0,43.0,45.0,42.0,44.0
17:26:06,289.0,32.27,1009,49.0,47.0,47.0,49.0,47.0,49.0,47.0,48.0
17:26:07,290.0,3.53,1013,46.0,44.0,44.0,45.0,44.0,45.0,43.0,44.0
17:26:08,291.0,6.08,1013,46.0,44.0,44.0,45.0,44.0,45.0,43.0,44.0
17:26:09,292.0,33.24,1011,47.0,46.0,45.0,47.0,45.0,47.0,45.0,47.0
17:26:10,293.0,3.30,1013,46.0,44.0,43.0,44.0,44.0,45.0,43.0,45.0
17:26:11,294.0,15.54,1011,63.0,63.0,53.0,58.0,59.0,49.0,58.0,58.0
17:26:12,295.0,16.85,1012,46.0,44.0,45.0,45.0,44.0,46.0,43.0,46.0
17:26:13,296.0,3.33,1013,45.0,43.0,43.0,44.0,43.0,45.0,43.0,44.0
17:26:14,297.0,19.13,1012,62.0,58.0,47.0,62.0,47.0,47.0,46.0,46.0
17:26:15,298.0,28.82,1010,62.0,58.0,47.0,62.0,47.0,47.0,46.0,46.0
17:26:16,299.0,5.58,1013,46.0,44.0,44.0,45.0,44.0,45.0,43.0,46.0
17:26:17,300.0,18.31,1010,63.0,61.0,57.0,57.0,57.0,58.0,56.0,63.0
17:27:26,1.0,21.09,1011,43.0,42.0,42.0,43.0,42.0,43.0,42.0,43.0
17:27:27,2.0,31.52,1010,53.0,49.0,49.0,53.0,51.0,53.0,49.0,49.0
17:27:28,3.0,3.72,1015,44.0,42.0,42.0,43.0,42.0,43.0,41.0,43.0
17:27:29,4.0,28.03,1012,45.0,43.0,43.0,45.0,44.0,44.0,43.0,44.0
17:27:30,5.0,28.56,1009,58.0,49.0,49.0,50.0,49.0,50.0,58.0,51.0
17:27:31,6.0,5.05,1014,58.0,49.0,49.0,50.0,49.0,50.0,58.0,51.0
17:27:32,7.0,23.93,1013,45.0,43.0,43.0,44.0,43.0,44.0,43.0,44.0
17:27:33,8.0,25.95,1012,60.0,58.0,56.0,60.0,59.0,60.0,59.0,60.0
17:27:34,9.0,12.77,1015,45.0,44.0,43.0,44.0,43.0,44.0,42.0,44.0
17:27:35,10.0,28.60,1013,46.0,44.0,44.0,45.0,43.0,45.0,44.0,44.0
17:27:36,11.0,28.52,1011,49.0,47.0,45.0,48.0,47.0,49.0,46.0,48.0
17:27:37,12.0,15.65,1011,49.0,47.0,45.0,48.0,47.0,49.0,46.0,48.0
17:27:38,13.0,13.17,1014,46.0,44.0,43.0,45.0,44.0,44.0,43.0,44.0
17:27:39,14.0,33.55,1011,68.0,61.0,57.0,68.0,54.0,60.0,52.0,52.0
17:27:40,15.0,9.02,1014,68.0,61.0,57.0,68.0,54.0,60.0,52.0,52.0
17:27:41,16.0,30.54,1013,46.0,45.0,44.0,46.0,44.0,46.0,44.0,46.0
17:27:42,17.1,29.75,1010,50.0,48.0,48.0,50.0,48.0,50.0,47.0,49.0
17:27:43,18.1,10.09,1014,65.0,47.0,62.0,65.0,55.0,63.0,63.0,62.0
17:27:44,19.1,22.48,1014,46.0,45.0,44.0,45.0,44.0,46.0,44.0,46.0
17:27:45,20.1,22.83,1014,46.0,45.0,44.0,45.0,44.0,46.0,44.0,46.0
17:27:46,21.1,16.18,1015,50.0,45.0,44.0,45.0,45.0,46.0,44.0,50.0
17:27:47,22.1,28.68,1014,50.0,45.0,45.0,45.0,45.0,46.0,45.0,46.0
17:27:48,23.1,28.49,1012,49.0,47.0,47.0,48.0,47.0,49.0,46.0,49.0
17:27:50,24.1,17.27,1013,68.0,47.0,47.0,48.0,47.0,49.0,46.0,49.0
17:27:51,25.1,15.12,1014,46.0,45.0,45.0,46.0,44.0,46.0,44.0,46.0
17:27:52,26.1,24.62,1013,47.0,46.0,46.0,46.0,46.0,47.0,45.0,47.0
17:27:53,27.1,18.71,1014,68.0,62.0,59.0,68.0,61.0,63.0,57.0,62.0
17:27:54,28.1,21.87,1014,68.0,62.0,59.0,46.0,45.0,47.0,44.0,46.0
17:27:55,29.1,30.16,1011,49.0,47.0,47.0,46.0,45.0,47.0,44.0,46.0
17:27:56,30.1,22.39,1010,69.0,53.0,60.0,54.0,59.0,55.0,62.0,63.0
17:27:57,31.1,11.06,1015,47.0,46.0,45.0,46.0,44.0,47.0,44.0,47.0
17:27:58,32.1,25.45,1015,48.0,46.0,45.0,46.0,45.0,47.0,45.0,48.0
17:27:59,33.1,20.62,1014,65.0,59.0,48.0,65.0,57.0,49.0,60.0,48.0
17:28:00,34.1,22.35,1014,48.0,45.0,45.0,47.0,45.0,47.0,45.0,47.0
17:28:01,35.1,31.28,1013,49.0,48.0,46.0,48.0,46.0,49.0,45.0,48.0
17:28:02,36.1,30.42,1010,49.0,48.0,46.0,48.0,46.0,49.0,50.0,51.0
17:28:03,37.1,9.59,1014,67.0,62.0,62.0,66.0,49.0,67.0,50.0,51.0
17:28:04,38.1,21.71,1015,48.0,47.0,45.0,46.0,45.0,47.0,45.0,46.0
17:28:05,39.1,31.41,1011,69.0,64.0,53.0,58.0,69.0,64.0,59.0,58.0
17:28:06,40.1,8.41,1015,69.0,64.0,53.0,58.0,69.0,64.0,59.0,58.0
17:28:07,41.1,28.83,1014,49.0,47.0,46.0,48.0,47.0,49.0,46.0,48.0
17:28:08,42.1,29.72,1012,50.0,49.0,49.0,50.0,49.0,50.0,48.0,50.0
17:28:09,43.1,18.45,1013,66.0,65.0,58.0,63.0,61.0,62.0,61.0,66.0
17:28:10,44.1,14.69,1015,47.0,46.0,46.0,47.0,45.0,47.0,45.0,48.0
17:28:11,45.1,27.81,1014,47.0,46.0,46.0,47.0,45.0,47.0,45.0,48.0
17:28:12,46.1,14.89,1015,66.0,60.0,59.0,60.0,61.0,66.0,47.0,61.0
17:28:13,47.1,25.55,1015,66.0,60.0,59.0,60.0,46.0,48.0,45.0,49.0
17:28:14,48.2,29.45,1013,50.0,48.0,48.0,50.0,47.0,50.0,47.0,50.0
17:28:15,49.2,24.48,1011,64.0,54.0,58.0,50.0,47.0,50.0,47.0,50.0
17:28:16,50.2,8.65,1016,48.0,46.0,46.0,47.0,46.0,48.0,45.0,48.0
17:28:17,51.2,26.40,1015,49.0,47.0,46.0,48.0,46.0,49.0,46.0,48.0
17:28:18,52.2,31.29,1012,66.0,60.0,58.0,62.0,61.0,65.0,66.0,65.0
17:28:19,53.2,9.22,1015,49.0,47.0,45.0,47.0,46.0,48.0,45.0,48.0
17:28:20,54.2,28.74,1013,50.0,48.0,47.0,49.0,47.0,49.0,46.0,49.0
17:28:21,55.2,28.48,1010,50.0,48.0,47.0,49.0,47.0,49.0,46.0,49.0
17:28:22,56.2,5.11,1015,48.0,47.0,46.0,47.0,46.0,48.0,46.0,48.0
17:28:23,57.2,25.78,1015,49.0,47.0,47.0,48.0,47.0,49.0,46.0,48.0
17:28:24,58.2,21.69,1013,62.0,62.0,50.0,52.0,58.0,60.0,59.0,60.0
17:28:25,59.2,18.42,1015,62.0,47.0,46.0,48.0,46.0,48.0,46.0,48.0
17:28:26,60.2,29.26,1014,49.0,48.0,47.0,49.0,47.0,49.0,47.0,49.0
17:28:27,61.2,29.29,1010,52.0,51.0,50.0,51.0,50.0,52.0,50.0,51.0
17:28:28,62.2,10.34,1015,52.0,51.0,50.0,51.0,50.0,52.0,50.0,51.0
17:28:29,63.2,22.23,1015,49.0,47.0,47.0,48.0,46.0,48.0,46.0,49.0
17:28:30,64.2,24.53,1014,62.0,61.0,59.0,62.0,61.0,62.0,60.0,62.0
17:28:31,65.2,18.13,1015,62.0,61.0,59.0,62.0,61.0,62.0,60.0,62.0
17:28:32,66.2,25.51,1015,49.0,48.0,47.0,48.0,46.0,49.0,46.0,49.0
17:28:33,67.2,29.75,1013,51.0,50.0,49.0,51.0,50.0,52.0,48.0,51.0
17:28:34,68.2,19.63,1013,67.0,63.0,58.0,64.0,61.0,64.0,60.0,66.0
17:28:35,69.2,13.99,1015,67.0,63.0,58.0,48.0,47.0,49.0,46.0,48.0
17:28:36,70.2,28.97,1012,70.0,62.0,59.0,48.0,47.0,49.0,46.0,48.0
17:28:37,71.2,19.65,1014,70.0,66.0,58.0,70.0,52.0,64.0,61.0,61.0
17:28:38,72.2,19.59,1015,70.0,66.0,47.0,48.0,47.0,49.0,46.0,49.0
17:28:39,73.2,29.32,1013,51.0,49.0,49.0,50.0,48.0,50.0,48.0,50.0
17:28:40,74.2,26.16,1011,65.0,55.0,49.0,50.0,48.0,50.0,48.0,50.0
17:28:41,75.2,7.31,1016,49.0,48.0,47.0,48.0,47.0,49.0,46.0,49.0
17:28:42,76.2,25.71,1015,49.0,48.0,47.0,49.0,47.0,49.0,47.0,49.0
17:28:43,77.2,21.31,1015,69.0,62.0,62.0,69.0,60.0,68.0,60.0,61.0
17:28:44,78.2,18.61,1015,69.0,62.0,62.0,48.0,46.0,49.0,46.0,49.0
17:28:45,79.3,28.45,1014,50.0,49.0,48.0,48.0,46.0,50.0,47.0,50.0
17:28:46,80.3,28.69,1012,54.0,52.0,51.0,54.0,52.0,55.0,51.0,53.0
17:28:47,81.3,5.62,1015,61.0,60.0,58.0,49.0,52.0,55.0,51.0,53.0
17:28:48,82.3,24.94,1015,50.0,48.0,47.0,49.0,47.0,49.0,46.0,49.0
17:28:49,83.3,30.13,1013,64.0,64.0,60.0,63.0,60.0,62.0,64.0,60.0
17:28:50,84.3,11.41,1016,64.0,64.0,60.0,63.0,60.0,62.0,64.0,60.0
17:28:51,85.3,28.36,1015,50.0,48.0,48.0,49.0,47.0,50.0,47.0,49.0
17:28:52,86.3,32.70,1011,53.0,51.0,51.0,53.0,52.0,53.0,51.0,52.0
17:28:53,87.3,4.80,1017,64.0,49.0,49.0,64.0,48.0,50.0,48.0,50.0
17:28:54,88.3,31.87,1015,50.0,49.0,47.0,49.0,48.0,50.0,48.0,51.0
17:28:55,89.3,19.58,1015,50.0,49.0,47.0,49.0,48.0,50.0,48.0,51.0
17:28:56,90.3,21.70,1016,50.0,48.0,47.0,50.0,48.0,50.0,47.0,50.0
17:28:57,91.3,29.12,1014,51.0,49.0,48.0,50.0,48.0,50.0,48.0,51.0
17:28:58,92.3,28.67,1014,53.0,51.0,50.0,52.0,51.0,53.0,50.0,52.0
17:28:59,93.3,13.56,1015,70.0,63.0,64.0,62.0,63.0,56.0,61.0,70.0
17:29:00,94.3,19.21,1017,70.0,63.0,47.0,49.0,48.0,50.0,48.0,49.0
17:29:01,95.3,24.18,1014,64.0,62.0,47.0,49.0,48.0,50.0,48.0,49.0
17:29:02,96.3,12.53,1015,61.0,49.0,48.0,61.0,60.0,61.0,48.0,51.0
17:29:03,97.3,28.32,1015,61.0,49.0,48.0,50.0,48.0,50.0,48.0,50.0
17:29:04,98.3,28.85,1013,52.0,51.0,50.0,51.0,50.0,52.0,51.0,52.0
17:29:05,99.3,16.89,1014,70.0,51.0,50.0,51.0,50.0,52.0,51.0,52.0
17:29:06,100.3,14.78,1016,50.0,49.0,47.0,49.0,47.0,50.0,47.0,50.0
17:29:07,101.3,25.64,1015,50.0,49.0,49.0,50.0,49.0,50.0,48.0,50.0
17:29:08,102.3,16.32,1015,50.0,50.0,48.0,50.0,48.0,50.0,48.0,49.0
17:29:09,103.3,24.59,1015,50.0,49.0,48.0,50.0,48.0,50.0,48.0,50.0
17:29:10,104.3,28.13,1014,51.0,50.0,49.0,50.0,49.0,51.0,49.0,51.0
17:29:11,105.3,28.71,1011,58.0,55.0,53.0,56.0,54.0,58.0,55.0,56.0
17:29:12,106.3,4.17,1017,50.0,48.0,48.0,49.0,48.0,49.0,47.0,50.0
17:29:13,107.3,26.27,1015,50.0,49.0,48.0,50.0,48.0,50.0,47.0,50.0
17:29:14,108.3,30.44,1012,50.0,49.0,48.0,50.0,48.0,50.0,47.0,50.0
17:29:15,109.3,10.08,1016,60.0,55.0,50.0,60.0,54.0,50.0,58.0,51.0
17:29:16,110.4,29.24,1015,51.0,50.0,49.0,50.0,49.0,51.0,48.0,51.0
17:29:17,111.4,32.48,1011,51.0,50.0,49.0,50.0,49.0,51.0,48.0,51.0
17:29:18,112.4,12.41,1015,68.0,63.0,53.0,65.0,64.0,64.0,62.0,66.0
17:29:19,113.4,21.64,1016,68.0,49.0,48.0,50.0,48.0,50.0,48.0,50.0
17:29:20,114.4,21.04,1015,61.0,49.0,48.0,50.0,48.0,50.0,48.0,50.0
17:29:21,115.4,16.66,1016,50.0,48.0,48.0,49.0,48.0,50.0,47.0,50.0
17:29:22,116.4,27.96,1016,51.0,49.0,49.0,50.0,49.0,51.0,48.0,51.0
17:29:23,117.4,28.47,1013,53.0,51.0,51.0,53.0,51.0,53.0,51.0,52.0
17:29:24,118.4,16.03,1015,67.0,63.0,59.0,63.0,67.0,65.0,63.0,63.0
17:29:25,119.4,16.70,1017,67.0,49.0,48.0,50.0,48.0,50.0,47.0,50.0
17:29:26,120.4,25.83,1014,52.0,50.0,49.0,51.0,49.0,52.0,49.0,51.0
17:29:27,121.4,24.73,1014,52.0,50.0,49.0,51.0,49.0,52.0,49.0,51.0
17:29:28,122.4,16.33,1016,51.0,49.0,48.0,50.0,48.0,50.0,49.0,50.0
17:29:29,123.4,30.10,1015,53.0,51.0,50.0,51.0,51.0,53.0,51.0,52.0
17:29:30,124.4,24.61,1013,67.0,67.0,64.0,62.0,58.0,59.0,67.0,66.0
17:29:31,125.4,8.48,1018,67.0,67.0,64.0,50.0,48.0,50.0,48.0,50.0
17:29:32,126.4,24.53,1015,52.0,50.0,50.0,50.0,49.0,51.0,48.0,51.0
17:29:33,127.4,19.72,1016,66.0,64.0,50.0,50.0,49.0,51.0,48.0,51.0
17:29:34,128.4,21.69,1017,51.0,49.0,48.0,50.0,48.0,50.0,48.0,50.0
17:29:35,129.4,27.65,1016,52.0,50.0,49.0,51.0,49.0,52.0,49.0,52.0
17:29:36,130.4,29.21,1013,56.0,54.0,54.0,56.0,54.0,55.0,54.0,54.0
17:29:37,131.4,5.12,1018,63.0,60.0,60.0,61.0,61.0,51.0,49.0,63.0
17:29:38,132.4,25.84,1016,51.0,49.0,49.0,50.0,49.0,50.0,48.0,51.0
17:29:39,133.4,29.35,1013,51.0,49.0,49.0,50.0,49.0,50.0,48.0,51.0
17:29:40,134.4,9.82,1017,62.0,62.0,50.0,62.0,50.0,51.0,48.0,51.0
17:29:41,135.4,27.83,1016,52.0,49.0,49.0,50.0,50.0,51.0,48.0,51.0
17:29:42,136.4,29.24,1015,53.0,52.0,51.0,53.0,52.0,53.0,51.0,53.0
17:29:43,137.4,15.65,1016,53.0,52.0,51.0,53.0,52.0,53.0,51.0,53.0
17:29:44,138.4,16.66,1017,51.0,49.0,48.0,50.0,49.0,51.0,48.0,51.0
17:29:45,139.4,22.78,1016,64.0,61.0,59.0,63.0,62.0,64.0,61.0,63.0
17:29:46,140.4,17.09,1016,64.0,61.0,59.0,63.0,62.0,64.0,61.0,63.0
17:29:47,141.4,28.16,1016,52.0,50.0,49.0,50.0,50.0,51.0,49.0,51.0
17:29:48,142.5,29.28,1014,53.0,52.0,51.0,52.0,52.0,53.0,51.0,53.0
17:29:49,143.5,20.17,1013,70.0,64.0,61.0,66.0,64.0,66.0,65.0,64.0
17:29:50,144.5,12.88,1017,70.0,64.0,49.0,50.0,49.0,50.0,49.0,51.0
17:29:51,145.5,26.29,1016,52.0,50.0,49.0,50.0,50.0,51.0,49.0,51.0
17:29:52,146.5,34.31,1012,74.0,74.0,64.0,70.0,50.0,51.0,49.0,51.0
17:29:53,147.5,9.28,1017,52.0,50.0,48.0,50.0,49.0,51.0,49.0,51.0
17:29:54,148.5,31.03,1015,52.0,51.0,50.0,51.0,51.0,52.0,51.0,52.0
17:29:55,149.5,30.72,1013,58.0,55.0,54.0,57.0,56.0,58.0,56.0,56.0
17:29:56,150.5,10.13,1018,58.0,55.0,54.0,57.0,56.0,58.0,56.0,56.0
17:29:57,151.5,20.39,1016,52.0,50.0,50.0,50.0,50.0,51.0,49.0,51.0
17:29:58,152.5,32.34,1014,71.0,64.0,62.0,71.0,66.0,71.0,69.0,66.0
17:29:59,153.5,11.09,1017,71.0,64.0,62.0,71.0,66.0,71.0,69.0,66.0
17:30:00,154.5,27.13,1016,52.0,50.0,49.0,51.0,50.0,52.0,49.0,52.0
17:30:01,155.5,28.70,1016,54.0,52.0,51.0,53.0,52.0,53.0,51.0,53.0
17:30:02,156.5,20.45,1014,74.0,74.0,63.0,67.0,66.0,67.0,66.0,65.0
17:30:03,157.5,12.07,1017,74.0,74.0,63.0,51.0,49.0,52.0,48.0,51.0
17:30:04,158.5,30.39,1014,72.0,66.0,68.0,51.0,49.0,52.0,48.0,51.0
17:30:05,159.5,17.82,1016,73.0,71.0,68.0,73.0,64.0,65.0,64.0,70.0
17:30:06,160.5,18.60,1018,73.0,71.0,49.0,51.0,49.0,51.0,49.0,51.0
17:30:07,161.5,29.83,1015,53.0,52.0,49.0,53.0,52.0,53.0,51.0,53.0
17:30:08,162.5,25.44,1014,69.0,65.0,66.0,53.0,52.0,53.0,51.0,53.0
17:30:09,163.5,8.07,1018,52.0,50.0,49.0,50.0,49.0,51.0,48.0,51.0
17:30:10,164.5,32.23,1014,71.0,71.0,56.0,59.0,64.0,71.0,57.0,63.0
17:30:11,165.5,18.69,1015,71.0,71.0,56.0,59.0,64.0,71.0,57.0,63.0
17:30:12,166.5,15.64,1017,52.0,50.0,49.0,51.0,49.0,51.0,49.0,52.0
17:30:13,167.5,29.62,1016,53.0,52.0,51.0,52.0,51.0,53.0,51.0,52.0
17:30:14,168.5,26.15,1013,73.0,59.0,63.0,62.0,69.0,60.0,69.0,73.0
17:30:15,169.5,6.16,1017,73.0,50.0,49.0,50.0,49.0,51.0,49.0,51.0
17:30:16,170.5,23.92,1017,52.0,50.0,50.0,51.0,50.0,52.0,49.0,52.0
17:30:17,171.5,17.75,1017,66.0,62.0,50.0,51.0,50.0,52.0,49.0,52.0
17:30:18,172.5,21.96,1017,52.0,50.0,50.0,51.0,50.0,51.0,49.0,51.0
17:30:19,173.5,29.13,1016,53.0,51.0,51.0,52.0,51.0,53.0,50.0,53.0
17:30:20,174.6,29.17,1013,58.0,56.0,54.0,57.0,57.0,58.0,56.0,56.0
17:30:21,175.6,4.20,1020,58.0,56.0,54.0,57.0,57.0,58.0,56.0,56.0
17:30:22,176.6,26.39,1017,52.0,50.0,49.0,51.0,50.0,51.0,49.0,51.0
17:30:23,177.6,31.72,1015,69.0,63.0,65.0,69.0,67.0,67.0,66.0,65.0
17:30:24,178.6,9.88,1018,69.0,63.0,65.0,69.0,67.0,67.0,66.0,65.0
17:30:25,179.6,28.40,1018,53.0,51.0,50.0,51.0,51.0,52.0,50.0,51.0
17:30:26,180.6,30.50,1015,55.0,54.0,53.0,54.0,54.0,55.0,53.0,55.0
17:30:27,181.6,14.15,1017,74.0,74.0,61.0,66.0,56.0,66.0,72.0,65.0
17:30:28,182.6,19.06,1018,74.0,74.0,50.0,51.0,50.0,52.0,50.0,51.0
17:30:29,183.6,28.04,1015,68.0,66.0,50.0,51.0,50.0,52.0,50.0,51.0
17:30:30,184.6,18.51,1018,70.0,54.0,67.0,69.0,69.0,67.0,65.0,67.0
17:30:31,185.6,21.46,1018,70.0,54.0,67.0,51.0,51.0,51.0,49.0,52.0
17:30:32,186.6,29.58,1015,54.0,53.0,52.0,53.0,53.0,53.0,52.0,54.0
17:30:33,187.6,23.57,1015,54.0,53.0,52.0,53.0,53.0,53.0,52.0,54.0
17:30:34,188.6,10.01,1018,52.0,51.0,50.0,51.0,50.0,52.0,48.0,51.0
17:30:35,189.6,34.33,1014,66.0,58.0,57.0,66.0,58.0,58.0,57.0,58.0
17:30:36,190.6,23.16,1015,66.0,58.0,57.0,66.0,58.0,58.0,57.0,58.0
17:30:37,191.6,11.15,1018,53.0,50.0,50.0,51.0,50.0,52.0,49.0,52.0
17:30:38,192.6,29.49,1017,54.0,52.0,51.0,52.0,52.0,53.0,51.0,52.0
17:30:39,193.6,28.62,1014,62.0,62.0,57.0,60.0,58.0,60.0,58.0,58.0
17:30:40,194.6,3.81,1018,52.0,50.0,50.0,51.0,50.0,52.0,49.0,51.0
17:30:41,195.6,27.14,1018,53.0,51.0,51.0,51.0,51.0,52.0,50.0,52.0
17:30:42,196.6,30.45,1015,69.0,55.0,63.0,69.0,56.0,68.0,64.0,68.0
17:30:43,197.6,16.62,1018,69.0,55.0,63.0,69.0,56.0,68.0,64.0,68.0
17:30:44,198.6,30.56,1017,54.0,52.0,52.0,52.0,51.0,53.0,51.0,53.0
17:30:45,199.6,29.76,1015,56.0,54.0,54.0,56.0,55.0,56.0,54.0,55.0
17:30:46,200.6,11.58,1019,69.0,66.0,61.0,69.0,68.0,66.0,64.0,55.0
17:30:47,201.6,17.59,1019,53.0,51.0,50.0,51.0,50.0,52.0,49.0,51.0
17:30:48,202.6,30.27,1016,67.0,64.0,59.0,64.0,63.0,64.0,67.0,65.0
17:30:49,203.6,8.73,1018,67.0,64.0,59.0,64.0,63.0,52.0,49.0,51.0
17:30:50,204.6,29.08,1017,53.0,52.0,51.0,52.0,52.0,52.0,49.0,52.0
17:30:51,205.7,29.56,1016,55.0,54.0,54.0,54.0,54.0,56.0,53.0,55.0
17:30:52,206.7,14.13,1017,71.0,54.0,54.0,54.0,54.0,56.0,53.0,55.0
17:30:53,207.7,19.39,1018,53.0,51.0,51.0,51.0,51.0,52.0,49.0,52.0
17:30:54,208.7,27.88,1016,70.0,65.0,60.0,70.0,66.0,70.0,66.0,65.0
17:30:55,209.7,17.94,1017,70.0,65.0,60.0,70.0,66.0,70.0,66.0,65.0
17:30:56,210.7,21.77,1018,53.0,51.0,51.0,52.0,51.0,52.0,50.0,52.0
17:30:57,211.7,30.09,1017,55.0,53.0,52.0,54.0,53.0,55.0,53.0,54.0
17:30:58,212.7,25.64,1014,76.0,66.0,59.0,60.0,70.0,76.0,69.0,58.0
17:30:59,213.7,8.01,1020,76.0,66.0,51.0,51.0,51.0,52.0,49.0,52.0
17:31:00,214.7,25.86,1017,53.0,52.0,51.0,52.0,51.0,53.0,50.0,52.0
17:31:01,215.7,31.53,1015,71.0,65.0,51.0,52.0,51.0,53.0,50.0,52.0
17:31:02,216.7,10.35,1018,53.0,51.0,51.0,51.0,51.0,52.0,49.0,52.0
17:31:03,217.7,30.76,1017,54.0,53.0,52.0,53.0,53.0,54.0,52.0,54.0
17:31:04,218.7,29.52,1015,66.0,57.0,66.0,58.0,58.0,59.0,58.0,58.0
17:31:05,219.7,6.88,1020,66.0,57.0,66.0,58.0,58.0,59.0,58.0,58.0
17:31:06,220.7,24.86,1018,53.0,51.0,51.0,51.0,51.0,53.0,51.0,52.0
17:31:07,221.7,23.56,1018,66.0,55.0,63.0,65.0,65.0,66.0,65.0,65.0
17:31:08,222.7,17.97,1019,66.0,55.0,63.0,51.0,51.0,53.0,50.0,52.0
17:31:09,223.7,29.01,1018,54.0,52.0,52.0,53.0,52.0,54.0,51.0,53.0
17:31:10,224.7,29.31,1016,58.0,56.0,54.0,53.0,52.0,54.0,51.0,53.0
17:31:11,225.7,7.02,1020,66.0,66.0,64.0,65.0,65.0,66.0,54.0,54.0
17:31:12,226.7,23.49,1019,66.0,66.0,51.0,51.0,51.0,52.0,50.0,52.0
17:31:13,227.7,32.00,1015,75.0,66.0,51.0,51.0,51.0,52.0,50.0,52.0
17:31:14,228.7,9.30,1019,68.0,53.0,56.0,66.0,52.0,68.0,66.0,68.0
17:31:15,229.7,26.50,1019,68.0,51.0,51.0,52.0,51.0,53.0,51.0,52.0
17:31:16,230.7,29.24,1016,55.0,54.0,53.0,54.0,54.0,55.0,53.0,54.0
17:31:17,231.7,19.08,1017,55.0,54.0,53.0,54.0,54.0,55.0,53.0,54.0
17:31:18,232.7,14.01,1019,53.0,51.0,50.0,52.0,51.0,53.0,50.0,52.0
17:31:19,233.7,32.40,1016,72.0,68.0,56.0,59.0,72.0,60.0,68.0,58.0
17:31:20,234.7,19.94,1017,72.0,68.0,56.0,59.0,72.0,60.0,68.0,58.0
17:31:21,235.7,17.22,1019,53.0,51.0,51.0,52.0,51.0,53.0,50.0,52.0
17:31:22,236.7,28.96,1017,55.0,53.0,52.0,54.0,53.0,54.0,52.0,54.0
17:31:23,237.7,27.28,1015,69.0,66.0,58.0,65.0,60.0,61.0,69.0,59.0
17:31:24,238.8,6.30,1020,69.0,66.0,51.0,52.0,51.0,52.0,49.0,53.0
17:31:25,239.8,25.06,1019,53.0,52.0,51.0,53.0,52.0,53.0,51.0,53.0
17:31:26,240.8,35.28,1014,77.0,52.0,51.0,53.0,52.0,53.0,51.0,53.0
17:31:27,241.8,4.41,1020,53.0,51.0,50.0,51.0,51.0,52.0,49.0,52.0
17:31:28,242.8,28.85,1018,54.0,52.0,52.0,53.0,52.0,53.0,52.0,53.0
17:31:29,243.8,29.44,1015,60.0,58.0,57.0,59.0,58.0,60.0,58.0,59.0
17:31:30,244.8,3.72,1020,53.0,50.0,51.0,51.0,50.0,52.0,51.0,52.0
17:31:31,245.8,25.16,1019,53.0,51.0,51.0,52.0,51.0,53.0,51.0,52.0
17:31:32,246.8,22.66,1019,53.0,51.0,51.0,65.0,68.0,66.0,63.0,63.0
17:31:33,247.8,17.23,1019,53.0,51.0,51.0,65.0,68.0,66.0,63.0,63.0
17:31:34,248.8,28.59,1019,54.0,52.0,52.0,52.0,53.0,53.0,51.0,53.0
17:31:35,249.8,28.18,1015,56.0,55.0,54.0,56.0,55.0,57.0,55.0,56.0
17:31:36,250.8,8.04,1021,69.0,68.0,65.0,69.0,67.0,54.0,67.0,69.0
17:31:37,251.8,24.15,1019,69.0,51.0,51.0,52.0,51.0,53.0,50.0,52.0
17:31:38,252.8,21.04,1019,64.0,51.0,51.0,52.0,51.0,53.0,50.0,52.0
17:31:39,253.8,19.50,1020,68.0,64.0,65.0,54.0,64.0,55.0,55.0,68.0
17:31:40,254.8,26.84,1019,54.0,52.0,52.0,53.0,52.0,53.0,50.0,53.0
17:31:41,255.8,29.98,1016,56.0,54.0,54.0,56.0,54.0,56.0,54.0,55.0
17:31:42,256.8,20.16,1018,56.0,54.0,54.0,56.0,54.0,56.0,54.0,55.0
17:31:43,257.8,14.76,1020,53.0,52.0,51.0,52.0,51.0,53.0,51.0,52.0
17:31:44,258.8,33.48,1016,75.0,59.0,65.0,59.0,62.0,75.0,60.0,71.0
17:31:45,259.8,21.21,1017,75.0,59.0,65.0,59.0,62.0,75.0,60.0,71.0
17:31:46,260.8,14.56,1020,54.0,52.0,52.0,52.0,52.0,53.0,50.0,53.0
17:31:47,261.8,28.79,1019,55.0,53.0,52.0,54.0,53.0,55.0,52.0,54.0
17:31:48,262.8,28.53,1016,76.0,59.0,69.0,60.0,60.0,60.0,76.0,60.0
17:31:49,263.8,4.35,1020,76.0,51.0,51.0,52.0,51.0,53.0,50.0,52.0
17:31:50,264.8,26.29,1019,54.0,52.0,51.0,52.0,52.0,53.0,51.0,53.0
17:31:51,265.8,29.19,1017,54.0,52.0,51.0,52.0,52.0,53.0,51.0,53.0
17:31:52,266.8,13.08,1020,53.0,51.0,51.0,51.0,51.0,53.0,51.0,53.0
17:31:53,267.8,28.60,1020,54.0,53.0,52.0,53.0,52.0,53.0,52.0,53.0
17:31:54,268.8,28.63,1018,57.0,54.0,54.0,56.0,54.0,57.0,54.0,56.0
17:31:55,269.9,12.89,1020,73.0,66.0,63.0,68.0,65.0,68.0,56.0,73.0
17:31:56,270.9,16.98,1021,73.0,66.0,63.0,68.0,51.0,53.0,51.0,53.0
17:31:57,271.9,35.99,1015,75.0,67.0,60.0,75.0,51.0,53.0,51.0,53.0
17:31:58,272.9,10.96,1020,69.0,67.0,65.0,68.0,67.0,69.0,67.0,69.0
17:31:59,273.9,22.60,1020,69.0,67.0,65.0,68.0,67.0,53.0,51.0,53.0
17:32:00,274.9,29.73,1018,56.0,54.0,53.0,55.0,53.0,56.0,54.0,54.0
17:32:01,275.9,21.68,1018,70.0,68.0,64.0,69.0,68.0,56.0,54.0,54.0
17:32:02,276.9,11.57,1021,54.0,52.0,51.0,52.0,51.0,53.0,50.0,53.0
17:32:03,277.9,30.37,1018,71.0,69.0,64.0,71.0,65.0,68.0,69.0,70.0
17:32:04,278.9,19.12,1019,71.0,69.0,64.0,71.0,65.0,68.0,69.0,70.0
17:32:05,279.9,19.12,1020,54.0,52.0,52.0,52.0,52.0,53.0,51.0,52.0
17:32:06,280.9,29.53,1018,56.0,54.0,53.0,54.0,54.0,55.0,53.0,55.0
17:32:07,281.9,26.12,1017,74.0,71.0,66.0,61.0,72.0,74.0,61.0,61.0
17:32:08,282.9,7.16,1021,74.0,71.0,66.0,61.0,72.0,74.0,61.0,61.0
17:32:09,283.9,33.42,1016,60.0,57.0,55.0,58.0,57.0,61.0,58.0,60.0
17:32:10,284.9,23.83,1016,72.0,72.0,68.0,71.0,70.0,70.0,70.0,68.0
17:32:11,285.9,9.46,1020,72.0,72.0,68.0,71.0,70.0,70.0,70.0,68.0
17:32:12,286.9,29.26,1019,55.0,53.0,53.0,54.0,53.0,55.0,52.0,54.0
17:32:13,287.9,27.62,1015,70.0,60.0,64.0,70.0,60.0,61.0,60.0,59.0
17:32:14,288.9,4.68,1020,54.0,51.0,52.0,52.0,51.0,53.0,51.0,52.0
17:32:15,289.9,25.66,1020,54.0,52.0,52.0,53.0,53.0,54.0,51.0,53.0
17:32:16,290.9,26.17,1017,54.0,52.0,52.0,67.0,65.0,68.0,67.0,67.0
17:32:17,291.9,14.44,1021,54.0,52.0,51.0,67.0,65.0,68.0,67.0,67.0
17:32:18,292.9,29.31,1019,54.0,53.0,53.0,53.0,53.0,54.0,52.0,54.0
17:32:19,293.9,29.72,1016,58.0,56.0,55.0,57.0,56.0,58.0,52.0,54.0
17:32:20,294.9,8.22,1020,71.0,65.0,69.0,67.0,70.0,69.0,54.0,71.0
17:32:21,295.9,21.36,1021,54.0,52.0,52.0,52.0,52.0,53.0,51.0,53.0
17:32:22,296.9,35.83,1017,54.0,52.0,52.0,52.0,52.0,53.0,51.0,53.0
17:32:23,297.9,12.82,1021,73.0,73.0,70.0,73.0,68.0,70.0,57.0,69.0
17:32:24,298.9,22.61,1020,73.0,73.0,70.0,53.0,52.0,54.0,52.0,54.0
17:32:25,299.9,29.95,1018,56.0,55.0,54.0,56.0,54.0,56.0,54.0,56.0
17:32:26,300.9,3.45,1022,53.0,51.0,51.0,51.0,51.0,53.0,50.0,52.0
17:39:46,1.0,21.28,1018,42.0,40.0,40.0,42.0,41.0,42.0,40.0,41.0
17:39:47,2.0,31.16,1017,43.0,42.0,41.0,42.0,42.0,43.0,41.0,42.0
17:39:48,3.0,30.22,1018,44.0,42.0,42.0,44.0,43.0,45.0,42.0,44.0
17:39:49,4.0,29.27,1018,45.0,43.0,42.0,45.0,44.0,45.0,42.0,44.0
17:39:50,5.0,25.66,1020,45.0,42.0,42.0,43.0,42.0,45.0,41.0,43.0
17:39:51,6.0,36.90,1017,46.0,44.0,44.0,46.0,44.0,46.0,44.0,46.0
17:39:52,7.0,28.85,1018,45.0,44.0,43.0,45.0,43.0,45.0,43.0,45.0
17:39:53,8.0,28.42,1019,46.0,44.0,43.0,44.0,44.0,45.0,42.0,45.0
17:39:54,9.0,24.40,1020,47.0,45.0,44.0,45.0,45.0,47.0,43.0,45.0
17:39:55,10.0,34.21,1017,47.0,45.0,44.0,46.0,44.0,47.0,45.0,46.0
17:39:56,11.0,29.84,1019,47.0,44.0,44.0,45.0,45.0,47.0,44.0,46.0
17:39:57,12.0,30.04,1018,47.0,46.0,45.0,46.0,45.0,48.0,45.0,47.0
17:39:58,13.0,29.58,1018,48.0,46.0,45.0,47.0,45.0,48.0,45.0,47.0
17:39:59,14.1,32.45,1016,63.0,63.0,50.0,53.0,52.0,52.0,63.0,51.0
17:40:00,15.1,33.32,1016,63.0,63.0,50.0,53.0,52.0,52.0,63.0,51.0
17:40:01,16.1,28.42,1016,59.0,48.0,48.0,50.0,49.0,50.0,49.0,50.0
17:40:02,17.1,29.37,1018,50.0,47.0,46.0,48.0,47.0,50.0,46.0,48.0
17:40:03,18.1,25.68,1019,49.0,46.0,45.0,47.0,45.0,49.0,45.0,48.0
17:40:04,19.1,37.02,1016,50.0,48.0,47.0,49.0,47.0,50.0,47.0,50.0
17:40:05,20.1,28.67,1017,49.0,47.0,46.0,48.0,47.0,49.0,46.0,49.0
17:40:06,21.1,29.30,1019,49.0,47.0,46.0,48.0,46.0,49.0,46.0,49.0
17:40:07,22.1,23.47,1020,47.0,45.0,45.0,46.0,44.0,47.0,45.0,47.0
17:40:08,23.1,34.30,1018,50.0,47.0,47.0,50.0,47.0,49.0,47.0,49.0
17:40:09,24.1,27.56,1020,48.0,46.0,46.0,47.0,45.0,48.0,45.0,48.0
17:40:10,25.1,26.62,1019,48.0,45.0,45.0,47.0,45.0,47.0,45.0,48.0
17:40:11,26.1,25.85,1020,53.0,45.0,50.0,52.0,51.0,52.0,45.0,48.0
17:40:12,27.1,26.86,1020,49.0,47.0,45.0,48.0,46.0,49.0,45.0,47.0
17:40:13,28.1,27.78,1018,50.0,48.0,47.0,50.0,47.0,49.0,47.0,49.0
17:40:14,29.1,27.68,1018,49.0,47.0,45.0,48.0,47.0,49.0,46.0,48.0
17:40:15,30.1,27.79,1020,49.0,47.0,46.0,48.0,46.0,49.0,46.0,48.0
17:40:16,31.1,32.29,1017,50.0,49.0,47.0,49.0,48.0,50.0,48.0,49.0
17:40:17,32.1,27.22,1019,49.0,47.0,46.0,48.0,46.0,49.0,46.0,48.0
17:40:18,33.1,26.62,1020,48.0,47.0,45.0,47.0,45.0,49.0,45.0,48.0
17:40:19,34.1,27.39,1020,59.0,46.0,53.0,46.0,57.0,48.0,57.0,59.0
17:40:20,35.1,30.40,1019,49.0,47.0,46.0,49.0,47.0,49.0,47.0,48.0
17:40:21,36.1,23.27,1020,49.0,47.0,46.0,49.0,47.0,48.0,46.0,47.0
17:40:22,37.1,27.48,1019,49.0,47.0,46.0,48.0,46.0,49.0,47.0,48.0
17:40:23,38.1,28.33,1019,49.0,47.0,46.0,48.0,46.0,49.0,46.0,48.0
17:40:24,39.1,25.00,1020,49.0,47.0,46.0,48.0,46.0,49.0,46.0,48.0
17:40:25,40.1,24.86,1018,50.0,48.0,47.0,50.0,48.0,50.0,47.0,49.0
17:40:26,41.2,27.25,1016,53.0,52.0,50.0,53.0,52.0,53.0,51.0,51.0
17:40:27,42.2,27.25,1016,53.0,52.0,50.0,53.0,52.0,53.0,51.0,51.0
17:40:28,43.2,26.68,1019,50.0,49.0,48.0,50.0,48.0,50.0,48.0,50.0
17:40:29,44.2,24.00,1019,61.0,59.0,56.0,60.0,58.0,61.0,58.0,59.0
17:40:30,45.2,27.72,1016,61.0,59.0,56.0,60.0,58.0,61.0,58.0,59.0
17:40:31,46.2,31.07,1015,72.0,53.0,53.0,55.0,54.0,56.0,54.0,72.0
17:40:32,47.2,27.28,1016,72.0,53.0,53.0,55.0,54.0,56.0,54.0,72.0
17:40:33,48.2,15.22,1020,52.0,50.0,49.0,51.0,50.0,52.0,50.0,52.0
17:40:35,49.2,28.52,1020,52.0,50.0,49.0,51.0,50.0,52.0,50.0,52.0
17:40:36,50.2,33.87,1018,66.0,63.0,60.0,66.0,64.0,66.0,64.0,61.0
17:40:37,51.2,32.60,1015,66.0,63.0,60.0,66.0,64.0,66.0,64.0,61.0
17:40:38,52.2,23.94,1016,52.0,50.0,50.0,51.0,51.0,52.0,50.0,52.0
17:40:39,53.2,19.59,1020,63.0,61.0,58.0,63.0,60.0,62.0,60.0,61.0
17:40:40,54.2,17.58,1021,63.0,61.0,58.0,63.0,60.0,62.0,60.0,61.0
17:40:41,55.2,34.11,1020,70.0,62.0,59.0,63.0,68.0,63.0,66.0,70.0
17:40:42,56.2,33.56,1018,70.0,62.0,59.0,63.0,68.0,63.0,66.0,70.0
17:40:43,57.2,20.58,1019,52.0,51.0,48.0,51.0,48.0,52.0,48.0,50.0
17:40:44,58.2,38.15,1016,52.0,51.0,48.0,51.0,48.0,52.0,48.0,50.0
17:40:45,59.2,32.51,1016,70.0,62.0,62.0,68.0,70.0,68.0,66.0,63.0
17:40:46,60.2,29.25,1015,70.0,62.0,62.0,68.0,70.0,68.0,66.0,63.0
17:40:47,61.2,14.35,1020,51.0,49.0,48.0,50.0,48.0,50.0,48.0,51.0
17:40:48,62.2,16.34,1022,52.0,48.0,49.0,52.0,47.0,50.0,47.0,49.0
17:40:49,63.2,32.11,1021,52.0,48.0,49.0,52.0,47.0,50.0,47.0,49.0
17:40:50,64.2,33.01,1018,72.0,63.0,60.0,64.0,64.0,72.0,63.0,66.0
17:40:51,65.2,27.25,1018,72.0,63.0,60.0,64.0,64.0,72.0,63.0,66.0
17:40:52,66.2,19.56,1020,67.0,48.0,49.0,50.0,48.0,66.0,48.0,65.0
17:40:53,67.2,32.94,1020,67.0,48.0,49.0,50.0,48.0,66.0,48.0,65.0
17:40:54,68.2,34.67,1019,71.0,51.0,59.0,69.0,67.0,64.0,63.0,64.0
17:40:55,69.2,36.26,1018,71.0,51.0,59.0,69.0,67.0,64.0,63.0,64.0
17:40:56,70.2,26.33,1019,65.0,51.0,59.0,53.0,64.0,64.0,62.0,63.0
17:40:57,71.2,41.17,1016,65.0,51.0,59.0,53.0,64.0,64.0,62.0,63.0
17:40:58,72.2,31.36,1015,70.0,70.0,56.0,60.0,58.0,58.0,57.0,57.0
17:40:59,73.2,26.14,1016,70.0,54.0,52.0,54.0,53.0,55.0,52.0,53.0
17:41:00,74.2,32.12,1017,73.0,54.0,52.0,54.0,53.0,55.0,52.0,53.0
17:41:01,75.2,29.19,1017,55.0,54.0,52.0,54.0,54.0,55.0,53.0,54.0
17:41:02,76.2,27.53,1017,54.0,53.0,51.0,53.0,52.0,55.0,53.0,53.0
17:41:03,77.2,27.28,1018,53.0,52.0,51.0,52.0,51.0,53.0,51.0,53.0
17:41:04,78.2,30.60,1016,53.0,52.0,51.0,52.0,51.0,53.0,51.0,53.0
17:41:05,79.2,26.97,1017,53.0,52.0,51.0,53.0,52.0,53.0,51.0,53.0
17:41:06,80.2,27.08,1019,53.0,51.0,50.0,52.0,51.0,53.0,49.0,52.0
17:41:07,81.3,27.03,1020,52.0,50.0,50.0,51.0,50.0,52.0,49.0,52.0
17:41:08,82.3,28.47,1021,52.0,50.0,50.0,51.0,50.0,52.0,67.0,69.0
17:41:09,83.3,25.56,1020,52.0,51.0,50.0,51.0,50.0,52.0,67.0,69.0
17:41:10,84.3,27.55,1017,54.0,52.0,51.0,53.0,52.0,54.0,52.0,53.0
17:41:11,85.3,27.20,1018,53.0,51.0,51.0,52.0,51.0,53.0,50.0,53.0
17:41:12,86.3,22.97,1019,52.0,50.0,49.0,50.0,50.0,52.0,49.0,51.0
17:41:13,87.3,34.21,1018,54.0,52.0,51.0,53.0,52.0,54.0,51.0,53.0
17:41:14,88.3,27.45,1020,52.0,51.0,50.0,52.0,50.0,53.0,49.0,52.0
17:41:15,89.3,27.13,1021,52.0,50.0,50.0,51.0,50.0,52.0,49.0,52.0
17:41:16,90.3,31.84,1020,70.0,68.0,65.0,70.0,67.0,69.0,67.0,69.0
17:41:17,91.3,22.54,1020,70.0,68.0,65.0,51.0,51.0,52.0,49.0,52.0
17:41:18,92.3,27.44,1018,53.0,52.0,52.0,53.0,52.0,53.0,51.0,53.0
17:41:19,93.3,27.37,1019,53.0,52.0,51.0,52.0,51.0,53.0,51.0,52.0
17:41:20,94.3,26.82,1020,53.0,51.0,51.0,51.0,51.0,53.0,50.0,52.0
17:41:21,95.3,28.61,1018,54.0,53.0,53.0,54.0,53.0,55.0,53.0,53.0
17:41:22,96.3,27.43,1016,54.0,53.0,53.0,54.0,53.0,55.0,53.0,54.0
17:41:23,97.3,27.40,1017,54.0,53.0,52.0,54.0,53.0,54.0,53.0,54.0
17:41:24,98.3,27.66,1018,53.0,53.0,51.0,53.0,53.0,54.0,52.0,53.0
17:41:25,99.3,23.68,1019,53.0,51.0,51.0,51.0,51.0,53.0,51.0,52.0
17:41:26,100.3,31.20,1019,54.0,53.0,51.0,53.0,53.0,53.0,51.0,53.0
17:41:27,101.3,27.71,1016,56.0,55.0,53.0,56.0,54.0,56.0,54.0,55.0
17:41:28,102.3,27.74,1017,55.0,54.0,52.0,54.0,54.0,55.0,53.0,54.0
17:41:29,103.3,23.92,1019,55.0,54.0,52.0,53.0,52.0,53.0,51.0,53.0
17:41:30,104.3,33.30,1017,56.0,54.0,53.0,53.0,52.0,53.0,51.0,53.0
17:41:31,105.3,27.57,1018,55.0,53.0,52.0,54.0,53.0,55.0,52.0,53.0
17:41:32,106.3,27.17,1019,54.0,53.0,52.0,53.0,52.0,54.0,51.0,53.0
17:41:33,107.3,27.22,1020,54.0,52.0,51.0,52.0,51.0,53.0,51.0,52.0
17:41:34,108.4,28.72,1019,55.0,53.0,52.0,55.0,54.0,55.0,53.0,52.0
17:41:35,109.4,28.29,1017,56.0,55.0,53.0,56.0,54.0,56.0,55.0,55.0
17:41:36,110.4,28.18,1018,55.0,54.0,53.0,54.0,53.0,55.0,53.0,54.0
17:41:37,111.4,27.57,1019,55.0,53.0,53.0,53.0,51.0,55.0,52.0,54.0
17:41:38,112.4,31.11,1017,57.0,55.0,53.0,56.0,54.0,57.0,54.0,55.0
17:41:39,113.4,27.40,1019,55.0,53.0,52.0,54.0,53.0,55.0,53.0,54.0
17:41:40,114.4,27.07,1020,54.0,52.0,51.0,53.0,52.0,54.0,52.0,53.0
17:41:41,115.4,27.30,1020,54.0,52.0,51.0,53.0,52.0,53.0,51.0,53.0
17:41:42,116.4,33.17,1018,70.0,70.0,57.0,61.0,60.0,61.0,59.0,63.0
17:41:43,117.4,20.09,1019,53.0,52.0,52.0,53.0,52.0,53.0,52.0,53.0
17:41:44,118.4,27.40,1017,55.0,54.0,53.0,54.0,54.0,55.0,53.0,55.0
17:41:45,119.4,27.14,1019,55.0,54.0,53.0,54.0,53.0,55.0,53.0,55.0
17:41:46,120.4,23.89,1020,54.0,53.0,52.0,53.0,52.0,53.0,51.0,54.0
17:41:47,121.4,30.10,1018,54.0,53.0,53.0,55.0,54.0,56.0,54.0,55.0
17:41:48,122.4,26.99,1016,60.0,57.0,53.0,55.0,54.0,56.0,54.0,55.0
17:41:49,123.4,26.79,1016,58.0,56.0,54.0,57.0,55.0,58.0,55.0,56.0
17:41:50,124.4,26.08,1018,56.0,54.0,53.0,55.0,54.0,56.0,54.0,55.0
17:41:51,125.4,10.40,1020,53.0,51.0,51.0,51.0,51.0,53.0,50.0,53.0
17:41:52,126.4,28.17,1019,73.0,67.0,65.0,73.0,66.0,72.0,66.0,67.0
17:41:53,127.4,30.87,1018,73.0,67.0,65.0,73.0,66.0,72.0,66.0,67.0
17:41:54,128.4,30.90,1018,70.0,68.0,65.0,70.0,68.0,70.0,68.0,69.0
17:41:55,129.4,20.63,1018,70.0,68.0,65.0,70.0,68.0,70.0,68.0,69.0
17:41:56,130.4,16.22,1021,53.0,51.0,51.0,51.0,51.0,53.0,50.0,52.0
17:41:57,131.4,27.01,1020,53.0,52.0,51.0,52.0,51.0,53.0,50.0,52.0
17:41:58,132.4,27.83,1020,64.0,62.0,52.0,64.0,52.0,54.0,55.0,63.0
17:41:59,133.4,33.90,1021,64.0,62.0,52.0,64.0,52.0,54.0,55.0,63.0
17:42:00,134.4,27.51,1018,55.0,54.0,53.0,54.0,54.0,55.0,54.0,55.0
17:42:01,135.4,18.93,1020,53.0,52.0,51.0,52.0,51.0,53.0,51.0,53.0
17:42:02,136.4,27.40,1020,54.0,52.0,52.0,53.0,52.0,54.0,51.0,54.0
17:42:03,137.4,27.52,1020,54.0,52.0,52.0,53.0,52.0,53.0,52.0,53.0
17:42:04,138.5,35.11,1019,75.0,61.0,57.0,60.0,67.0,75.0,58.0,75.0
17:42:05,139.5,18.85,1020,54.0,53.0,53.0,53.0,52.0,54.0,52.0,54.0
17:42:06,140.5,26.99,1019,55.0,54.0,52.0,54.0,53.0,55.0,53.0,55.0
17:42:07,141.5,26.86,1019,55.0,53.0,53.0,54.0,53.0,55.0,53.0,54.0
17:42:08,142.5,26.35,1020,55.0,53.0,52.0,53.0,53.0,55.0,52.0,54.0
17:42:09,143.5,27.49,1018,57.0,55.0,53.0,55.0,54.0,57.0,55.0,55.0
17:42:10,144.5,26.09,1016,59.0,56.0,55.0,58.0,56.0,57.0,55.0,55.0
17:42:11,145.5,26.55,1018,57.0,55.0,53.0,56.0,55.0,57.0,55.0,56.0
17:42:12,146.5,26.55,1018,56.0,54.0,53.0,55.0,54.0,57.0,54.0,55.0
17:42:13,147.5,22.82,1020,55.0,54.0,53.0,54.0,53.0,54.0,53.0,55.0
17:42:14,148.5,27.85,1017,58.0,56.0,55.0,57.0,56.0,58.0,56.0,57.0
17:42:15,149.5,17.68,1018,58.0,56.0,55.0,57.0,56.0,58.0,56.0,57.0
17:42:16,150.5,30.55,1017,71.0,69.0,66.0,71.0,69.0,71.0,71.0,70.0
17:42:17,151.5,27.44,1017,71.0,69.0,66.0,71.0,69.0,71.0,71.0,70.0
17:42:18,152.5,15.00,1021,71.0,71.0,68.0,71.0,69.0,71.0,70.0,71.0
17:42:19,153.5,37.06,1017,71.0,71.0,68.0,71.0,69.0,71.0,70.0,71.0
17:42:20,154.5,33.07,1017,72.0,60.0,59.0,72.0,60.0,72.0,61.0,72.0
17:42:21,155.5,31.34,1017,72.0,60.0,59.0,72.0,60.0,72.0,61.0,72.0
17:42:22,156.5,25.85,1018,69.0,68.0,65.0,69.0,68.0,69.0,69.0,67.0
17:42:23,157.5,36.09,1015,69.0,68.0,65.0,69.0,68.0,69.0,69.0,67.0
17:42:24,158.5,27.38,1016,59.0,58.0,56.0,59.0,57.0,60.0,58.0,59.0
17:42:25,159.5,26.48,1018,58.0,56.0,55.0,57.0,55.0,58.0,56.0,57.0
17:42:26,160.5,15.92,1021,58.0,56.0,55.0,57.0,55.0,58.0,56.0,57.0
17:42:27,161.5,21.30,1021,73.0,72.0,69.0,72.0,70.0,73.0,70.0,71.0
17:42:28,162.5,33.97,1019,73.0,72.0,69.0,72.0,70.0,73.0,70.0,71.0
17:42:29,163.5,32.45,1018,72.0,69.0,67.0,71.0,69.0,72.0,70.0,71.0
17:42:30,164.5,29.68,1017,72.0,69.0,67.0,71.0,69.0,72.0,70.0,71.0
17:42:31,165.5,22.45,1019,71.0,68.0,67.0,70.0,70.0,71.0,68.0,69.0
17:42:32,166.5,17.98,1020,71.0,68.0,67.0,70.0,70.0,71.0,68.0,69.0
17:42:33,167.5,32.14,1019,76.0,67.0,65.0,69.0,67.0,76.0,68.0,70.0
17:42:34,168.5,31.98,1018,76.0,67.0,65.0,69.0,67.0,76.0,68.0,70.0
17:42:35,169.5,19.62,1020,56.0,55.0,54.0,54.0,54.0,56.0,55.0,55.0
17:42:36,170.5,18.67,1022,54.0,52.0,52.0,53.0,52.0,53.0,52.0,54.0
17:42:37,171.5,27.29,1021,65.0,54.0,53.0,55.0,54.0,64.0,54.0,56.0
17:42:38,172.6,31.62,1022,65.0,54.0,53.0,55.0,54.0,64.0,54.0,56.0
17:42:39,173.6,34.33,1020,76.0,67.0,60.0,61.0,76.0,61.0,66.0,60.0
17:42:40,174.6,18.13,1021,55.0,54.0,53.0,54.0,53.0,55.0,53.0,55.0
17:42:41,175.6,27.66,1020,55.0,53.0,53.0,54.0,53.0,55.0,53.0,55.0
17:42:42,176.6,29.84,1021,55.0,53.0,53.0,54.0,53.0,55.0,53.0,55.0
17:42:43,177.6,34.13,1021,74.0,67.0,73.0,74.0,66.0,73.0,65.0,71.0
17:42:44,178.6,20.74,1021,56.0,54.0,53.0,54.0,54.0,55.0,53.0,55.0
17:42:45,179.6,28.37,1020,56.0,55.0,54.0,54.0,54.0,55.0,53.0,55.0
17:42:46,180.6,28.20,1020,55.0,55.0,53.0,54.0,54.0,56.0,53.0,55.0
17:42:47,181.6,32.02,1020,73.0,57.0,55.0,72.0,55.0,73.0,55.0,73.0
17:42:48,182.6,33.77,1018,73.0,57.0,55.0,72.0,55.0,73.0,55.0,73.0
17:42:49,183.6,20.47,1021,56.0,54.0,53.0,54.0,53.0,55.0,53.0,55.0
17:42:50,184.6,29.61,1022,70.0,69.0,68.0,55.0,70.0,56.0,69.0,56.0
17:42:51,185.6,33.10,1020,70.0,69.0,68.0,55.0,70.0,72.0,69.0,72.0
17:42:52,186.6,29.51,1019,58.0,57.0,55.0,58.0,55.0,72.0,69.0,72.0
17:42:53,187.6,26.52,1020,58.0,57.0,55.0,58.0,55.0,75.0,71.0,71.0
17:42:54,188.6,32.24,1020,75.0,69.0,71.0,69.0,74.0,69.0,68.0,75.0
17:42:55,189.6,33.16,1018,75.0,69.0,71.0,69.0,74.0,69.0,68.0,75.0
17:42:56,190.6,24.90,1018,59.0,58.0,56.0,59.0,56.0,58.0,57.0,57.0
17:42:57,191.6,31.43,1019,59.0,58.0,56.0,59.0,56.0,58.0,57.0,57.0
17:42:58,192.6,32.26,1018,72.0,70.0,67.0,70.0,70.0,72.0,72.0,71.0
17:42:59,193.6,32.18,1017,72.0,70.0,67.0,70.0,70.0,72.0,72.0,71.0
17:43:00,194.6,17.83,1020,57.0,56.0,54.0,57.0,55.0,57.0,56.0,57.0
17:43:01,195.6,37.74,1018,73.0,70.0,69.0,74.0,71.0,70.0,72.0,70.0
17:43:02,196.6,31.94,1017,73.0,70.0,69.0,74.0,71.0,70.0,72.0,70.0
17:43:03,197.6,27.53,1017,61.0,60.0,58.0,61.0,60.0,61.0,60.0,61.0
17:43:04,198.6,23.31,1019,59.0,57.0,56.0,59.0,57.0,59.0,56.0,58.0
17:43:05,199.6,11.73,1021,59.0,57.0,56.0,59.0,57.0,59.0,56.0,58.0
17:43:06,200.6,17.44,1022,55.0,53.0,52.0,53.0,53.0,54.0,52.0,54.0
17:43:07,201.6,26.81,1022,60.0,55.0,57.0,54.0,53.0,60.0,53.0,55.0
17:43:08,202.6,32.66,1021,73.0,72.0,69.0,73.0,70.0,73.0,67.0,73.0
17:43:09,203.6,30.41,1020,73.0,72.0,69.0,73.0,70.0,73.0,67.0,73.0
17:43:10,204.6,18.62,1022,56.0,54.0,53.0,55.0,54.0,56.0,53.0,55.0
17:43:11,205.6,26.77,1021,56.0,55.0,54.0,55.0,54.0,56.0,54.0,56.0
17:43:12,206.6,27.12,1021,56.0,54.0,53.0,55.0,54.0,56.0,54.0,55.0
17:43:13,207.7,26.69,1022,56.0,54.0,54.0,55.0,53.0,56.0,54.0,55.0
17:43:14,208.7,27.74,1020,57.0,56.0,54.0,56.0,55.0,57.0,55.0,56.0
17:43:15,209.7,27.26,1020,58.0,57.0,55.0,58.0,56.0,58.0,56.0,57.0
17:43:16,210.7,26.50,1020,57.0,56.0,55.0,57.0,55.0,57.0,55.0,57.0
17:43:17,211.7,27.94,1020,57.0,57.0,55.0,57.0,56.0,57.0,55.0,57.0
17:43:18,212.7,23.66,1021,57.0,55.0,54.0,55.0,54.0,57.0,54.0,56.0
17:43:19,213.7,32.74,1020,58.0,56.0,55.0,57.0,55.0,58.0,55.0,58.0
17:43:20,214.7,27.45,1020,58.0,57.0,55.0,57.0,55.0,58.0,56.0,58.0
17:43:21,215.7,26.85,1022,57.0,56.0,54.0,56.0,55.0,57.0,55.0,57.0
17:43:22,216.7,25.78,1022,68.0,68.0,63.0,67.0,64.0,60.0,68.0,66.0
17:43:23,217.7,29.68,1020,68.0,68.0,55.0,57.0,55.0,58.0,56.0,57.0
17:43:24,218.7,28.11,1020,58.0,57.0,55.0,57.0,55.0,57.0,56.0,58.0
17:43:25,219.7,26.74,1021,57.0,56.0,54.0,56.0,55.0,57.0,55.0,57.0
17:43:26,220.7,24.76,1022,57.0,56.0,54.0,56.0,54.0,57.0,54.0,57.0
17:43:27,221.7,29.18,1021,58.0,57.0,55.0,57.0,56.0,57.0,56.0,58.0
17:43:28,222.7,27.78,1020,59.0,58.0,57.0,59.0,57.0,59.0,57.0,59.0
17:43:29,223.7,27.14,1020,58.0,57.0,56.0,58.0,56.0,58.0,56.0,58.0
17:43:30,224.7,27.14,1020,58.0,57.0,55.0,57.0,55.0,58.0,56.0,58.0
17:43:31,225.7,28.86,1019,61.0,59.0,58.0,60.0,59.0,61.0,58.0,60.0
17:43:32,226.7,27.30,1018,61.0,59.0,58.0,60.0,59.0,61.0,58.0,60.0
17:43:33,227.7,26.87,1019,59.0,58.0,57.0,59.0,58.0,60.0,57.0,60.0
17:43:34,228.7,27.27,1021,59.0,57.0,56.0,58.0,56.0,58.0,57.0,58.0
17:43:35,229.7,22.95,1022,58.0,56.0,55.0,57.0,55.0,57.0,55.0,58.0
17:43:36,230.7,30.55,1020,59.0,58.0,57.0,59.0,57.0,59.0,57.0,59.0
17:43:37,231.7,26.05,1019,78.0,62.0,70.0,78.0,76.0,77.0,65.0,75.0
17:43:38,232.7,28.06,1017,63.0,60.0,59.0,62.0,61.0,63.0,61.0,61.0
17:43:39,233.8,23.04,1020,63.0,60.0,59.0,62.0,61.0,63.0,61.0,61.0
17:43:40,234.8,30.81,1019,78.0,65.0,72.0,78.0,77.0,77.0,68.0,64.0
17:43:41,235.8,28.21,1020,61.0,59.0,57.0,60.0,59.0,61.0,58.0,60.0
17:43:42,236.8,26.18,1020,59.0,58.0,57.0,59.0,57.0,59.0,57.0,59.0
17:43:43,237.8,22.85,1019,59.0,58.0,57.0,59.0,57.0,60.0,57.0,59.0
17:43:44,238.8,14.13,1020,58.0,57.0,55.0,58.0,56.0,60.0,57.0,59.0
17:43:45,239.8,15.13,1023,56.0,54.0,54.0,55.0,54.0,55.0,53.0,55.0
17:43:46,240.8,26.92,1022,56.0,55.0,54.0,55.0,54.0,56.0,54.0,55.0
17:43:47,241.8,26.72,1023,56.0,55.0,53.0,56.0,54.0,56.0,54.0,56.0
17:43:48,242.8,26.49,1023,57.0,55.0,54.0,56.0,54.0,56.0,54.0,56.0
17:43:49,243.8,27.22,1022,58.0,57.0,55.0,57.0,55.0,58.0,56.0,57.0
17:43:50,244.8,26.35,1019,59.0,58.0,56.0,59.0,57.0,58.0,56.0,57.0
17:43:51,245.8,26.43,1020,59.0,57.0,56.0,57.0,56.0,59.0,56.0,58.0
17:43:52,246.8,26.58,1021,58.0,57.0,55.0,57.0,56.0,58.0,56.0,58.0
17:43:53,247.8,22.64,1023,57.0,56.0,54.0,56.0,55.0,57.0,55.0,56.0
17:43:54,248.8,30.59,1020,59.0,58.0,57.0,59.0,57.0,59.0,57.0,59.0
17:43:55,249.8,26.63,1021,58.0,57.0,55.0,57.0,55.0,58.0,56.0,58.0
17:43:56,250.8,26.22,1022,58.0,56.0,54.0,57.0,55.0,58.0,55.0,58.0
17:43:57,251.8,22.86,1022,58.0,57.0,54.0,57.0,55.0,57.0,55.0,58.0
17:43:58,252.8,29.99,1020,59.0,57.0,56.0,58.0,56.0,59.0,56.0,58.0
17:43:59,253.8,26.55,1021,58.0,56.0,55.0,57.0,55.0,58.0,55.0,57.0
17:44:00,254.8,26.66,1023,58.0,56.0,55.0,56.0,55.0,57.0,55.0,57.0
17:44:01,255.8,25.93,1023,57.0,56.0,54.0,56.0,54.0,57.0,54.0,56.0
17:44:02,256.8,24.45,1021,59.0,57.0,57.0,58.0,56.0,59.0,56.0,57.0
17:44:03,257.8,26.49,1018,60.0,59.0,58.0,60.0,59.0,60.0,59.0,60.0
17:44:04,258.8,26.76,1020,60.0,59.0,58.0,60.0,59.0,60.0,59.0,59.0
17:44:05,259.8,25.64,1020,59.0,58.0,56.0,59.0,57.0,59.0,57.0,59.0
17:44:06,260.8,9.01,1023,56.0,55.0,53.0,55.0,54.0,56.0,54.0,56.0
17:44:07,261.9,15.81,1024,55.0,54.0,54.0,54.0,53.0,55.0,52.0,54.0
17:44:08,262.9,28.78,1022,67.0,55.0,64.0,56.0,65.0,57.0,66.0,67.0
17:44:09,263.9,27.40,1023,67.0,55.0,64.0,56.0,65.0,57.0,66.0,67.0
17:44:10,264.9,32.70,1023,76.0,71.0,72.0,72.0,74.0,73.0,75.0,76.0
17:44:11,265.9,28.15,1021,76.0,71.0,72.0,72.0,74.0,73.0,75.0,76.0
17:44:12,266.9,19.33,1023,57.0,56.0,54.0,56.0,55.0,56.0,55.0,57.0
17:44:13,267.9,28.18,1023,57.0,56.0,55.0,56.0,54.0,57.0,55.0,57.0
17:44:14,268.9,28.20,1023,69.0,69.0,56.0,57.0,56.0,58.0,55.0,57.0
17:44:15,269.9,37.03,1020,62.0,59.0,60.0,61.0,61.0,62.0,61.0,61.0
17:44:16,270.9,21.41,1022,58.0,56.0,54.0,56.0,55.0,57.0,55.0,57.0
17:44:17,271.9,28.24,1023,70.0,57.0,68.0,62.0,68.0,69.0,69.0,70.0
17:44:18,272.9,31.92,1023,70.0,57.0,68.0,62.0,68.0,69.0,69.0,70.0
17:44:19,273.9,32.71,1022,74.0,74.0,61.0,63.0,62.0,65.0,62.0,63.0
17:44:20,274.9,21.00,1024,58.0,56.0,55.0,57.0,55.0,57.0,55.0,58.0
17:44:21,275.9,28.97,1023,73.0,73.0,64.0,71.0,69.0,69.0,66.0,60.0
17:44:22,276.9,32.23,1023,73.0,73.0,64.0,71.0,69.0,69.0,66.0,60.0
17:44:23,277.9,32.56,1022,75.0,75.0,68.0,73.0,70.0,72.0,75.0,69.0
17:44:24,278.9,28.89,1022,75.0,75.0,68.0,73.0,70.0,72.0,75.0,69.0
17:44:25,279.9,32.99,1022,75.0,75.0,67.0,71.0,70.0,73.0,71.0,71.0
17:44:26,280.9,32.23,1022,75.0,75.0,67.0,71.0,70.0,73.0,71.0,71.0
17:44:27,281.9,31.93,1020,75.0,75.0,63.0,66.0,64.0,66.0,65.0,65.0
17:44:28,282.9,20.74,1022,75.0,75.0,63.0,66.0,64.0,66.0,65.0,65.0
17:44:29,283.9,35.12,1021,74.0,72.0,69.0,73.0,71.0,74.0,73.0,72.0
17:44:30,284.9,31.21,1020,74.0,72.0,69.0,73.0,71.0,74.0,73.0,72.0
17:44:31,285.9,30.64,1019,76.0,65.0,63.0,66.0,76.0,66.0,64.0,64.0
17:44:32,286.9,14.00,1024,76.0,58.0,56.0,59.0,57.0,59.0,56.0,59.0
17:44:33,287.9,18.18,1025,57.0,56.0,54.0,56.0,54.0,56.0,54.0,56.0
17:44:34,288.9,26.92,1024,57.0,56.0,54.0,56.0,54.0,56.0,54.0,56.0
17:44:35,289.9,31.08,1023,75.0,58.0,71.0,73.0,73.0,59.0,57.0,73.0
17:44:36,290.9,33.74,1023,75.0,58.0,71.0,73.0,73.0,59.0,57.0,73.0
17:44:37,291.9,27.96,1022,74.0,58.0,69.0,72.0,71.0,60.0,58.0,73.0
17:44:38,292.9,32.32,1023,74.0,58.0,69.0,72.0,71.0,60.0,58.0,73.0
17:44:39,293.9,32.66,1023,78.0,78.0,68.0,73.0,70.0,73.0,72.0,71.0
17:44:40,294.9,33.29,1022,78.0,78.0,68.0,73.0,70.0,73.0,72.0,71.0
17:44:41,295.9,27.71,1023,74.0,71.0,69.0,73.0,71.0,73.0,72.0,72.0
17:44:42,296.9,29.15,1021,74.0,71.0,69.0,73.0,71.0,73.0,72.0,72.0
17:44:43,297.9,29.90,1021,79.0,72.0,68.0,73.0,71.0,74.0,72.0,71.0
17:44:44,298.9,32.00,1021,79.0,72.0,68.0,73.0,71.0,74.0,72.0,71.0
17:44:45,299.9,19.73,1021,60.0,58.0,57.0,59.0,57.0,60.0,58.0,60.0
17:44:46,300.9,21.16,1024,58.0,56.0,55.0,57.0,55.0,58.0,56.0,58.0
19:04:45,1.0,20.52,1017,40.0,40.0,39.0,41.0,40.0,41.0,39.0,40.0
19:04:46,2.0,30.23,1018,58.0,40.0,39.0,41.0,40.0,41.0,39.0,40.0
19:04:47,3.0,43.03,1013,61.0,56.0,57.0,61.0,55.0,59.0,58.0,57.0
19:04:48,4.0,28.87,1015,61.0,56.0,57.0,45.0,43.0,45.0,43.0,45.0
19:04:49,5.0,29.43,1015,47.0,44.0,43.0,45.0,44.0,47.0,44.0,46.0
19:04:50,6.0,32.85,1017,47.0,44.0,43.0,45.0,44.0,47.0,44.0,46.0
19:04:51,7.0,42.56,1014,49.0,48.0,46.0,49.0,47.0,49.0,46.0,48.0
19:04:52,8.0,28.67,1014,49.0,48.0,46.0,48.0,46.0,49.0,47.0,48.0
19:04:53,9.0,26.84,1016,49.0,45.0,44.0,46.0,44.0,47.0,45.0,46.0
19:04:54,10.0,23.47,1018,46.0,44.0,42.0,44.0,43.0,45.0,43.0,44.0
19:04:55,11.0,38.18,1015,49.0,47.0,45.0,47.0,45.0,49.0,46.0,48.0
19:04:56,12.0,34.44,1015,49.0,47.0,45.0,47.0,45.0,49.0,46.0,48.0
19:04:57,13.0,32.77,1015,49.0,47.0,45.0,48.0,46.0,49.0,46.0,48.0
19:04:58,14.0,23.23,1018,47.0,45.0,43.0,46.0,45.0,46.0,45.0,46.0
19:04:59,15.0,22.34,1019,52.0,49.0,50.0,49.0,47.0,49.0,51.0,52.0
19:05:00,16.0,30.48,1015,52.0,46.0,45.0,46.0,45.0,48.0,45.0,48.0
19:05:01,17.1,32.95,1015,54.0,46.0,45.0,46.0,45.0,48.0,45.0,48.0
19:05:02,18.1,48.30,1013,69.0,54.0,53.0,69.0,62.0,53.0,53.0,52.0
19:05:03,19.1,39.12,1013,69.0,54.0,53.0,69.0,62.0,53.0,53.0,52.0
19:05:04,20.1,30.11,1015,50.0,48.0,47.0,49.0,47.0,50.0,47.0,49.0
19:05:05,21.1,33.81,1017,69.0,61.0,60.0,65.0,67.0,69.0,67.0,68.0
19:05:06,22.1,40.57,1016,69.0,61.0,60.0,65.0,67.0,69.0,67.0,68.0
19:05:07,23.1,33.99,1015,51.0,49.0,47.0,50.0,48.0,50.0,48.0,50.0
19:05:08,24.1,38.58,1015,65.0,63.0,59.0,65.0,63.0,65.0,63.0,63.0
19:05:09,25.1,26.35,1018,65.0,63.0,59.0,65.0,63.0,65.0,63.0,63.0
19:05:10,26.1,39.77,1014,56.0,55.0,52.0,56.0,56.0,58.0,56.0,55.0
19:05:11,27.1,24.16,1015,51.0,48.0,47.0,49.0,48.0,50.0,48.0,50.0
19:05:12,28.1,26.66,1017,49.0,48.0,46.0,49.0,47.0,49.0,47.0,49.0
19:05:13,29.1,23.76,1018,49.0,48.0,45.0,48.0,46.0,49.0,47.0,48.0
19:05:14,30.1,28.48,1018,67.0,64.0,63.0,67.0,64.0,66.0,65.0,63.0
19:05:15,31.1,46.89,1012,67.0,64.0,63.0,67.0,64.0,66.0,65.0,63.0
19:05:16,32.1,29.82,1016,68.0,57.0,63.0,62.0,65.0,68.0,57.0,51.0
19:05:17,33.1,32.96,1017,68.0,57.0,63.0,62.0,65.0,68.0,57.0,51.0
19:05:18,34.1,46.94,1013,57.0,55.0,53.0,56.0,54.0,57.0,55.0,54.0
19:05:19,35.1,25.73,1017,51.0,49.0,48.0,50.0,48.0,51.0,48.0,50.0
19:05:20,36.1,26.96,1018,50.0,49.0,47.0,50.0,47.0,50.0,48.0,49.0
19:05:21,37.1,39.44,1016,67.0,65.0,60.0,67.0,63.0,66.0,64.0,63.0
19:05:22,38.1,37.38,1014,67.0,65.0,60.0,67.0,63.0,66.0,64.0,63.0
19:05:23,39.1,23.64,1015,53.0,51.0,50.0,53.0,51.0,53.0,52.0,53.0
19:05:24,40.1,26.36,1016,51.0,49.0,49.0,50.0,49.0,51.0,49.0,50.0
19:05:25,41.1,23.29,1019,50.0,48.0,47.0,48.0,48.0,49.0,47.0,49.0
19:05:26,42.1,40.65,1015,68.0,64.0,62.0,68.0,64.0,67.0,66.0,65.0
19:05:27,43.1,15.00,1019,68.0,48.0,47.0,49.0,47.0,50.0,47.0,49.0
19:05:28,44.1,46.63,1013,55.0,48.0,47.0,49.0,47.0,50.0,47.0,49.0
19:05:29,45.1,26.21,1017,52.0,50.0,49.0,50.0,49.0,51.0,48.0,50.0
19:05:30,46.1,25.51,1017,51.0,49.0,48.0,50.0,49.0,51.0,49.0,50.0
19:05:31,47.1,20.93,1018,64.0,64.0,61.0,64.0,62.0,64.0,63.0,64.0
19:05:32,48.1,48.36,1014,64.0,64.0,61.0,64.0,62.0,64.0,63.0,64.0
19:05:33,49.1,26.09,1016,52.0,49.0,49.0,51.0,49.0,51.0,49.0,51.0
19:05:34,50.2,26.62,1015,53.0,52.0,50.0,53.0,52.0,53.0,52.0,52.0
19:05:35,51.2,22.69,1018,52.0,48.0,48.0,50.0,48.0,51.0,48.0,50.0
19:05:36,52.2,37.06,1016,72.0,66.0,62.0,69.0,65.0,72.0,66.0,65.0
19:05:37,53.2,27.78,1019,72.0,66.0,62.0,69.0,65.0,72.0,66.0,65.0
19:05:38,54.2,38.83,1014,60.0,57.0,53.0,59.0,57.0,60.0,57.0,57.0
19:05:39,55.2,26.77,1017,53.0,51.0,50.0,52.0,50.0,53.0,50.0,52.0
19:05:40,56.2,22.80,1018,52.0,49.0,48.0,50.0,49.0,51.0,48.0,51.0
19:05:41,57.2,30.57,1017,53.0,51.0,49.0,53.0,50.0,52.0,51.0,52.0
19:05:42,58.2,23.02,1018,53.0,51.0,49.0,53.0,50.0,52.0,50.0,52.0
19:05:43,59.2,31.44,1019,68.0,67.0,67.0,65.0,62.0,68.0,50.0,52.0
19:05:44,60.2,41.96,1015,56.0,54.0,52.0,55.0,53.0,56.0,54.0,54.0
19:05:45,61.2,28.43,1015,56.0,54.0,52.0,55.0,53.0,56.0,54.0,54.0
19:05:46,62.2,27.38,1017,54.0,52.0,51.0,53.0,51.0,53.0,51.0,52.0
19:05:47,63.2,44.63,1015,70.0,68.0,64.0,70.0,68.0,69.0,68.0,69.0
19:05:48,64.2,25.91,1017,70.0,68.0,64.0,70.0,68.0,69.0,68.0,69.0
19:05:49,65.2,33.70,1014,56.0,55.0,52.0,56.0,54.0,56.0,54.0,54.0
19:05:50,66.2,30.37,1019,56.0,55.0,52.0,56.0,54.0,56.0,54.0,54.0
19:05:51,67.2,42.61,1014,57.0,55.0,54.0,57.0,55.0,57.0,55.0,56.0
19:05:52,68.2,14.61,1020,57.0,55.0,54.0,57.0,55.0,57.0,55.0,56.0
19:05:53,69.2,35.42,1015,69.0,64.0,60.0,69.0,64.0,65.0,65.0,66.0
19:05:55,70.2,29.46,1016,54.0,53.0,51.0,54.0,52.0,54.0,53.0,53.0
19:05:56,71.2,18.91,1019,53.0,51.0,49.0,51.0,49.0,51.0,49.0,52.0
19:05:57,72.2,26.94,1017,53.0,51.0,49.0,51.0,49.0,51.0,49.0,52.0
19:05:58,73.2,25.75,1017,53.0,52.0,51.0,52.0,51.0,53.0,51.0,53.0
19:05:59,74.2,28.24,1018,53.0,51.0,50.0,52.0,51.0,53.0,51.0,52.0
19:06:00,75.2,36.00,1016,55.0,53.0,52.0,54.0,52.0,55.0,53.0,54.0
19:06:01,76.2,42.47,1014,70.0,68.0,61.0,54.0,52.0,55.0,53.0,54.0
19:06:02,77.2,31.60,1016,56.0,55.0,53.0,56.0,53.0,56.0,54.0,55.0
19:06:03,78.2,37.64,1018,56.0,55.0,53.0,56.0,53.0,56.0,54.0,55.0
19:06:04,79.2,18.86,1019,68.0,67.0,65.0,68.0,66.0,68.0,67.0,68.0
19:06:05,80.2,38.65,1017,68.0,67.0,65.0,68.0,66.0,68.0,67.0,68.0
19:06:06,81.2,33.81,1015,68.0,59.0,58.0,61.0,60.0,63.0,68.0,60.0
19:06:07,82.2,22.35,1017,55.0,53.0,52.0,53.0,53.0,54.0,53.0,54.0
19:06:08,83.2,29.33,1016,55.0,53.0,52.0,53.0,53.0,54.0,55.0,56.0
19:06:09,84.2,26.93,1017,56.0,53.0,52.0,54.0,53.0,55.0,55.0,56.0
19:06:10,85.3,23.15,1018,54.0,52.0,50.0,53.0,51.0,53.0,51.0,52.0
19:06:11,86.3,31.10,1018,55.0,54.0,53.0,55.0,51.0,53.0,51.0,52.0
19:06:12,87.3,24.73,1019,59.0,57.0,54.0,58.0,56.0,59.0,57.0,58.0
19:06:13,88.3,39.70,1017,59.0,57.0,54.0,58.0,56.0,59.0,57.0,58.0
19:06:14,89.3,40.81,1014,60.0,59.0,57.0,61.0,58.0,60.0,58.0,59.0
19:06:15,90.3,32.03,1015,60.0,59.0,57.0,61.0,58.0,60.0,58.0,59.0
19:06:16,91.3,30.00,1018,74.0,73.0,65.0,70.0,68.0,74.0,68.0,70.0
19:06:17,92.3,47.32,1014,74.0,73.0,65.0,70.0,68.0,74.0,68.0,70.0
19:06:18,93.3,13.87,1020,66.0,65.0,61.0,65.0,63.0,66.0,63.0,64.0
19:06:19,94.3,38.73,1015,66.0,65.0,61.0,65.0,63.0,66.0,63.0,64.0
19:06:20,95.3,29.52,1018,71.0,69.0,66.0,71.0,67.0,71.0,65.0,70.0
19:06:21,96.3,45.42,1015,71.0,69.0,66.0,71.0,67.0,71.0,65.0,70.0
19:06:22,97.3,23.02,1018,70.0,68.0,65.0,70.0,68.0,70.0,68.0,68.0
19:06:23,98.3,34.20,1016,70.0,68.0,65.0,70.0,68.0,70.0,68.0,68.0
19:06:24,99.3,33.64,1019,75.0,70.0,69.0,75.0,73.0,71.0,70.0,74.0
19:06:25,100.3,23.99,1019,56.0,54.0,52.0,54.0,54.0,55.0,53.0,55.0
19:06:26,101.3,26.59,1020,74.0,72.0,70.0,74.0,72.0,72.0,71.0,71.0
19:06:27,102.3,41.22,1016,74.0,72.0,70.0,74.0,72.0,72.0,71.0,71.0
19:06:28,103.3,33.82,1015,59.0,58.0,56.0,59.0,57.0,58.0,58.0,59.0
19:06:29,104.3,30.43,1017,59.0,58.0,56.0,59.0,57.0,58.0,58.0,59.0
19:06:30,105.3,23.05,1019,55.0,53.0,52.0,54.0,53.0,55.0,53.0,54.0
19:06:31,106.3,45.26,1017,73.0,72.0,68.0,73.0,70.0,72.0,70.0,71.0
19:06:32,107.3,22.14,1020,73.0,72.0,68.0,73.0,70.0,72.0,70.0,67.0
19:06:33,108.3,36.30,1015,60.0,59.0,56.0,59.0,58.0,60.0,57.0,67.0
19:06:34,109.3,26.80,1018,57.0,55.0,53.0,55.0,54.0,57.0,54.0,55.0
19:06:35,110.3,44.81,1016,74.0,69.0,68.0,74.0,73.0,71.0,69.0,70.0
19:06:36,111.3,13.34,1020,74.0,69.0,68.0,74.0,73.0,71.0,69.0,70.0
19:06:37,112.3,40.57,1015,61.0,59.0,57.0,60.0,58.0,61.0,58.0,59.0
19:06:38,113.3,26.52,1019,56.0,56.0,54.0,56.0,55.0,56.0,55.0,56.0
19:06:39,114.3,27.37,1019,56.0,55.0,53.0,56.0,54.0,56.0,55.0,56.0
19:06:40,115.3,20.67,1020,56.0,55.0,53.0,56.0,54.0,56.0,55.0,56.0
19:06:41,116.3,48.41,1015,64.0,61.0,59.0,63.0,63.0,64.0,63.0,64.0
19:06:42,117.3,22.63,1019,57.0,55.0,54.0,56.0,55.0,57.0,55.0,56.0
19:06:43,118.3,24.48,1019,57.0,56.0,54.0,57.0,55.0,57.0,55.0,57.0
19:06:44,119.3,25.92,1020,56.0,54.0,54.0,55.0,54.0,56.0,53.0,55.0
19:06:45,120.3,48.30,1015,56.0,54.0,54.0,55.0,54.0,56.0,53.0,55.0
19:06:46,121.3,25.33,1018,58.0,56.0,54.0,57.0,55.0,57.0,55.0,57.0
19:06:47,122.4,26.45,1016,61.0,59.0,57.0,61.0,59.0,60.0,59.0,60.0
19:06:48,123.4,26.81,1016,59.0,58.0,55.0,59.0,56.0,59.0,57.0,59.0
19:06:49,124.4,29.42,1020,59.0,58.0,55.0,59.0,56.0,59.0,57.0,59.0
19:06:50,125.4,27.67,1019,57.0,56.0,54.0,56.0,55.0,57.0,54.0,56.0
19:06:51,126.4,40.51,1017,72.0,70.0,67.0,71.0,70.0,72.0,71.0,70.0
19:06:52,127.4,31.64,1017,72.0,70.0,67.0,71.0,70.0,72.0,71.0,70.0
19:06:53,128.4,24.71,1020,72.0,69.0,62.0,68.0,68.0,64.0,69.0,72.0
19:06:54,129.4,26.35,1020,57.0,55.0,54.0,55.0,54.0,56.0,54.0,56.0
19:06:55,130.4,42.06,1017,57.0,55.0,54.0,55.0,54.0,56.0,54.0,56.0
19:06:56,131.4,34.46,1017,60.0,58.0,56.0,59.0,57.0,60.0,57.0,59.0
19:06:57,132.4,22.45,1019,69.0,67.0,63.0,69.0,66.0,69.0,66.0,67.0
19:06:58,133.4,26.96,1019,69.0,67.0,63.0,69.0,66.0,69.0,66.0,67.0
19:06:59,134.4,26.17,1020,58.0,56.0,54.0,56.0,55.0,57.0,55.0,56.0
19:07:00,135.4,37.28,1019,73.0,71.0,68.0,72.0,72.0,73.0,55.0,56.0
19:07:01,136.4,12.59,1021,56.0,55.0,53.0,55.0,54.0,56.0,54.0,55.0
19:07:02,137.4,26.29,1021,56.0,55.0,53.0,55.0,54.0,56.0,54.0,71.0
19:07:03,138.4,46.96,1015,64.0,61.0,59.0,63.0,61.0,64.0,60.0,71.0
19:07:04,139.4,22.62,1020,58.0,57.0,55.0,57.0,56.0,58.0,56.0,57.0
19:07:05,140.4,29.68,1019,59.0,57.0,55.0,58.0,57.0,59.0,57.0,58.0
19:07:06,141.4,23.04,1020,59.0,57.0,55.0,56.0,55.0,57.0,54.0,56.0
19:07:07,142.4,30.60,1020,62.0,62.0,59.0,56.0,55.0,57.0,54.0,56.0
19:07:08,143.4,29.74,1019,60.0,58.0,56.0,59.0,57.0,59.0,57.0,59.0
19:07:09,144.4,33.00,1018,60.0,58.0,56.0,59.0,57.0,59.0,57.0,59.0
19:07:10,145.4,31.99,1019,60.0,58.0,56.0,59.0,57.0,60.0,58.0,59.0
19:07:11,146.4,25.52,1021,66.0,64.0,62.0,65.0,64.0,66.0,64.0,65.0
19:07:12,147.4,20.77,1020,66.0,64.0,62.0,56.0,54.0,57.0,54.0,56.0
19:07:13,148.4,35.71,1019,73.0,71.0,68.0,56.0,54.0,57.0,54.0,56.0
19:07:14,149.4,40.07,1016,62.0,60.0,59.0,61.0,60.0,62.0,60.0,61.0
19:07:15,150.4,18.27,1020,57.0,56.0,54.0,57.0,55.0,57.0,55.0,57.0
19:07:16,151.4,25.99,1020,58.0,57.0,55.0,57.0,56.0,58.0,56.0,57.0
19:07:17,152.4,25.81,1020,57.0,56.0,55.0,56.0,55.0,57.0,55.0,56.0
19:07:18,153.4,44.34,1018,74.0,72.0,68.0,74.0,72.0,73.0,71.0,71.0
19:07:19,154.4,13.28,1021,74.0,72.0,68.0,74.0,72.0,73.0,71.0,71.0
19:07:20,155.4,41.69,1017,64.0,62.0,60.0,63.0,62.0,64.0,62.0,63.0
19:07:21,156.4,27.26,1017,64.0,62.0,60.0,63.0,62.0,64.0,62.0,63.0
19:07:22,157.5,23.74,1020,59.0,57.0,55.0,57.0,55.0,58.0,56.0,57.0
19:07:23,158.5,26.90,1019,59.0,57.0,55.0,59.0,57.0,59.0,56.0,58.0
19:07:24,159.5,26.29,1021,58.0,56.0,55.0,57.0,55.0,57.0,55.0,57.0
19:07:25,160.5,47.67,1017,75.0,69.0,66.0,71.0,69.0,75.0,70.0,70.0
19:07:26,161.5,23.66,1020,75.0,69.0,66.0,71.0,69.0,75.0,70.0,70.0
19:07:27,162.5,30.97,1018,60.0,59.0,57.0,60.0,58.0,60.0,58.0,60.0
19:07:28,163.5,28.65,1020,60.0,59.0,57.0,60.0,58.0,60.0,58.0,60.0
19:07:29,164.5,42.85,1017,62.0,61.0,59.0,62.0,60.0,62.0,62.0,62.0
19:07:30,165.5,17.08,1020,68.0,67.0,64.0,68.0,65.0,68.0,66.0,67.0
19:07:31,166.5,37.86,1019,68.0,67.0,64.0,68.0,65.0,68.0,66.0,67.0
19:07:32,167.5,29.60,1021,73.0,72.0,69.0,73.0,71.0,73.0,72.0,73.0
19:07:33,168.5,26.73,1020,73.0,72.0,69.0,73.0,71.0,58.0,56.0,58.0
19:07:34,169.5,18.19,1022,57.0,56.0,54.0,56.0,55.0,56.0,55.0,56.0
19:07:35,170.5,43.58,1018,74.0,72.0,69.0,56.0,55.0,56.0,55.0,56.0
19:07:36,171.5,30.13,1018,60.0,59.0,57.0,59.0,58.0,60.0,57.0,60.0
19:07:37,172.5,24.03,1019,60.0,59.0,57.0,59.0,58.0,60.0,58.0,60.0
19:07:38,173.5,25.82,1021,59.0,58.0,56.0,59.0,56.0,59.0,56.0,58.0
19:07:39,174.5,23.17,1022,58.0,57.0,54.0,56.0,54.0,57.0,55.0,57.0
19:07:40,175.5,43.62,1018,74.0,73.0,68.0,73.0,72.0,74.0,73.0,72.0
19:07:41,176.5,10.32,1022,74.0,73.0,68.0,73.0,72.0,74.0,73.0,72.0
19:07:42,177.5,34.53,1020,73.0,72.0,68.0,72.0,70.0,72.0,71.0,73.0
19:07:43,178.5,38.53,1017,73.0,72.0,68.0,72.0,70.0,72.0,71.0,73.0
19:07:44,179.5,23.13,1022,60.0,58.0,56.0,59.0,57.0,60.0,57.0,59.0
19:07:45,180.5,29.47,1020,59.0,58.0,56.0,59.0,56.0,59.0,57.0,58.0
19:07:46,181.5,23.17,1022,58.0,57.0,55.0,57.0,55.0,58.0,55.0,57.0
19:07:47,182.5,37.76,1020,58.0,57.0,55.0,57.0,55.0,58.0,55.0,57.0
19:07:48,183.5,22.09,1021,69.0,68.0,65.0,69.0,66.0,69.0,67.0,68.0
19:07:49,184.5,38.29,1017,67.0,66.0,62.0,67.0,65.0,67.0,66.0,65.0
19:07:50,185.5,23.70,1020,67.0,66.0,62.0,67.0,65.0,67.0,66.0,65.0
19:07:51,186.5,25.67,1020,60.0,58.0,57.0,59.0,58.0,60.0,57.0,59.0
19:07:52,187.5,24.63,1020,60.0,58.0,57.0,59.0,57.0,60.0,57.0,59.0
19:07:53,188.5,26.15,1022,59.0,57.0,56.0,58.0,56.0,59.0,56.0,57.0
19:07:54,189.5,45.69,1018,75.0,72.0,70.0,75.0,73.0,75.0,74.0,73.0
19:07:55,190.5,25.35,1020,60.0,59.0,57.0,59.0,58.0,60.0,57.0,59.0
19:07:56,191.6,26.60,1020,60.0,59.0,57.0,59.0,58.0,60.0,57.0,59.0
19:07:57,192.6,26.98,1019,62.0,60.0,59.0,61.0,59.0,62.0,59.0,61.0
19:07:58,193.6,25.76,1022,59.0,58.0,57.0,59.0,56.0,59.0,56.0,58.0
19:07:59,194.6,25.81,1021,59.0,58.0,57.0,59.0,57.0,59.0,57.0,58.0
19:08:00,195.6,20.26,1023,59.0,58.0,57.0,59.0,57.0,59.0,57.0,58.0
19:08:01,196.6,48.03,1018,78.0,66.0,64.0,68.0,66.0,68.0,67.0,78.0
19:08:02,197.6,25.63,1020,60.0,59.0,58.0,60.0,57.0,60.0,58.0,60.0
19:08:03,198.6,25.27,1021,60.0,59.0,57.0,59.0,57.0,60.0,57.0,60.0
19:08:04,199.6,27.83,1023,71.0,70.0,68.0,70.0,70.0,71.0,71.0,71.0
19:08:05,200.6,47.49,1018,71.0,70.0,68.0,70.0,70.0,71.0,71.0,71.0
19:08:06,201.6,18.48,1022,72.0,70.0,68.0,71.0,69.0,72.0,70.0,71.0
19:08:07,202.6,32.18,1019,72.0,70.0,68.0,71.0,69.0,72.0,70.0,71.0
19:08:08,203.6,25.76,1021,59.0,59.0,57.0,59.0,56.0,59.0,57.0,59.0
19:08:09,204.6,38.58,1020,74.0,73.0,69.0,74.0,72.0,74.0,72.0,74.0
19:08:10,205.6,13.48,1024,74.0,73.0,69.0,57.0,56.0,58.0,55.0,58.0
19:08:11,206.6,41.97,1019,79.0,67.0,70.0,57.0,56.0,58.0,55.0,58.0
19:08:12,207.6,25.77,1021,60.0,59.0,58.0,59.0,58.0,60.0,57.0,60.0
19:08:13,208.6,29.16,1021,61.0,59.0,58.0,60.0,59.0,61.0,59.0,61.0
19:08:14,209.6,18.25,1023,59.0,57.0,56.0,58.0,55.0,59.0,56.0,58.0
19:08:15,210.6,42.05,1019,59.0,57.0,56.0,58.0,55.0,59.0,56.0,58.0
19:08:16,211.6,32.80,1019,62.0,60.0,59.0,61.0,59.0,62.0,59.0,61.0
19:08:17,212.6,23.70,1021,62.0,60.0,59.0,62.0,60.0,62.0,60.0,61.0
19:08:18,213.6,23.32,1021,62.0,60.0,59.0,62.0,58.0,60.0,58.0,61.0
19:08:19,214.6,25.93,1022,60.0,59.0,57.0,59.0,57.0,60.0,57.0,60.0
19:08:20,215.6,22.97,1023,59.0,58.0,56.0,57.0,56.0,58.0,57.0,58.0
19:08:21,216.6,26.45,1022,59.0,58.0,57.0,59.0,57.0,59.0,56.0,59.0
19:08:22,217.6,33.46,1022,59.0,58.0,57.0,59.0,57.0,59.0,56.0,59.0
19:08:23,218.6,41.86,1019,64.0,63.0,61.0,64.0,63.0,64.0,63.0,64.0
19:08:24,219.6,24.64,1023,64.0,63.0,61.0,64.0,63.0,64.0,63.0,64.0
19:08:25,220.6,23.66,1022,60.0,58.0,57.0,59.0,57.0,60.0,58.0,60.0
19:08:26,221.6,29.30,1022,74.0,74.0,70.0,74.0,72.0,74.0,73.0,74.0
19:08:27,222.6,42.77,1018,74.0,74.0,70.0,74.0,72.0,74.0,73.0,74.0
19:08:28,223.6,18.41,1023,73.0,72.0,68.0,72.0,71.0,73.0,72.0,73.0
19:08:29,224.6,33.30,1019,73.0,72.0,68.0,72.0,71.0,73.0,72.0,73.0
19:08:30,225.7,25.67,1021,61.0,60.0,59.0,61.0,59.0,61.0,59.0,61.0
19:08:31,226.7,23.47,1024,70.0,69.0,66.0,70.0,67.0,69.0,62.0,70.0
19:08:32,227.7,23.83,1023,59.0,58.0,57.0,59.0,57.0,59.0,57.0,60.0
19:08:33,228.7,40.30,1021,59.0,58.0,57.0,59.0,57.0,59.0,57.0,60.0
19:08:34,229.7,34.36,1020,63.0,61.0,60.0,62.0,60.0,63.0,61.0,62.0
19:08:35,230.7,21.76,1023,63.0,61.0,60.0,62.0,60.0,63.0,61.0,64.0
19:08:36,231.7,23.29,1023,60.0,59.0,57.0,59.0,57.0,59.0,57.0,60.0
19:08:37,232.7,30.66,1024,75.0,73.0,71.0,75.0,73.0,74.0,57.0,60.0
19:08:38,233.7,40.68,1021,63.0,63.0,60.0,63.0,61.0,63.0,61.0,62.0
19:08:39,234.7,21.43,1022,63.0,63.0,60.0,63.0,61.0,63.0,61.0,62.0
19:08:40,235.7,31.22,1021,63.0,61.0,60.0,62.0,60.0,63.0,61.0,62.0
19:08:41,236.7,25.61,1022,62.0,60.0,58.0,60.0,59.0,62.0,59.0,61.0
19:08:42,237.7,28.46,1022,76.0,75.0,72.0,76.0,74.0,76.0,76.0,76.0
19:08:43,238.7,21.12,1025,76.0,75.0,72.0,76.0,74.0,76.0,56.0,59.0
19:08:44,239.7,42.40,1022,75.0,74.0,70.0,75.0,73.0,74.0,56.0,59.0
19:08:45,240.7,35.47,1021,64.0,62.0,60.0,63.0,61.0,63.0,62.0,63.0
19:08:46,241.7,28.31,1022,62.0,61.0,59.0,61.0,59.0,62.0,60.0,61.0
19:08:47,242.7,31.40,1023,62.0,61.0,59.0,61.0,59.0,62.0,60.0,61.0
19:08:48,243.7,43.99,1020,67.0,65.0,62.0,67.0,64.0,67.0,66.0,66.0
19:08:49,244.7,22.80,1023,62.0,60.0,58.0,60.0,59.0,62.0,59.0,61.0
19:08:50,245.7,25.86,1022,62.0,60.0,58.0,62.0,60.0,63.0,61.0,62.0
19:08:51,246.7,25.75,1022,62.0,60.0,59.0,62.0,60.0,63.0,61.0,62.0
19:08:52,247.7,32.11,1023,78.0,76.0,73.0,77.0,74.0,78.0,76.0,77.0
19:08:53,248.7,24.75,1023,60.0,59.0,57.0,60.0,58.0,60.0,58.0,60.0
19:08:54,249.7,25.09,1025,60.0,59.0,57.0,60.0,58.0,60.0,58.0,60.0
19:08:55,250.7,43.37,1020,66.0,64.0,62.0,65.0,63.0,66.0,64.0,64.0
19:08:56,251.7,25.26,1023,62.0,60.0,58.0,60.0,59.0,62.0,58.0,61.0
19:08:57,252.7,24.47,1024,61.0,59.0,57.0,60.0,58.0,61.0,58.0,60.0
19:08:58,253.7,30.23,1025,76.0,75.0,71.0,76.0,73.0,76.0,74.0,76.0
19:08:59,254.7,44.64,1020,76.0,75.0,71.0,76.0,73.0,76.0,74.0,76.0
19:09:00,255.7,26.59,1023,78.0,77.0,67.0,75.0,75.0,78.0,71.0,72.0
19:09:01,256.7,25.69,1023,62.0,61.0,59.0,61.0,60.0,62.0,60.0,61.0
19:09:02,257.7,32.93,1024,62.0,61.0,59.0,61.0,60.0,62.0,60.0,61.0
19:09:03,258.7,39.29,1021,64.0,63.0,62.0,64.0,63.0,64.0,62.0,63.0
19:09:04,259.8,23.77,1023,76.0,74.0,69.0,76.0,73.0,75.0,74.0,74.0
19:09:05,260.8,31.58,1023,76.0,74.0,69.0,76.0,73.0,75.0,74.0,61.0
19:09:06,261.8,33.20,1024,80.0,79.0,76.0,79.0,78.0,80.0,78.0,61.0
19:09:07,262.8,22.92,1025,61.0,59.0,58.0,60.0,58.0,61.0,58.0,60.0
19:09:08,263.8,18.32,1025,59.0,58.0,57.0,59.0,57.0,59.0,57.0,59.0
19:09:09,264.8,47.24,1021,75.0,73.0,68.0,75.0,72.0,74.0,72.0,72.0
19:09:10,265.8,24.84,1022,62.0,61.0,60.0,61.0,60.0,62.0,60.0,62.0
19:09:11,266.8,15.22,1025,62.0,61.0,60.0,61.0,60.0,62.0,60.0,62.0
19:09:12,267.8,35.33,1022,64.0,62.0,61.0,64.0,62.0,64.0,62.0,63.0
19:09:13,268.8,25.80,1024,61.0,60.0,58.0,60.0,59.0,61.0,57.0,60.0
19:09:14,269.8,36.38,1023,62.0,62.0,60.0,62.0,60.0,62.0,60.0,62.0
19:09:15,270.8,27.21,1024,62.0,62.0,60.0,62.0,60.0,62.0,60.0,62.0
19:09:16,271.8,37.60,1021,65.0,63.0,61.0,64.0,63.0,65.0,63.0,63.0
19:09:17,272.8,25.52,1024,61.0,60.0,59.0,60.0,59.0,62.0,58.0,61.0
19:09:18,273.8,30.01,1026,61.0,60.0,59.0,61.0,59.0,61.0,59.0,60.0
19:09:19,274.8,25.37,1027,79.0,78.0,74.0,79.0,76.0,78.0,77.0,77.0
19:09:20,275.8,42.50,1021,79.0,78.0,74.0,79.0,76.0,78.0,77.0,77.0
19:09:21,276.8,25.11,1024,68.0,66.0,64.0,68.0,65.0,68.0,66.0,65.0
19:09:22,277.8,24.09,1024,61.0,59.0,59.0,60.0,59.0,61.0,58.0,61.0
19:09:23,278.8,31.36,1025,61.0,59.0,59.0,60.0,59.0,61.0,58.0,61.0
19:09:24,279.8,43.33,1021,67.0,66.0,63.0,67.0,65.0,67.0,65.0,65.0
19:09:25,280.8,15.44,1027,67.0,66.0,63.0,67.0,65.0,67.0,65.0,65.0
19:09:26,281.8,32.81,1022,64.0,63.0,61.0,64.0,62.0,64.0,62.0,64.0
19:09:27,282.8,25.86,1024,62.0,60.0,58.0,60.0,59.0,61.0,58.0,61.0
19:09:28,283.8,36.19,1024,77.0,75.0,71.0,76.0,74.0,77.0,75.0,75.0
19:09:29,284.8,12.38,1027,77.0,75.0,71.0,76.0,74.0,77.0,75.0,60.0
19:09:30,285.8,24.58,1026,74.0,73.0,70.0,74.0,72.0,73.0,72.0,60.0
19:09:31,286.8,46.89,1022,84.0,68.0,65.0,69.0,67.0,69.0,68.0,84.0
19:09:32,287.8,22.79,1025,84.0,68.0,65.0,69.0,67.0,69.0,68.0,61.0
19:09:33,288.8,29.65,1024,64.0,62.0,61.0,63.0,62.0,64.0,62.0,61.0
19:09:34,289.8,22.43,1025,61.0,59.0,58.0,60.0,59.0,61.0,59.0,61.0
19:09:35,290.8,27.09,1025,70.0,69.0,66.0,69.0,67.0,70.0,68.0,70.0
19:09:36,291.8,28.74,1025,70.0,69.0,66.0,69.0,67.0,70.0,68.0,70.0
19:09:37,292.8,29.01,1025,74.0,74.0,69.0,74.0,72.0,74.0,72.0,73.0
19:09:38,293.8,43.18,1021,74.0,74.0,69.0,74.0,72.0,74.0,72.0,73.0
19:09:39,294.9,27.70,1025,63.0,61.0,60.0,61.0,60.0,62.0,61.0,62.0
19:09:40,295.9,30.55,1025,76.0,75.0,72.0,76.0,74.0,76.0,74.0,76.0
19:09:41,296.9,46.36,1022,76.0,75.0,72.0,76.0,74.0,76.0,74.0,76.0
19:09:42,297.9,26.19,1024,63.0,62.0,60.0,62.0,61.0,63.0,61.0,62.0
19:09:43,298.9,24.55,1026,62.0,60.0,59.0,61.0,59.0,62.0,59.0,61.0
19:09:44,299.9,22.18,1028,61.0,59.0,58.0,60.0,58.0,61.0,58.0,60.0
19:09:45,300.9,26.27,1027,61.0,59.0,58.0,59.0,58.0,60.0,57.0,60.0
19:11:09,1.0,21.46,1029,52.0,50.0,49.0,51.0,51.0,52.0,49.0,51.0
19:11:10,2.0,32.92,1028,52.0,50.0,49.0,51.0,51.0,52.0,49.0,51.0
19:11:11,3.0,41.59,1026,56.0,55.0,54.0,56.0,54.0,57.0,55.0,55.0
19:11:12,4.0,21.67,1028,66.0,65.0,62.0,65.0,64.0,66.0,64.0,66.0
19:11:13,5.0,24.27,1028,66.0,52.0,52.0,53.0,52.0,53.0,51.0,53.0
19:11:14,6.0,38.90,1026,71.0,52.0,52.0,53.0,52.0,53.0,51.0,53.0
19:11:15,7.0,28.53,1027,56.0,55.0,54.0,56.0,53.0,56.0,54.0,55.0
19:11:16,8.0,31.96,1027,62.0,59.0,57.0,61.0,60.0,62.0,59.0,61.0
19:11:17,9.0,27.33,1027,56.0,55.0,54.0,56.0,54.0,57.0,54.0,55.0
19:11:18,10.0,40.50,1026,56.0,55.0,54.0,56.0,54.0,57.0,54.0,55.0
19:11:19,11.0,31.74,1027,73.0,71.0,68.0,73.0,70.0,72.0,70.0,71.0
19:11:20,12.0,24.92,1028,56.0,55.0,54.0,56.0,54.0,57.0,55.0,56.0
19:11:21,13.0,25.84,1029,56.0,55.0,54.0,56.0,54.0,57.0,55.0,56.0
19:11:22,14.0,36.73,1027,60.0,58.0,56.0,60.0,58.0,61.0,58.0,59.0
19:11:23,15.0,17.12,1029,60.0,58.0,56.0,60.0,58.0,61.0,58.0,59.0
19:11:24,16.0,35.79,1026,58.0,57.0,55.0,58.0,55.0,58.0,56.0,58.0
19:11:25,17.0,29.70,1028,66.0,65.0,61.0,66.0,64.0,65.0,65.0,64.0
19:11:26,18.0,21.76,1029,66.0,65.0,53.0,55.0,54.0,55.0,54.0,56.0
19:11:27,19.1,41.96,1026,60.0,58.0,53.0,55.0,54.0,55.0,54.0,56.0
19:11:28,20.1,22.98,1029,57.0,55.0,53.0,56.0,54.0,56.0,55.0,56.0
19:11:29,21.1,30.38,1029,57.0,56.0,54.0,56.0,55.0,57.0,55.0,57.0
19:11:30,22.1,41.24,1026,76.0,74.0,69.0,76.0,73.0,76.0,75.0,73.0
19:11:31,23.1,24.14,1028,76.0,74.0,69.0,57.0,55.0,57.0,56.0,57.0
19:11:32,24.1,30.01,1028,70.0,68.0,65.0,57.0,55.0,57.0,56.0,57.0
19:11:33,25.1,27.47,1028,71.0,69.0,66.0,71.0,67.0,70.0,68.0,70.0
19:11:34,26.1,37.46,1026,71.0,69.0,66.0,71.0,67.0,70.0,68.0,70.0
19:11:35,27.1,27.14,1029,64.0,63.0,60.0,64.0,62.0,64.0,63.0,63.0
19:11:36,28.1,19.13,1030,64.0,63.0,60.0,64.0,62.0,64.0,63.0,63.0
19:11:37,29.1,40.44,1027,71.0,70.0,65.0,70.0,68.0,71.0,68.0,71.0
19:11:38,30.1,27.15,1027,71.0,70.0,65.0,70.0,68.0,71.0,68.0,58.0
19:11:39,31.1,26.17,1029,73.0,71.0,70.0,73.0,71.0,73.0,72.0,58.0
19:11:40,32.1,33.13,1028,76.0,76.0,68.0,70.0,68.0,70.0,68.0,76.0
19:11:41,33.1,42.67,1026,76.0,76.0,68.0,70.0,68.0,70.0,68.0,76.0
19:11:42,34.1,27.45,1028,62.0,58.0,57.0,59.0,57.0,62.0,59.0,60.0
19:11:43,35.1,55.99,1025,62.0,58.0,57.0,59.0,57.0,62.0,59.0,60.0
19:11:44,36.1,31.48,1028,61.0,59.0,58.0,60.0,58.0,61.0,59.0,60.0
19:11:45,37.1,34.30,1029,64.0,62.0,59.0,63.0,61.0,64.0,61.0,63.0
19:11:46,38.1,25.58,1030,64.0,62.0,59.0,63.0,61.0,64.0,61.0,63.0
19:11:47,39.1,37.31,1026,61.0,59.0,58.0,61.0,59.0,61.0,59.0,61.0
19:11:48,40.1,26.15,1030,61.0,59.0,58.0,65.0,63.0,65.0,64.0,65.0
19:11:49,41.1,23.12,1030,59.0,58.0,56.0,65.0,63.0,65.0,64.0,65.0
19:11:50,42.1,42.28,1026,85.0,65.0,63.0,85.0,65.0,68.0,66.0,65.0
19:11:51,43.1,23.01,1029,59.0,57.0,57.0,59.0,57.0,59.0,57.0,59.0
19:11:52,44.1,24.00,1029,59.0,57.0,57.0,59.0,57.0,59.0,57.0,59.0
19:11:53,45.1,21.52,1030,58.0,57.0,54.0,58.0,55.0,57.0,56.0,57.0
19:11:54,46.1,46.74,1026,77.0,71.0,66.0,71.0,69.0,71.0,67.0,77.0
19:11:55,47.1,25.57,1028,60.0,59.0,57.0,59.0,58.0,60.0,58.0,60.0
19:11:56,48.1,22.79,1029,59.0,58.0,56.0,59.0,56.0,59.0,57.0,58.0
19:11:58,49.1,28.47,1030,59.0,58.0,56.0,59.0,56.0,59.0,57.0,58.0
19:11:59,50.1,40.94,1027,62.0,61.0,59.0,62.0,61.0,62.0,61.0,62.0
19:12:00,51.1,22.47,1029,62.0,61.0,59.0,62.0,61.0,62.0,61.0,62.0
19:12:01,52.1,23.09,1028,59.0,58.0,57.0,59.0,57.0,58.0,56.0,59.0
19:12:02,53.1,32.27,1030,78.0,77.0,72.0,78.0,74.0,77.0,74.0,77.0
19:12:03,54.1,34.57,1027,61.0,59.0,58.0,61.0,60.0,61.0,60.0,61.0
19:12:04,55.1,21.78,1030,61.0,59.0,58.0,61.0,60.0,61.0,60.0,61.0
19:12:05,56.2,30.54,1028,60.0,59.0,57.0,59.0,58.0,59.0,57.0,59.0
19:12:06,57.2,36.87,1027,73.0,72.0,68.0,73.0,71.0,73.0,72.0,73.0
19:12:07,58.2,18.51,1030,73.0,72.0,68.0,73.0,71.0,73.0,72.0,73.0
19:12:08,59.2,38.89,1027,61.0,59.0,58.0,61.0,59.0,61.0,59.0,61.0
19:12:09,60.2,26.45,1030,61.0,59.0,58.0,61.0,59.0,61.0,59.0,61.0
19:12:10,61.2,25.87,1030,59.0,58.0,57.0,58.0,56.0,59.0,57.0,59.0
19:12:11,62.2,27.68,1029,74.0,71.0,68.0,72.0,70.0,74.0,71.0,71.0
19:12:12,63.2,34.31,1028,61.0,59.0,58.0,60.0,59.0,60.0,58.0,60.0
19:12:13,64.2,31.50,1030,61.0,59.0,58.0,60.0,59.0,60.0,58.0,60.0
19:12:14,65.2,21.76,1031,74.0,73.0,67.0,74.0,69.0,74.0,71.0,74.0
19:12:15,66.2,41.78,1027,74.0,73.0,67.0,74.0,69.0,74.0,71.0,74.0
19:12:16,67.2,22.57,1030,60.0,58.0,56.0,59.0,57.0,59.0,57.0,60.0
19:12:17,68.2,26.31,1030,59.0,58.0,57.0,59.0,57.0,59.0,56.0,59.0
19:12:18,69.2,25.79,1031,71.0,71.0,68.0,71.0,71.0,71.0,69.0,70.0
19:12:19,70.2,38.83,1027,71.0,71.0,68.0,71.0,71.0,71.0,69.0,70.0
19:12:20,71.2,27.74,1031,76.0,75.0,72.0,76.0,74.0,76.0,74.0,76.0
19:12:21,72.2,21.77,1031,76.0,75.0,72.0,76.0,74.0,76.0,74.0,76.0
19:12:22,73.2,45.38,1026,67.0,65.0,63.0,67.0,64.0,67.0,65.0,65.0
19:12:23,74.2,22.51,1030,60.0,59.0,58.0,59.0,58.0,60.0,58.0,60.0
19:12:24,75.2,23.62,1029,60.0,59.0,58.0,59.0,58.0,60.0,58.0,60.0
19:12:25,76.2,22.59,1031,59.0,58.0,57.0,59.0,57.0,59.0,57.0,59.0
19:12:26,77.2,42.94,1028,76.0,74.0,70.0,76.0,73.0,74.0,57.0,59.0
19:12:27,78.2,26.62,1030,61.0,59.0,58.0,60.0,59.0,61.0,58.0,60.0
19:12:28,79.2,26.94,1030,60.0,59.0,58.0,60.0,58.0,61.0,58.0,60.0
19:12:29,80.2,31.22,1030,77.0,76.0,72.0,77.0,74.0,77.0,75.0,77.0
19:12:30,81.2,36.78,1027,77.0,76.0,72.0,77.0,74.0,77.0,75.0,77.0
19:12:31,82.2,26.88,1029,69.0,65.0,62.0,69.0,65.0,67.0,66.0,65.0
19:12:32,83.2,23.02,1029,60.0,59.0,58.0,59.0,58.0,60.0,57.0,60.0
19:12:33,84.2,33.25,1030,76.0,73.0,71.0,75.0,74.0,76.0,74.0,76.0
19:12:34,85.2,23.05,1031,76.0,73.0,71.0,75.0,74.0,76.0,74.0,76.0
19:12:35,86.2,33.88,1029,77.0,76.0,72.0,76.0,74.0,77.0,75.0,77.0
19:12:36,87.2,27.61,1029,61.0,59.0,58.0,60.0,59.0,60.0,59.0,61.0
19:12:37,88.2,32.80,1028,64.0,62.0,61.0,63.0,62.0,65.0,62.0,63.0
19:12:38,89.2,27.07,1029,64.0,62.0,61.0,63.0,62.0,65.0,62.0,63.0
19:12:39,90.2,34.80,1028,63.0,61.0,59.0,62.0,60.0,63.0,61.0,61.0
19:12:40,91.2,31.59,1030,63.0,61.0,59.0,62.0,60.0,63.0,61.0,61.0
19:12:41,92.3,21.66,1032,60.0,59.0,57.0,59.0,57.0,60.0,58.0,60.0
19:12:42,93.3,41.26,1028,64.0,63.0,61.0,64.0,63.0,65.0,63.0,63.0
19:12:43,94.3,22.56,1031,61.0,59.0,58.0,59.0,58.0,61.0,58.0,60.0
19:12:44,95.3,26.29,1030,60.0,59.0,58.0,59.0,58.0,60.0,57.0,60.0
19:12:45,96.3,37.94,1027,60.0,59.0,58.0,59.0,58.0,60.0,57.0,60.0
19:12:46,97.3,25.94,1029,62.0,60.0,59.0,60.0,59.0,62.0,59.0,61.0
19:12:47,98.3,26.25,1031,76.0,74.0,72.0,75.0,73.0,76.0,75.0,75.0
19:12:48,99.3,19.51,1031,76.0,74.0,72.0,75.0,57.0,60.0,58.0,60.0
19:12:49,100.3,41.56,1029,76.0,74.0,71.0,76.0,57.0,60.0,58.0,60.0
19:12:50,101.3,26.63,1029,62.0,60.0,59.0,61.0,59.0,62.0,58.0,61.0
19:12:51,102.3,22.81,1029,64.0,62.0,61.0,63.0,62.0,64.0,62.0,62.0
19:12:52,103.3,22.74,1030,60.0,59.0,58.0,60.0,58.0,60.0,58.0,60.0
19:12:53,104.3,37.21,1029,75.0,73.0,71.0,74.0,72.0,75.0,74.0,74.0
19:12:54,105.3,30.93,1029,75.0,73.0,71.0,74.0,72.0,75.0,74.0,74.0
19:12:55,106.3,26.56,1030,62.0,61.0,59.0,62.0,60.0,62.0,60.0,62.0
19:12:56,107.3,22.75,1032,60.0,59.0,58.0,60.0,58.0,60.0,57.0,60.0
19:12:57,108.3,41.93,1029,68.0,65.0,63.0,67.0,65.0,68.0,66.0,68.0
19:12:58,109.3,11.35,1031,61.0,60.0,58.0,60.0,59.0,61.0,59.0,61.0
19:12:59,110.3,37.49,1028,61.0,60.0,58.0,60.0,59.0,61.0,59.0,61.0
19:13:00,111.3,27.97,1029,62.0,60.0,59.0,60.0,59.0,62.0,59.0,61.0
19:13:01,112.3,28.90,1030,62.0,61.0,59.0,61.0,60.0,62.0,59.0,61.0
19:13:02,113.3,26.37,1031,62.0,61.0,59.0,61.0,60.0,62.0,59.0,61.0
19:13:03,114.3,35.92,1029,63.0,62.0,60.0,62.0,60.0,63.0,61.0,62.0
19:13:04,115.3,32.63,1031,80.0,74.0,74.0,80.0,77.0,77.0,77.0,77.0
19:13:05,116.3,21.71,1032,80.0,74.0,74.0,80.0,77.0,77.0,77.0,77.0
19:13:06,117.3,40.38,1029,65.0,63.0,62.0,64.0,63.0,65.0,64.0,63.0
19:13:07,118.3,22.20,1031,61.0,59.0,58.0,60.0,58.0,61.0,58.0,61.0
19:13:08,119.3,26.58,1031,61.0,59.0,58.0,60.0,58.0,61.0,58.0,60.0
19:13:09,120.3,27.40,1032,73.0,73.0,70.0,72.0,58.0,61.0,58.0,60.0
19:13:10,121.3,36.84,1029,64.0,62.0,61.0,63.0,62.0,64.0,62.0,63.0
19:13:11,122.3,27.97,1032,64.0,62.0,61.0,63.0,62.0,64.0,62.0,63.0
19:13:12,123.3,22.46,1031,64.0,64.0,61.0,64.0,63.0,64.0,63.0,64.0
19:13:13,124.3,46.10,1028,64.0,64.0,65.0,68.0,67.0,68.0,67.0,66.0
19:13:14,125.3,24.08,1030,63.0,61.0,65.0,62.0,60.0,62.0,59.0,62.0
19:13:15,126.4,25.71,1030,63.0,61.0,60.0,62.0,60.0,62.0,61.0,62.0
19:13:16,127.4,23.93,1032,62.0,60.0,59.0,60.0,59.0,61.0,61.0,62.0
19:13:17,128.4,29.02,1032,77.0,76.0,72.0,76.0,72.0,77.0,74.0,76.0
19:13:18,129.4,35.47,1029,75.0,65.0,64.0,67.0,75.0,67.0,66.0,66.0
19:13:19,130.4,22.06,1030,75.0,65.0,64.0,67.0,75.0,67.0,66.0,66.0
19:13:20,131.4,35.78,1029,64.0,62.0,61.0,64.0,61.0,63.0,61.0,62.0
19:13:21,132.4,30.80,1030,78.0,74.0,73.0,73.0,77.0,75.0,72.0,78.0
19:13:22,133.4,22.74,1031,78.0,60.0,59.0,60.0,59.0,62.0,59.0,61.0
19:13:23,134.4,36.84,1029,77.0,60.0,59.0,60.0,59.0,62.0,59.0,61.0
19:13:24,135.4,31.78,1030,64.0,62.0,61.0,63.0,62.0,63.0,62.0,63.0
19:13:25,136.4,27.98,1032,79.0,79.0,73.0,78.0,74.0,78.0,77.0,77.0
19:13:26,137.4,21.33,1032,79.0,79.0,73.0,78.0,59.0,62.0,59.0,60.0
19:13:27,138.4,35.45,1032,75.0,73.0,71.0,75.0,59.0,62.0,59.0,60.0
19:13:28,139.4,36.00,1028,66.0,64.0,62.0,65.0,63.0,66.0,64.0,64.0
19:13:29,140.4,21.07,1031,75.0,72.0,70.0,72.0,70.0,71.0,75.0,73.0
19:13:30,141.4,28.39,1031,75.0,72.0,70.0,72.0,70.0,71.0,75.0,73.0
19:13:31,142.4,27.51,1031,72.0,71.0,68.0,71.0,69.0,72.0,70.0,72.0
19:13:32,143.4,38.46,1028,66.0,64.0,62.0,65.0,64.0,66.0,65.0,65.0
19:13:33,144.4,27.93,1030,66.0,64.0,62.0,65.0,64.0,66.0,65.0,65.0
19:13:34,145.4,25.22,1030,63.0,61.0,61.0,62.0,61.0,63.0,61.0,62.0
19:13:35,146.4,28.13,1031,76.0,75.0,71.0,75.0,73.0,76.0,74.0,74.0
19:13:36,147.4,27.52,1032,76.0,75.0,71.0,62.0,60.0,62.0,60.0,62.0
19:13:37,148.4,33.67,1030,77.0,74.0,72.0,62.0,60.0,62.0,60.0,62.0
19:13:38,149.4,36.31,1029,65.0,64.0,62.0,64.0,63.0,65.0,63.0,64.0
19:13:39,150.4,28.41,1033,78.0,77.0,76.0,78.0,77.0,77.0,76.0,77.0
19:13:40,151.4,22.04,1033,78.0,77.0,76.0,78.0,77.0,77.0,76.0,77.0
19:13:41,152.4,44.56,1028,82.0,69.0,69.0,77.0,74.0,70.0,70.0,70.0
19:13:42,153.4,25.49,1030,64.0,62.0,61.0,62.0,61.0,63.0,61.0,62.0
19:13:43,154.4,25.70,1030,63.0,62.0,60.0,62.0,62.0,63.0,62.0,63.0
19:13:44,155.4,24.06,1032,62.0,61.0,59.0,62.0,60.0,62.0,59.0,62.0
19:13:45,156.4,42.31,1029,62.0,61.0,59.0,62.0,60.0,62.0,59.0,62.0
19:13:46,157.4,23.46,1031,63.0,61.0,60.0,62.0,61.0,62.0,61.0,62.0
19:13:47,158.4,28.06,1030,65.0,63.0,62.0,64.0,63.0,65.0,62.0,64.0
19:13:48,159.5,24.70,1031,63.0,61.0,60.0,62.0,60.0,62.0,60.0,62.0
19:13:49,160.5,39.65,1030,78.0,75.0,72.0,78.0,75.0,78.0,76.0,76.0
19:13:50,161.5,13.99,1032,78.0,75.0,72.0,78.0,75.0,78.0,76.0,76.0
19:13:51,162.5,38.22,1029,84.0,78.0,71.0,77.0,79.0,83.0,72.0,81.0
19:13:52,163.5,31.43,1030,64.0,63.0,61.0,63.0,62.0,63.0,63.0,63.0
19:13:53,164.5,31.96,1031,64.0,63.0,61.0,63.0,62.0,63.0,63.0,63.0
19:13:54,165.5,20.76,1031,72.0,71.0,70.0,72.0,70.0,72.0,70.0,72.0
19:13:55,166.5,38.67,1029,72.0,71.0,70.0,72.0,70.0,72.0,70.0,72.0
19:13:56,167.5,32.45,1030,64.0,63.0,61.0,63.0,63.0,64.0,63.0,64.0
19:13:57,168.5,24.79,1032,63.0,62.0,61.0,62.0,61.0,63.0,61.0,63.0
19:13:58,169.5,24.38,1032,63.0,61.0,59.0,61.0,60.0,62.0,61.0,62.0
19:13:59,170.5,41.39,1030,63.0,61.0,59.0,61.0,60.0,62.0,61.0,62.0
19:14:00,171.5,24.30,1032,64.0,61.0,61.0,62.0,61.0,63.0,61.0,63.0
19:14:01,172.5,28.59,1031,65.0,63.0,62.0,64.0,63.0,65.0,63.0,64.0
19:14:02,173.5,23.56,1032,63.0,60.0,59.0,62.0,60.0,62.0,60.0,62.0
19:14:03,174.5,37.28,1030,76.0,76.0,72.0,76.0,75.0,76.0,76.0,75.0
19:14:04,175.5,21.11,1033,76.0,76.0,72.0,76.0,75.0,76.0,76.0,75.0
19:14:05,176.5,37.54,1029,68.0,66.0,64.0,68.0,67.0,68.0,66.0,67.0
19:14:06,177.5,24.65,1032,68.0,62.0,62.0,63.0,63.0,64.0,62.0,63.0
19:14:07,178.5,25.57,1033,68.0,62.0,62.0,63.0,63.0,64.0,62.0,63.0
19:14:08,179.5,24.31,1033,63.0,61.0,59.0,62.0,61.0,62.0,61.0,62.0
19:14:09,180.5,36.86,1031,76.0,74.0,71.0,75.0,74.0,76.0,75.0,75.0
19:14:10,181.5,32.30,1030,76.0,74.0,62.0,64.0,63.0,65.0,63.0,64.0
19:14:11,182.5,27.42,1031,64.0,62.0,61.0,63.0,62.0,64.0,62.0,64.0
19:14:12,183.5,24.28,1034,63.0,62.0,60.0,62.0,61.0,63.0,61.0,62.0
19:14:13,184.5,44.45,1029,63.0,62.0,60.0,62.0,61.0,63.0,61.0,62.0
19:14:14,185.5,23.47,1032,64.0,62.0,61.0,62.0,62.0,63.0,61.0,63.0
19:14:15,186.5,28.67,1031,65.0,64.0,62.0,65.0,64.0,65.0,63.0,65.0
19:14:16,187.5,24.25,1032,63.0,62.0,61.0,62.0,61.0,63.0,60.0,63.0
19:14:17,188.5,37.87,1030,78.0,76.0,72.0,78.0,75.0,77.0,77.0,77.0
19:14:18,189.5,21.77,1032,78.0,76.0,72.0,78.0,61.0,63.0,61.0,62.0
19:14:19,190.5,37.20,1030,69.0,67.0,66.0,69.0,61.0,63.0,61.0,62.0
19:14:20,191.5,28.24,1032,64.0,63.0,62.0,64.0,62.0,64.0,62.0,63.0
19:14:21,192.6,34.75,1032,65.0,64.0,62.0,65.0,64.0,65.0,64.0,65.0
19:14:22,193.6,35.42,1031,65.0,64.0,62.0,65.0,64.0,65.0,64.0,65.0
19:14:23,194.6,31.17,1030,65.0,64.0,62.0,65.0,64.0,65.0,63.0,64.0
19:14:24,195.6,24.62,1033,65.0,64.0,62.0,64.0,63.0,65.0,63.0,64.0
19:14:25,196.6,28.18,1032,64.0,63.0,61.0,63.0,62.0,63.0,62.0,63.0
19:14:26,197.6,27.24,1032,64.0,63.0,61.0,63.0,62.0,63.0,62.0,63.0
19:14:27,198.6,42.46,1029,69.0,67.0,64.0,69.0,66.0,69.0,67.0,68.0
19:14:28,199.6,27.41,1032,79.0,77.0,75.0,77.0,77.0,79.0,77.0,79.0
19:14:29,200.6,24.44,1034,79.0,77.0,75.0,77.0,77.0,79.0,77.0,79.0
19:14:30,201.6,44.69,1029,78.0,76.0,71.0,78.0,74.0,76.0,76.0,75.0
19:14:31,202.6,26.60,1031,78.0,64.0,62.0,64.0,63.0,65.0,63.0,64.0
19:14:32,203.6,25.47,1030,65.0,65.0,63.0,66.0,64.0,66.0,64.0,64.0
19:14:33,204.6,24.00,1032,64.0,62.0,61.0,62.0,62.0,63.0,61.0,63.0
19:14:34,205.6,39.27,1030,64.0,62.0,61.0,62.0,62.0,63.0,61.0,63.0
19:14:35,206.6,19.14,1033,66.0,64.0,62.0,65.0,64.0,66.0,64.0,65.0
19:14:36,207.6,37.14,1030,66.0,64.0,62.0,65.0,64.0,66.0,64.0,65.0
19:14:37,208.6,27.64,1032,65.0,64.0,62.0,63.0,62.0,65.0,63.0,64.0
19:14:38,209.6,43.25,1029,81.0,69.0,68.0,72.0,71.0,75.0,71.0,81.0
19:14:39,210.6,25.08,1031,81.0,69.0,68.0,72.0,71.0,75.0,71.0,81.0
19:14:40,211.6,30.65,1031,66.0,65.0,63.0,65.0,64.0,66.0,65.0,65.0
19:14:41,212.6,24.42,1033,64.0,63.0,61.0,63.0,62.0,64.0,62.0,64.0
19:14:42,213.6,28.47,1032,65.0,63.0,62.0,65.0,63.0,65.0,63.0,64.0
19:14:43,214.6,21.13,1034,71.0,69.0,67.0,69.0,69.0,70.0,69.0,71.0
19:14:44,215.6,43.72,1030,71.0,69.0,67.0,69.0,69.0,70.0,69.0,71.0
19:14:45,216.6,24.74,1032,65.0,63.0,61.0,63.0,63.0,64.0,62.0,64.0
19:14:46,217.6,26.60,1032,64.0,62.0,62.0,64.0,62.0,64.0,62.0,64.0
19:14:47,218.6,26.49,1033,65.0,64.0,62.0,65.0,64.0,65.0,63.0,65.0
19:14:48,219.6,47.73,1029,65.0,64.0,62.0,65.0,64.0,65.0,63.0,65.0
19:14:49,220.6,22.09,1034,64.0,63.0,62.0,63.0,62.0,63.0,63.0,63.0
19:14:50,221.6,28.29,1032,65.0,63.0,62.0,64.0,63.0,65.0,63.0,64.0
19:14:51,222.6,30.75,1032,81.0,80.0,78.0,81.0,78.0,81.0,80.0,81.0
19:14:52,223.6,37.62,1030,81.0,80.0,78.0,67.0,64.0,67.0,65.0,66.0
19:14:53,224.6,24.82,1032,75.0,74.0,70.0,67.0,64.0,67.0,65.0,66.0
19:14:54,225.6,28.58,1031,66.0,64.0,62.0,64.0,63.0,66.0,64.0,65.0
19:14:55,226.7,24.30,1033,64.0,63.0,61.0,63.0,62.0,63.0,61.0,63.0
19:14:56,227.7,29.15,1034,64.0,63.0,62.0,64.0,64.0,64.0,63.0,64.0
19:14:57,228.7,32.57,1033,78.0,77.0,72.0,78.0,76.0,78.0,76.0,77.0
19:14:58,229.7,37.01,1030,78.0,77.0,72.0,78.0,76.0,78.0,76.0,77.0
19:14:59,230.7,25.38,1033,70.0,69.0,65.0,69.0,68.0,70.0,68.0,70.0
19:15:00,231.7,24.75,1033,64.0,62.0,61.0,63.0,61.0,64.0,62.0,64.0
19:15:01,232.7,38.46,1031,78.0,77.0,73.0,78.0,75.0,78.0,77.0,77.0
19:15:02,233.7,30.91,1031,78.0,77.0,73.0,78.0,75.0,78.0,77.0,77.0
19:15:03,234.7,26.84,1033,65.0,63.0,62.0,65.0,63.0,65.0,63.0,64.0
19:15:04,235.7,31.76,1033,65.0,63.0,62.0,65.0,63.0,65.0,63.0,64.0
19:15:05,236.7,39.94,1030,69.0,67.0,65.0,69.0,67.0,69.0,67.0,66.0
19:15:06,237.7,25.06,1033,75.0,75.0,70.0,73.0,72.0,73.0,74.0,75.0
19:15:07,238.7,26.78,1033,75.0,75.0,70.0,73.0,63.0,64.0,62.0,64.0
19:15:08,239.7,33.26,1032,77.0,75.0,72.0,77.0,63.0,64.0,62.0,64.0
19:15:09,240.7,35.40,1030,67.0,66.0,64.0,67.0,64.0,67.0,66.0,66.0
19:15:10,241.7,27.72,1031,67.0,66.0,64.0,67.0,65.0,67.0,65.0,66.0
19:15:11,242.7,24.40,1034,64.0,63.0,62.0,64.0,62.0,64.0,63.0,63.0
19:15:12,243.7,26.24,1035,64.0,63.0,62.0,64.0,62.0,64.0,63.0,63.0
19:15:13,244.7,33.54,1034,65.0,64.0,63.0,65.0,63.0,65.0,64.0,64.0
19:15:14,245.7,37.12,1031,65.0,64.0,63.0,65.0,63.0,65.0,64.0,64.0
19:15:15,246.7,25.00,1032,66.0,64.0,63.0,64.0,64.0,66.0,64.0,65.0
19:15:16,247.7,24.81,1034,64.0,63.0,62.0,63.0,62.0,64.0,62.0,63.0
19:15:17,248.7,28.23,1034,65.0,63.0,62.0,63.0,63.0,65.0,63.0,64.0
19:15:18,249.7,23.54,1035,78.0,76.0,74.0,78.0,76.0,77.0,75.0,76.0
19:15:19,250.7,41.11,1031,78.0,76.0,74.0,78.0,76.0,77.0,75.0,76.0
19:15:20,251.7,20.79,1033,65.0,64.0,61.0,63.0,62.0,64.0,63.0,64.0
19:15:21,252.7,28.37,1033,65.0,64.0,62.0,64.0,63.0,64.0,63.0,64.0
19:15:22,253.7,24.60,1034,64.0,64.0,61.0,63.0,63.0,64.0,63.0,64.0
19:15:23,254.7,43.00,1031,64.0,64.0,61.0,63.0,63.0,64.0,63.0,64.0
19:15:24,255.7,20.48,1034,77.0,76.0,72.0,76.0,74.0,77.0,74.0,75.0
19:15:25,256.7,31.61,1032,66.0,65.0,63.0,65.0,64.0,66.0,64.0,65.0
19:15:26,257.7,24.20,1034,65.0,63.0,62.0,63.0,63.0,64.0,63.0,64.0
19:15:27,258.7,32.75,1033,65.0,63.0,63.0,65.0,64.0,66.0,64.0,64.0
19:15:28,259.7,31.63,1033,77.0,77.0,63.0,65.0,64.0,66.0,64.0,64.0
19:15:29,260.8,34.68,1031,67.0,66.0,64.0,66.0,64.0,67.0,64.0,66.0
19:15:30,261.8,24.86,1033,68.0,67.0,65.0,67.0,66.0,68.0,66.0,68.0
19:15:31,262.8,27.93,1035,68.0,67.0,65.0,63.0,63.0,64.0,62.0,64.0
19:15:32,263.8,25.85,1035,76.0,75.0,71.0,63.0,63.0,64.0,62.0,64.0
19:15:33,264.8,42.82,1031,69.0,68.0,66.0,69.0,68.0,69.0,69.0,68.0
19:15:34,265.8,24.69,1034,69.0,68.0,66.0,69.0,68.0,69.0,69.0,68.0
19:15:35,266.8,24.52,1034,64.0,63.0,62.0,63.0,62.0,64.0,61.0,64.0
19:15:36,267.8,36.55,1032,79.0,77.0,73.0,79.0,77.0,78.0,78.0,77.0
19:15:37,268.8,33.30,1032,79.0,77.0,73.0,79.0,77.0,78.0,78.0,77.0
19:15:38,269.8,27.59,1032,66.0,65.0,63.0,65.0,65.0,66.0,65.0,66.0
19:15:39,270.8,24.17,1035,65.0,64.0,62.0,64.0,63.0,64.0,65.0,66.0
19:15:40,271.8,41.98,1031,80.0,75.0,71.0,80.0,76.0,76.0,75.0,77.0
19:15:41,272.8,24.00,1033,66.0,64.0,63.0,65.0,63.0,65.0,63.0,65.0
19:15:42,273.8,31.56,1032,67.0,66.0,64.0,67.0,64.0,67.0,65.0,66.0
19:15:43,274.8,33.57,1033,67.0,66.0,64.0,67.0,64.0,67.0,65.0,66.0
19:15:44,275.8,38.72,1032,68.0,66.0,65.0,68.0,65.0,67.0,66.0,67.0
19:15:45,276.8,28.78,1032,70.0,68.0,65.0,69.0,68.0,70.0,68.0,68.0
19:15:46,277.8,24.55,1033,66.0,65.0,62.0,65.0,63.0,65.0,63.0,65.0
19:15:47,278.8,24.51,1035,65.0,64.0,62.0,65.0,63.0,65.0,64.0,65.0
19:15:48,279.8,28.29,1034,65.0,64.0,62.0,65.0,63.0,65.0,63.0,65.0
19:15:49,280.8,35.82,1033,79.0,75.0,71.0,77.0,63.0,65.0,63.0,65.0
19:15:50,281.8,33.13,1032,67.0,65.0,64.0,67.0,64.0,66.0,64.0,66.0
19:15:51,282.8,27.99,1035,80.0,78.0,76.0,80.0,75.0,80.0,77.0,78.0
19:15:52,283.8,22.64,1034,80.0,78.0,76.0,80.0,75.0,80.0,77.0,78.0
19:15:53,284.8,45.82,1030,81.0,79.0,70.0,74.0,81.0,73.0,72.0,72.0
19:15:54,285.8,26.19,1034,81.0,65.0,63.0,65.0,64.0,66.0,65.0,66.0
19:15:55,286.8,25.39,1035,66.0,65.0,63.0,65.0,64.0,66.0,65.0,66.0
19:15:56,287.8,24.22,1035,65.0,64.0,62.0,64.0,63.0,64.0,63.0,64.0
19:15:57,288.8,40.99,1032,79.0,74.0,75.0,79.0,77.0,77.0,77.0,75.0
19:15:58,289.8,24.69,1033,79.0,74.0,75.0,79.0,77.0,77.0,77.0,75.0
19:15:59,290.8,28.46,1032,69.0,67.0,65.0,69.0,67.0,70.0,68.0,69.0
19:16:00,291.8,24.51,1034,66.0,64.0,63.0,65.0,64.0,66.0,63.0,65.0
19:16:01,292.8,24.86,1035,66.0,65.0,62.0,66.0,64.0,66.0,65.0,66.0
19:16:02,293.8,34.10,1034,66.0,65.0,62.0,66.0,64.0,66.0,65.0,65.0
19:16:03,294.9,36.29,1032,84.0,82.0,71.0,66.0,64.0,66.0,65.0,65.0
19:16:04,295.9,30.52,1033,67.0,65.0,64.0,67.0,64.0,66.0,65.0,66.0
19:16:05,296.9,31.28,1034,84.0,84.0,69.0,81.0,82.0,84.0,84.0,81.0
19:16:06,297.9,20.81,1035,84.0,84.0,69.0,81.0,82.0,84.0,84.0,81.0
19:16:07,298.9,45.75,1031,71.0,69.0,67.0,70.0,70.0,71.0,69.0,70.0
19:16:08,299.9,25.33,1035,66.0,64.0,63.0,65.0,64.0,66.0,64.0,65.0
19:16:09,300.9,23.14,1036,65.0,63.0,62.0,63.0,62.0,64.0,62.0,64.0
19:17:06,1.0,34.07,1018,60.0,53.0,53.0,60.0,53.0,59.0,51.0,67.0
19:17:07,2.0,32.57,1017,58.0,58.0,56.0,58.0,56.0,58.0,56.0,67.0
19:17:08,3.0,31.56,1018,77.0,75.0,67.0,76.0,70.0,77.0,69.0,70.0
19:17:09,4.0,40.41,1017,77.0,75.0,67.0,76.0,70.0,77.0,69.0,70.0
19:17:10,5.0,26.38,1018,60.0,59.0,57.0,59.0,58.0,60.0,57.0,59.0
19:17:11,6.0,38.76,1017,74.0,72.0,69.0,75.0,73.0,74.0,74.0,73.0
19:17:12,7.0,23.74,1018,74.0,72.0,69.0,75.0,73.0,74.0,74.0,73.0
19:17:13,8.0,25.34,1019,60.0,59.0,57.0,60.0,58.0,60.0,57.0,59.0
19:17:14,9.0,37.93,1017,60.0,72.0,69.0,73.0,72.0,74.0,73.0,72.0
19:17:15,10.0,23.45,1019,75.0,72.0,69.0,73.0,72.0,74.0,73.0,72.0
19:17:16,11.0,26.23,1020,60.0,59.0,58.0,59.0,58.0,60.0,57.0,60.0
19:17:17,12.0,41.31,1016,60.0,59.0,58.0,59.0,58.0,60.0,57.0,60.0
19:17:18,13.0,20.22,1018,60.0,59.0,58.0,59.0,58.0,60.0,57.0,59.0
19:17:19,14.0,26.41,1019,60.0,59.0,57.0,59.0,58.0,60.0,57.0,59.0
19:17:20,15.0,42.21,1017,75.0,72.0,65.0,72.0,73.0,73.0,73.0,71.0
19:17:21,16.0,19.27,1018,75.0,72.0,65.0,72.0,73.0,73.0,73.0,71.0
19:17:22,17.0,26.61,1019,60.0,59.0,58.0,60.0,58.0,60.0,58.0,60.0
19:17:23,18.0,43.38,1017,72.0,71.0,64.0,72.0,66.0,68.0,69.0,70.0
19:17:24,19.0,20.71,1019,72.0,71.0,64.0,72.0,66.0,60.0,59.0,61.0
19:17:25,20.1,24.15,1019,60.0,59.0,57.0,60.0,58.0,60.0,59.0,61.0
19:17:26,21.1,41.97,1016,68.0,65.0,62.0,67.0,64.0,68.0,65.0,65.0
19:17:27,22.1,22.34,1019,68.0,59.0,59.0,60.0,58.0,61.0,59.0,60.0
19:17:28,23.1,23.34,1018,60.0,59.0,59.0,60.0,58.0,60.0,58.0,60.0
19:17:29,24.1,41.04,1016,67.0,64.0,62.0,65.0,58.0,60.0,58.0,60.0
19:17:30,25.1,23.02,1020,61.0,59.0,58.0,60.0,59.0,61.0,59.0,61.0
19:17:31,26.1,22.95,1020,60.0,59.0,57.0,60.0,59.0,61.0,59.0,60.0
19:17:32,27.1,40.69,1016,60.0,59.0,57.0,60.0,59.0,61.0,59.0,60.0
19:17:33,28.1,22.69,1019,61.0,60.0,58.0,60.0,59.0,61.0,59.0,61.0
19:17:34,29.1,26.19,1019,61.0,60.0,58.0,60.0,59.0,61.0,58.0,61.0
19:17:35,30.1,37.17,1016,65.0,63.0,62.0,64.0,63.0,65.0,63.0,65.0
19:17:36,31.1,22.76,1019,61.0,60.0,58.0,60.0,58.0,61.0,59.0,61.0
19:17:37,32.1,29.37,1019,61.0,60.0,58.0,60.0,59.0,61.0,59.0,60.0
19:17:38,33.1,35.39,1017,66.0,64.0,62.0,65.0,59.0,61.0,59.0,60.0
19:17:39,34.1,22.79,1020,61.0,60.0,59.0,60.0,58.0,61.0,59.0,61.0
19:17:40,35.1,28.74,1019,62.0,60.0,58.0,61.0,59.0,62.0,59.0,61.0
19:17:41,36.1,35.86,1017,62.0,60.0,58.0,61.0,59.0,62.0,59.0,61.0
19:17:42,37.1,22.82,1019,62.0,60.0,59.0,60.0,60.0,62.0,59.0,61.0
19:17:43,38.1,37.53,1018,67.0,65.0,63.0,67.0,64.0,67.0,65.0,65.0
19:17:44,39.1,25.97,1018,67.0,65.0,63.0,67.0,64.0,67.0,65.0,65.0
19:17:45,40.1,22.96,1020,62.0,60.0,58.0,60.0,60.0,62.0,59.0,61.0
19:17:46,41.1,38.47,1017,67.0,66.0,63.0,67.0,65.0,67.0,66.0,65.0
19:17:47,42.1,25.20,1017,67.0,66.0,63.0,67.0,65.0,67.0,66.0,65.0
19:17:48,43.1,23.31,1020,62.0,60.0,59.0,60.0,60.0,62.0,59.0,61.0
19:17:49,44.1,40.85,1017,71.0,69.0,65.0,71.0,69.0,70.0,69.0,70.0
19:17:50,45.1,23.26,1019,71.0,69.0,65.0,71.0,69.0,70.0,69.0,70.0
19:17:51,46.1,23.18,1019,62.0,60.0,59.0,61.0,60.0,62.0,59.0,61.0
19:17:52,47.1,42.03,1017,68.0,66.0,63.0,67.0,66.0,68.0,65.0,66.0
19:17:53,48.1,23.30,1019,68.0,66.0,63.0,67.0,66.0,68.0,65.0,66.0
19:17:54,49.1,23.94,1020,68.0,67.0,65.0,68.0,66.0,67.0,66.0,68.0
19:17:55,50.1,40.00,1017,68.0,67.0,65.0,68.0,66.0,67.0,66.0,68.0
19:17:56,51.1,22.52,1020,75.0,75.0,72.0,75.0,73.0,73.0,74.0,74.0
19:17:57,52.1,23.76,1020,75.0,75.0,72.0,75.0,73.0,73.0,74.0,74.0
19:17:58,53.1,40.66,1016,67.0,64.0,62.0,66.0,64.0,67.0,65.0,65.0
19:17:59,54.1,20.46,1019,67.0,64.0,62.0,66.0,64.0,67.0,65.0,65.0
19:18:00,55.1,25.17,1020,65.0,63.0,60.0,63.0,63.0,65.0,63.0,64.0
19:18:01,56.1,41.46,1017,65.0,63.0,60.0,63.0,63.0,65.0,63.0,64.0
19:18:02,57.2,27.05,1020,78.0,77.0,74.0,78.0,75.0,78.0,76.0,78.0
19:18:03,58.2,39.26,1016,78.0,77.0,74.0,78.0,75.0,78.0,76.0,78.0
19:18:04,59.2,23.23,1020,63.0,61.0,60.0,62.0,61.0,63.0,61.0,62.0
19:18:05,60.2,38.06,1018,68.0,66.0,63.0,67.0,65.0,68.0,66.0,66.0
19:18:06,61.2,26.26,1018,68.0,66.0,63.0,67.0,65.0,68.0,66.0,66.0
19:18:07,62.2,23.04,1020,62.0,61.0,60.0,62.0,60.0,62.0,61.0,62.0
19:18:08,63.2,37.43,1018,67.0,65.0,63.0,67.0,65.0,67.0,65.0,66.0
19:18:09,64.2,26.14,1018,67.0,65.0,63.0,67.0,65.0,67.0,65.0,66.0
19:18:10,65.2,22.86,1020,62.0,61.0,60.0,62.0,61.0,62.0,60.0,62.0
19:18:11,66.2,39.38,1018,77.0,77.0,68.0,77.0,76.0,77.0,74.0,77.0
19:18:12,67.2,24.39,1019,77.0,77.0,68.0,77.0,76.0,77.0,74.0,77.0
19:18:13,68.2,23.04,1020,63.0,62.0,60.0,62.0,61.0,62.0,61.0,62.0
19:18:14,69.2,39.60,1018,76.0,74.0,70.0,76.0,74.0,76.0,74.0,74.0
19:18:15,70.2,21.65,1020,76.0,74.0,70.0,76.0,74.0,76.0,74.0,74.0
19:18:16,71.2,26.20,1020,63.0,62.0,60.0,62.0,61.0,62.0,61.0,62.0
19:18:17,72.2,38.32,1019,76.0,75.0,72.0,76.0,74.0,76.0,75.0,75.0
19:18:18,73.2,22.54,1020,76.0,75.0,72.0,76.0,74.0,76.0,75.0,75.0
19:18:19,74.2,25.64,1019,63.0,61.0,60.0,62.0,61.0,63.0,61.0,62.0
19:18:20,75.2,39.24,1018,76.0,74.0,70.0,75.0,73.0,76.0,74.0,73.0
19:18:21,76.2,21.69,1019,76.0,74.0,70.0,75.0,73.0,76.0,74.0,73.0
19:18:22,77.2,26.09,1020,63.0,62.0,60.0,62.0,61.0,63.0,61.0,63.0
19:18:23,78.2,42.52,1018,80.0,78.0,75.0,80.0,73.0,75.0,74.0,79.0
19:18:24,79.2,23.84,1020,80.0,78.0,75.0,80.0,73.0,75.0,62.0,63.0
19:18:25,80.2,22.96,1020,63.0,62.0,60.0,62.0,61.0,63.0,62.0,63.0
19:18:26,81.2,41.74,1017,68.0,67.0,64.0,68.0,67.0,68.0,67.0,67.0
19:18:27,82.2,22.84,1019,63.0,62.0,61.0,62.0,62.0,63.0,61.0,63.0
19:18:28,83.2,23.19,1020,63.0,62.0,61.0,62.0,62.0,63.0,61.0,63.0
19:18:29,84.2,41.04,1018,67.0,65.0,63.0,67.0,65.0,67.0,65.0,66.0
19:18:30,85.2,22.62,1021,63.0,62.0,60.0,62.0,61.0,63.0,61.0,63.0
19:18:31,86.2,26.78,1020,63.0,62.0,60.0,62.0,61.0,63.0,61.0,62.0
19:18:32,87.2,37.87,1017,68.0,65.0,64.0,67.0,65.0,68.0,67.0,66.0
19:18:33,88.2,22.98,1020,68.0,65.0,64.0,67.0,65.0,68.0,67.0,66.0
19:18:34,89.2,26.90,1020,63.0,63.0,61.0,63.0,62.0,63.0,62.0,63.0
19:18:35,90.2,36.24,1017,66.0,65.0,62.0,65.0,64.0,66.0,64.0,65.0
19:18:36,91.2,24.45,1020,66.0,65.0,62.0,65.0,64.0,66.0,64.0,65.0
19:18:37,92.2,28.36,1021,63.0,62.0,60.0,62.0,61.0,63.0,61.0,63.0
19:18:38,93.3,34.92,1019,65.0,63.0,62.0,64.0,63.0,65.0,62.0,64.0
19:18:39,94.3,27.03,1021,79.0,78.0,75.0,79.0,76.0,78.0,77.0,79.0
19:18:40,95.3,26.01,1021,79.0,62.0,61.0,62.0,62.0,62.0,61.0,62.0
19:18:41,96.3,34.46,1018,65.0,62.0,61.0,62.0,62.0,62.0,61.0,62.0
19:18:42,97.3,29.17,1020,77.0,75.0,72.0,76.0,74.0,76.0,75.0,77.0
19:18:43,98.3,31.81,1019,64.0,63.0,62.0,64.0,62.0,64.0,62.0,64.0
19:18:44,99.3,25.90,1019,64.0,63.0,62.0,63.0,62.0,64.0,62.0,63.0
19:18:45,100.3,31.19,1020,64.0,63.0,62.0,63.0,62.0,64.0,62.0,63.0
19:18:46,101.3,30.48,1019,65.0,63.0,61.0,63.0,63.0,64.0,62.0,64.0
19:18:47,102.3,25.29,1020,64.0,63.0,61.0,63.0,62.0,64.0,62.0,62.0
19:18:48,103.3,32.01,1019,76.0,73.0,72.0,76.0,75.0,76.0,75.0,75.0
19:18:49,104.3,32.45,1019,76.0,73.0,72.0,76.0,75.0,76.0,75.0,75.0
19:18:50,105.3,23.11,1020,64.0,63.0,62.0,62.0,62.0,63.0,62.0,63.0
19:18:51,106.3,33.64,1020,78.0,76.0,73.0,78.0,74.0,77.0,76.0,75.0
19:18:52,107.3,32.90,1019,78.0,76.0,73.0,78.0,74.0,65.0,63.0,64.0
19:18:53,108.3,22.52,1020,64.0,62.0,61.0,62.0,62.0,65.0,63.0,64.0
19:18:54,109.3,35.09,1018,78.0,77.0,73.0,77.0,75.0,78.0,76.0,76.0
19:18:55,110.3,29.34,1018,78.0,77.0,73.0,77.0,75.0,78.0,62.0,64.0
19:18:56,111.3,26.81,1019,65.0,63.0,62.0,64.0,63.0,65.0,62.0,64.0
19:18:57,112.3,31.23,1019,78.0,77.0,73.0,78.0,74.0,78.0,76.0,76.0
19:18:58,113.3,29.02,1020,65.0,63.0,62.0,63.0,63.0,64.0,63.0,64.0
19:18:59,114.3,26.10,1020,65.0,63.0,62.0,63.0,63.0,64.0,63.0,64.0
19:19:00,115.3,32.76,1020,77.0,76.0,73.0,77.0,75.0,77.0,77.0,76.0
19:19:01,116.3,28.21,1020,77.0,63.0,62.0,63.0,63.0,64.0,62.0,64.0
19:19:02,117.3,29.87,1018,66.0,63.0,62.0,63.0,63.0,64.0,62.0,64.0
19:19:03,118.3,30.61,1018,78.0,76.0,72.0,78.0,75.0,77.0,77.0,76.0
19:19:04,119.3,27.23,1019,65.0,63.0,62.0,63.0,62.0,64.0,62.0,64.0
19:19:05,120.3,33.62,1020,65.0,63.0,62.0,63.0,62.0,64.0,62.0,64.0
19:19:06,121.3,26.45,1019,77.0,77.0,72.0,76.0,74.0,77.0,76.0,77.0
19:19:07,122.3,27.41,1020,64.0,63.0,62.0,63.0,62.0,64.0,62.0,64.0
19:19:08,123.3,34.06,1020,64.0,63.0,62.0,63.0,62.0,64.0,62.0,64.0
19:19:09,124.3,23.93,1020,76.0,75.0,71.0,75.0,74.0,76.0,74.0,75.0
19:19:10,125.3,28.95,1019,64.0,63.0,62.0,63.0,63.0,65.0,62.0,64.0
19:19:11,126.3,36.36,1019,64.0,63.0,62.0,63.0,63.0,65.0,62.0,64.0
19:19:12,127.3,22.07,1021,75.0,74.0,71.0,74.0,73.0,75.0,74.0,74.0
19:19:13,128.3,28.87,1020,64.0,64.0,62.0,63.0,62.0,63.0,62.0,64.0
19:19:14,129.4,35.16,1019,64.0,64.0,62.0,63.0,62.0,63.0,62.0,64.0
19:19:15,130.4,22.61,1022,75.0,75.0,72.0,74.0,73.0,75.0,73.0,74.0
19:19:16,131.4,29.88,1020,75.0,75.0,72.0,74.0,73.0,64.0,63.0,64.0
19:19:17,132.4,35.98,1018,78.0,77.0,74.0,78.0,76.0,64.0,63.0,64.0
19:19:18,133.4,25.25,1020,64.0,63.0,62.0,64.0,63.0,64.0,63.0,64.0
19:19:19,134.4,25.88,1020,64.0,64.0,62.0,62.0,62.0,64.0,63.0,64.0
19:19:20,135.4,36.79,1019,64.0,64.0,62.0,62.0,62.0,64.0,63.0,64.0
19:19:21,136.4,27.39,1020,65.0,63.0,62.0,63.0,63.0,65.0,63.0,65.0
19:19:22,137.4,24.70,1020,64.0,63.0,62.0,63.0,62.0,64.0,63.0,64.0
19:19:23,138.4,36.91,1019,79.0,76.0,74.0,78.0,75.0,79.0,77.0,77.0
19:19:24,139.4,27.62,1019,79.0,76.0,74.0,78.0,63.0,64.0,63.0,64.0
19:19:25,140.4,22.92,1021,65.0,63.0,62.0,64.0,63.0,64.0,62.0,64.0
19:19:26,141.4,37.86,1004,79.0,78.0,74.0,79.0,77.0,78.0,62.0,64.0
19:19:27,142.4,27.50,1005,65.0,63.0,62.0,63.0,63.0,65.0,63.0,64.0
19:19:28,143.4,22.63,1006,64.0,63.0,61.0,63.0,62.0,64.0,63.0,64.0
19:19:29,144.4,37.67,1003,79.0,77.0,73.0,79.0,76.0,78.0,77.0,77.0
19:19:30,145.4,26.69,1005,79.0,77.0,73.0,79.0,63.0,65.0,63.0,64.0
19:19:31,146.4,26.55,1005,65.0,64.0,62.0,64.0,63.0,65.0,63.0,64.0
19:19:32,147.4,35.79,1004,76.0,75.0,71.0,76.0,74.0,76.0,75.0,75.0
19:19:33,148.4,25.05,1006,76.0,75.0,71.0,64.0,63.0,65.0,63.0,64.0
19:19:34,149.4,26.12,1006,64.0,63.0,62.0,64.0,63.0,65.0,63.0,64.0
19:19:35,150.4,36.36,1004,82.0,79.0,77.0,82.0,80.0,82.0,80.0,80.0
19:19:36,151.4,24.47,1006,82.0,79.0,77.0,82.0,63.0,65.0,63.0,64.0
19:19:37,152.4,29.46,1005,65.0,65.0,63.0,65.0,63.0,65.0,63.0,64.0
19:19:38,153.4,33.69,1004,81.0,79.0,77.0,80.0,79.0,81.0,80.0,80.0
19:19:39,154.4,24.33,1006,81.0,79.0,77.0,80.0,63.0,65.0,63.0,65.0
19:19:40,155.4,37.31,1004,79.0,78.0,75.0,79.0,63.0,65.0,63.0,65.0
19:19:41,156.4,27.26,1004,76.0,74.0,72.0,76.0,75.0,76.0,75.0,76.0
19:19:42,157.4,23.21,1005,76.0,74.0,72.0,64.0,63.0,65.0,63.0,64.0
19:19:43,158.4,38.16,1005,72.0,71.0,68.0,64.0,63.0,65.0,63.0,64.0
19:19:44,159.4,23.90,1005,80.0,80.0,76.0,80.0,78.0,79.0,79.0,79.0
19:19:45,160.4,24.92,1006,80.0,80.0,76.0,80.0,62.0,65.0,63.0,64.0
19:19:46,161.4,38.73,1004,80.0,78.0,74.0,79.0,62.0,65.0,63.0,64.0
19:19:47,162.4,23.45,1005,81.0,79.0,76.0,80.0,78.0,81.0,79.0,80.0
19:19:48,163.4,24.49,1006,81.0,79.0,76.0,80.0,78.0,81.0,79.0,65.0
19:19:49,164.5,37.36,1005,79.0,78.0,75.0,79.0,77.0,79.0,78.0,65.0
19:19:50,165.5,27.53,1005,81.0,79.0,74.0,80.0,78.0,80.0,80.0,81.0
19:19:51,166.5,24.98,1006,81.0,79.0,74.0,80.0,78.0,80.0,80.0,81.0
19:19:52,167.5,41.95,1003,73.0,71.0,68.0,74.0,72.0,74.0,72.0,72.0
19:19:53,168.5,20.29,1007,66.0,64.0,62.0,65.0,63.0,65.0,64.0,66.0
19:19:54,169.5,26.33,1007,66.0,64.0,62.0,65.0,63.0,65.0,64.0,66.0
19:19:55,170.5,43.01,1004,72.0,69.0,67.0,71.0,69.0,72.0,70.0,70.0
19:19:56,171.5,19.75,1006,72.0,69.0,67.0,71.0,69.0,72.0,70.0,70.0
19:19:57,172.5,25.84,1007,65.0,64.0,62.0,63.0,63.0,65.0,63.0,65.0
19:19:58,173.5,41.58,1004,70.0,69.0,66.0,69.0,68.0,70.0,69.0,70.0
19:19:59,174.5,22.63,1007,65.0,64.0,63.0,65.0,64.0,65.0,64.0,65.0
19:20:00,175.5,22.81,1007,65.0,64.0,63.0,65.0,64.0,65.0,64.0,65.0
19:20:01,176.5,42.20,1004,69.0,68.0,65.0,69.0,67.0,69.0,68.0,68.0
19:20:02,177.5,22.99,1006,65.0,64.0,63.0,64.0,63.0,65.0,63.0,66.0
19:20:03,178.5,23.44,1007,67.0,66.0,63.0,67.0,64.0,67.0,65.0,67.0
19:20:04,179.5,40.70,1004,67.0,66.0,63.0,67.0,64.0,67.0,65.0,67.0
19:20:05,180.5,22.96,1007,65.0,64.0,62.0,64.0,63.0,65.0,63.0,65.0
19:20:06,181.5,27.34,1007,65.0,64.0,62.0,64.0,63.0,64.0,63.0,65.0
19:20:07,182.5,37.58,1004,68.0,67.0,64.0,67.0,66.0,68.0,67.0,67.0
19:20:08,183.5,23.36,1006,68.0,67.0,64.0,67.0,66.0,68.0,67.0,67.0
19:20:09,184.5,27.36,1007,65.0,65.0,62.0,65.0,64.0,65.0,65.0,65.0
19:20:10,185.5,35.76,1006,67.0,66.0,63.0,67.0,64.0,67.0,65.0,66.0
19:20:11,186.5,28.68,1007,67.0,66.0,63.0,67.0,64.0,67.0,65.0,66.0
19:20:12,187.5,26.07,1007,68.0,67.0,63.0,67.0,65.0,67.0,66.0,68.0
19:20:13,188.5,32.82,1006,68.0,65.0,63.0,65.0,64.0,66.0,63.0,65.0
19:20:14,189.5,34.26,1006,79.0,65.0,63.0,65.0,64.0,66.0,63.0,65.0
19:20:15,190.5,21.85,1008,74.0,74.0,71.0,73.0,72.0,74.0,72.0,74.0
19:20:16,191.5,31.31,1006,74.0,65.0,63.0,65.0,64.0,65.0,64.0,65.0
19:20:17,192.5,33.77,1005,79.0,65.0,63.0,65.0,64.0,65.0,64.0,65.0
19:20:18,193.5,29.86,1006,66.0,64.0,63.0,65.0,64.0,66.0,64.0,66.0
19:20:19,194.5,25.94,1005,66.0,65.0,63.0,65.0,64.0,66.0,64.0,65.0
19:20:20,195.5,36.38,1006,79.0,78.0,75.0,79.0,77.0,79.0,79.0,78.0
19:20:21,196.5,25.61,1007,79.0,78.0,75.0,79.0,77.0,79.0,79.0,78.0
19:20:22,197.5,25.51,1006,65.0,65.0,63.0,65.0,63.0,65.0,64.0,65.0
19:20:23,198.5,37.43,1004,80.0,78.0,75.0,80.0,77.0,80.0,78.0,78.0
19:20:24,199.5,26.77,1006,66.0,65.0,63.0,65.0,64.0,66.0,64.0,65.0
19:20:25,200.6,23.22,1008,66.0,65.0,62.0,64.0,63.0,65.0,63.0,65.0
19:20:26,201.6,37.64,1004,79.0,65.0,62.0,64.0,63.0,65.0,63.0,65.0
19:20:27,202.6,27.28,1006,66.0,65.0,63.0,65.0,64.0,66.0,64.0,65.0
19:20:28,203.6,23.11,1008,65.0,64.0,63.0,65.0,64.0,65.0,65.0,65.0
19:20:29,204.6,39.70,1005,65.0,64.0,63.0,65.0,64.0,65.0,81.0,82.0
19:20:30,205.6,23.88,1006,66.0,64.0,63.0,65.0,64.0,66.0,81.0,82.0
19:20:31,206.6,26.85,1007,66.0,66.0,63.0,66.0,64.0,66.0,65.0,66.0
19:20:32,207.6,37.67,1004,66.0,66.0,63.0,66.0,64.0,66.0,65.0,66.0
19:20:33,208.6,22.94,1005,66.0,65.0,63.0,65.0,64.0,66.0,64.0,66.0
19:20:34,209.6,26.29,1007,68.0,68.0,65.0,68.0,66.0,68.0,67.0,68.0
19:20:35,210.6,37.00,1004,68.0,68.0,65.0,68.0,66.0,68.0,67.0,68.0
19:20:36,211.6,23.45,1006,66.0,65.0,63.0,65.0,64.0,65.0,65.0,65.0
19:20:37,212.6,29.74,1006,66.0,65.0,63.0,65.0,64.0,66.0,65.0,66.0
19:20:38,213.6,34.63,1005,66.0,65.0,63.0,65.0,64.0,66.0,65.0,66.0
19:20:39,214.6,22.95,1007,65.0,64.0,62.0,65.0,64.0,66.0,64.0,65.0
19:20:40,215.6,38.30,1005,68.0,67.0,65.0,68.0,66.0,68.0,67.0,68.0
19:20:41,216.6,26.34,1005,68.0,67.0,65.0,68.0,66.0,68.0,67.0,68.0
19:20:42,217.6,23.91,1007,67.0,66.0,63.0,67.0,64.0,67.0,65.0,67.0
19:20:43,218.6,37.66,1005,67.0,66.0,63.0,67.0,64.0,67.0,65.0,67.0
19:20:44,219.6,25.99,1004,67.0,66.0,64.0,67.0,65.0,67.0,66.0,67.0
19:20:45,220.6,25.96,1007,79.0,77.0,75.0,79.0,77.0,78.0,77.0,79.0
19:20:47,221.6,42.03,1005,79.0,77.0,75.0,79.0,77.0,78.0,77.0,79.0
19:20:48,222.6,23.23,1006,66.0,65.0,64.0,67.0,64.0,67.0,66.0,66.0
19:20:49,223.6,30.04,1006,78.0,76.0,74.0,78.0,75.0,77.0,76.0,77.0
19:20:50,224.6,35.24,1004,78.0,76.0,74.0,78.0,75.0,77.0,76.0,77.0
19:20:51,225.6,22.79,1005,67.0,65.0,64.0,67.0,64.0,67.0,66.0,66.0
19:20:52,226.6,29.65,1007,67.0,65.0,64.0,67.0,64.0,67.0,66.0,66.0
19:20:53,227.6,35.25,1006,67.0,66.0,64.0,67.0,65.0,68.0,66.0,67.0
19:20:54,228.6,26.64,1007,67.0,66.0,64.0,67.0,65.0,67.0,66.0,67.0
19:20:55,229.6,28.56,1007,67.0,66.0,64.0,67.0,65.0,67.0,66.0,67.0
19:20:56,230.6,32.52,1004,67.0,66.0,64.0,67.0,65.0,67.0,66.0,67.0
19:20:57,231.6,27.05,1006,67.0,66.0,64.0,67.0,65.0,68.0,66.0,67.0
19:20:58,232.6,29.76,1006,78.0,77.0,64.0,67.0,65.0,68.0,66.0,67.0
19:20:59,233.6,30.87,1006,67.0,65.0,64.0,66.0,64.0,66.0,64.0,66.0
19:21:00,234.6,29.89,1007,67.0,65.0,64.0,66.0,64.0,66.0,64.0,66.0
19:21:01,235.6,26.36,1005,79.0,77.0,73.0,78.0,76.0,78.0,77.0,79.0
19:21:02,236.6,32.08,1006,79.0,66.0,64.0,66.0,64.0,67.0,65.0,66.0
19:21:03,237.6,29.91,1008,68.0,66.0,64.0,66.0,64.0,67.0,65.0,66.0
19:21:04,238.7,30.25,1006,79.0,78.0,75.0,79.0,77.0,79.0,78.0,79.0
19:21:05,239.7,28.41,1005,79.0,78.0,75.0,79.0,77.0,79.0,78.0,79.0
19:21:06,240.7,33.31,1006,79.0,77.0,74.0,79.0,77.0,79.0,78.0,79.0
19:21:07,241.7,24.50,1007,79.0,77.0,74.0,79.0,77.0,79.0,78.0,79.0
19:21:08,242.7,29.94,1006,67.0,65.0,64.0,65.0,64.0,66.0,64.0,65.0
19:21:09,243.7,33.75,1007,79.0,79.0,74.0,79.0,76.0,78.0,78.0,79.0
19:21:10,244.7,25.82,1006,79.0,79.0,74.0,79.0,76.0,78.0,78.0,79.0
19:21:11,245.7,27.37,1006,66.0,65.0,63.0,65.0,64.0,65.0,65.0,65.0
19:21:12,246.7,37.49,1005,80.0,79.0,75.0,80.0,78.0,79.0,78.0,79.0
19:21:13,247.7,21.75,1007,80.0,79.0,75.0,80.0,78.0,79.0,78.0,79.0
19:21:14,248.7,28.63,1006,66.0,65.0,63.0,65.0,64.0,66.0,64.0,65.0
19:21:15,249.7,39.48,1005,66.0,65.0,63.0,65.0,64.0,66.0,64.0,65.0
19:21:16,250.7,24.86,1007,67.0,65.0,64.0,65.0,64.0,66.0,65.0,66.0
19:21:17,251.7,25.76,1007,66.0,65.0,63.0,66.0,64.0,66.0,65.0,66.0
19:21:18,252.7,40.15,1005,79.0,78.0,74.0,79.0,76.0,79.0,77.0,78.0
19:21:19,253.7,21.69,1007,79.0,78.0,74.0,79.0,76.0,79.0,77.0,78.0
19:21:20,254.7,25.78,1007,66.0,65.0,63.0,65.0,64.0,66.0,64.0,65.0
19:21:21,255.7,41.57,1004,84.0,83.0,79.0,83.0,81.0,83.0,79.0,82.0
19:21:22,256.7,21.47,1008,84.0,83.0,63.0,66.0,64.0,66.0,65.0,66.0
19:21:23,257.7,23.88,1008,66.0,64.0,63.0,66.0,64.0,66.0,65.0,66.0
19:21:24,258.7,42.34,1004,75.0,73.0,70.0,75.0,72.0,74.0,73.0,66.0
19:21:25,259.7,22.90,1007,66.0,65.0,63.0,65.0,64.0,66.0,65.0,67.0
19:21:26,260.7,23.20,1008,66.0,64.0,63.0,65.0,64.0,66.0,64.0,65.0
19:21:27,261.7,41.85,1005,76.0,75.0,69.0,74.0,72.0,76.0,74.0,74.0
19:21:28,262.7,22.98,1008,76.0,75.0,69.0,74.0,72.0,66.0,65.0,66.0
19:21:29,263.7,24.46,1009,69.0,67.0,65.0,69.0,66.0,66.0,65.0,66.0
19:21:30,264.7,39.08,1004,68.0,67.0,65.0,69.0,67.0,69.0,67.0,69.0
19:21:31,265.7,23.19,1008,66.0,65.0,63.0,65.0,64.0,66.0,65.0,66.0
19:21:32,266.7,27.62,1007,66.0,65.0,63.0,65.0,64.0,66.0,65.0,66.0
19:21:33,267.7,37.28,1005,68.0,68.0,65.0,68.0,66.0,68.0,67.0,66.0
19:21:34,268.7,23.88,1008,69.0,68.0,65.0,68.0,66.0,67.0,66.0,69.0
19:21:35,269.7,29.10,1008,69.0,68.0,65.0,65.0,64.0,66.0,64.0,66.0
19:21:36,270.7,34.68,1005,68.0,67.0,65.0,65.0,64.0,66.0,64.0,66.0
19:21:37,271.7,23.79,1008,68.0,67.0,64.0,67.0,65.0,67.0,66.0,68.0
19:21:38,272.7,29.63,1007,68.0,67.0,64.0,67.0,65.0,66.0,65.0,66.0
19:21:39,273.7,34.07,1006,68.0,67.0,64.0,68.0,66.0,66.0,65.0,66.0
19:21:40,274.8,25.17,1009,73.0,73.0,70.0,73.0,72.0,73.0,72.0,73.0
19:21:41,275.8,36.85,1006,73.0,73.0,70.0,73.0,72.0,73.0,72.0,73.0
19:21:42,276.8,28.49,1006,68.0,67.0,65.0,68.0,66.0,68.0,67.0,68.0
19:21:43,277.8,27.95,1008,68.0,67.0,72.0,78.0,74.0,76.0,76.0,76.0
19:21:44,278.8,34.56,1007,67.0,67.0,72.0,78.0,74.0,76.0,76.0,76.0
19:21:45,279.8,24.91,1006,67.0,66.0,64.0,67.0,65.0,67.0,66.0,67.0
19:21:46,280.8,28.64,1008,67.0,79.0,78.0,80.0,78.0,80.0,78.0,80.0
19:21:47,281.8,37.22,1005,68.0,79.0,78.0,80.0,78.0,80.0,78.0,80.0
19:21:48,282.8,22.81,1005,67.0,66.0,64.0,67.0,64.0,67.0,66.0,67.0
19:21:49,283.8,29.10,1007,67.0,66.0,64.0,67.0,64.0,67.0,66.0,67.0
19:21:50,284.8,36.19,1006,69.0,67.0,65.0,69.0,66.0,68.0,66.0,68.0
19:21:51,285.8,22.39,1007,67.0,66.0,64.0,67.0,65.0,67.0,66.0,66.0
19:21:52,286.8,30.58,1007,67.0,66.0,64.0,67.0,65.0,67.0,66.0,66.0
19:21:53,287.8,34.75,1006,68.0,67.0,65.0,67.0,66.0,68.0,66.0,68.0
19:21:54,288.8,26.59,1007,68.0,67.0,64.0,68.0,65.0,68.0,66.0,67.0
19:21:55,289.8,29.76,1007,68.0,67.0,64.0,68.0,65.0,68.0,66.0,67.0
19:21:56,290.8,31.56,1007,68.0,66.0,65.0,67.0,65.0,67.0,66.0,67.0
19:21:57,291.8,26.86,1007,68.0,66.0,64.0,67.0,66.0,69.0,67.0,68.0
19:21:58,292.8,31.58,1006,68.0,66.0,64.0,67.0,66.0,69.0,67.0,68.0
19:21:59,293.8,29.44,1007,67.0,66.0,64.0,67.0,65.0,67.0,66.0,67.0
19:22:00,294.8,29.94,1008,70.0,69.0,67.0,71.0,69.0,71.0,69.0,71.0
19:22:01,295.8,26.42,1007,70.0,69.0,67.0,71.0,69.0,71.0,69.0,71.0
19:22:02,296.8,32.02,1006,67.0,66.0,64.0,67.0,64.0,67.0,65.0,67.0
19:22:03,297.8,30.73,1007,67.0,79.0,75.0,80.0,77.0,79.0,78.0,79.0
19:22:04,298.8,26.78,1007,79.0,79.0,75.0,80.0,77.0,79.0,78.0,79.0
19:22:05,299.8,30.29,1007,67.0,66.0,64.0,67.0,64.0,67.0,65.0,66.0
19:22:06,300.8,22.81,1008,67.0,66.0,64.0,67.0,64.0,67.0,65.0,66.0
19:22:51,1.0,34.87,1006,70.0,70.0,65.0,70.0,70.0,70.0,67.0,70.0
19:22:52,2.0,32.94,1007,70.0,70.0,65.0,70.0,70.0,70.0,67.0,70.0
19:22:53,3.0,42.48,1006,62.0,61.0,60.0,62.0,60.0,62.0,61.0,62.0
19:22:54,4.0,35.67,1008,62.0,61.0,60.0,62.0,60.0,62.0,61.0,62.0
19:22:55,5.0,33.74,1008,63.0,62.0,61.0,62.0,61.0,63.0,61.0,63.0
19:22:56,6.0,35.84,1007,75.0,74.0,69.0,73.0,71.0,75.0,71.0,73.0
19:22:57,7.0,34.09,1006,75.0,74.0,69.0,73.0,71.0,75.0,71.0,73.0
19:22:58,8.0,35.41,1007,64.0,63.0,62.0,63.0,62.0,64.0,63.0,64.0
19:22:59,9.0,32.03,1007,76.0,74.0,72.0,76.0,73.0,75.0,74.0,75.0
19:23:00,10.0,33.73,1008,76.0,74.0,72.0,76.0,73.0,75.0,74.0,75.0
19:23:01,11.0,38.86,1007,66.0,65.0,63.0,65.0,64.0,66.0,65.0,66.0
19:23:02,12.0,33.76,1008,66.0,65.0,63.0,65.0,64.0,66.0,65.0,66.0
19:23:03,13.0,33.81,1008,65.0,64.0,62.0,64.0,62.0,65.0,63.0,64.0
19:23:04,14.0,36.60,1007,74.0,73.0,69.0,74.0,72.0,74.0,73.0,73.0
19:23:05,15.0,34.59,1008,74.0,73.0,69.0,74.0,72.0,74.0,73.0,73.0
19:23:06,16.0,32.09,1008,66.0,66.0,63.0,66.0,64.0,66.0,65.0,66.0
19:23:07,17.0,36.39,1006,66.0,66.0,63.0,66.0,64.0,66.0,65.0,66.0
19:23:08,18.0,30.47,1008,67.0,66.0,63.0,67.0,64.0,66.0,65.0,67.0
19:23:09,19.0,36.84,1008,67.0,66.0,63.0,67.0,64.0,66.0,65.0,67.0
19:23:10,20.0,42.78,1006,80.0,78.0,74.0,80.0,77.0,79.0,78.0,78.0
19:23:11,21.0,29.47,1009,80.0,78.0,74.0,80.0,77.0,79.0,78.0,78.0
19:23:12,22.1,37.86,1006,68.0,67.0,64.0,68.0,65.0,68.0,66.0,67.0
19:23:13,23.1,38.48,1006,68.0,67.0,64.0,68.0,65.0,68.0,66.0,67.0
19:23:14,24.1,30.35,1007,68.0,67.0,65.0,68.0,66.0,68.0,66.0,68.0
19:23:15,25.1,38.31,1005,70.0,68.0,66.0,70.0,68.0,70.0,69.0,70.0
19:23:16,26.1,31.96,1008,70.0,68.0,66.0,70.0,68.0,70.0,69.0,70.0
19:23:17,27.1,31.76,1008,68.0,66.0,64.0,67.0,65.0,68.0,66.0,67.0
19:23:18,28.1,37.64,1006,68.0,66.0,64.0,67.0,65.0,68.0,66.0,67.0
19:23:19,29.1,29.10,1008,71.0,69.0,67.0,70.0,68.0,70.0,69.0,71.0
19:23:20,30.1,38.00,1006,71.0,69.0,67.0,70.0,68.0,70.0,69.0,71.0
19:23:21,31.1,30.82,1008,78.0,76.0,74.0,78.0,76.0,78.0,76.0,78.0
19:23:22,32.1,34.28,1008,78.0,76.0,74.0,78.0,76.0,78.0,76.0,78.0
19:23:23,33.1,37.48,1006,79.0,77.0,73.0,79.0,75.0,78.0,77.0,78.0
19:23:24,34.1,29.26,1007,79.0,77.0,73.0,79.0,75.0,78.0,77.0,78.0
19:23:25,35.1,39.52,1007,74.0,74.0,69.0,72.0,71.0,73.0,71.0,73.0
19:23:26,36.1,35.94,1007,74.0,74.0,69.0,72.0,71.0,73.0,71.0,73.0
19:23:27,37.1,30.67,1007,67.0,66.0,64.0,67.0,64.0,66.0,66.0,67.0
19:23:28,38.1,39.82,1007,67.0,66.0,64.0,67.0,64.0,66.0,66.0,67.0
19:23:29,39.1,34.18,1007,79.0,77.0,75.0,79.0,77.0,79.0,78.0,78.0
19:23:30,40.1,30.78,1006,79.0,77.0,75.0,79.0,77.0,79.0,78.0,78.0
19:23:31,41.1,40.30,1005,80.0,76.0,73.0,80.0,75.0,78.0,79.0,77.0
19:23:32,42.1,31.74,1008,80.0,76.0,73.0,80.0,75.0,78.0,79.0,77.0
19:23:33,43.1,33.69,1006,68.0,67.0,64.0,68.0,65.0,68.0,67.0,67.0
19:23:34,44.1,41.35,1005,68.0,67.0,64.0,68.0,65.0,68.0,67.0,67.0
19:23:35,45.1,27.47,1007,68.0,66.0,64.0,67.0,65.0,68.0,65.0,68.0
19:23:36,46.1,38.00,1005,68.0,66.0,64.0,67.0,65.0,68.0,65.0,68.0
19:23:37,47.1,35.21,1007,81.0,78.0,75.0,81.0,77.0,79.0,78.0,80.0
19:23:38,48.1,29.63,1008,81.0,78.0,75.0,81.0,66.0,67.0,67.0,67.0
19:23:39,49.1,41.20,1006,69.0,68.0,65.0,69.0,66.0,67.0,67.0,67.0
19:23:40,50.1,39.22,1006,81.0,79.0,77.0,81.0,78.0,81.0,79.0,80.0
19:23:41,51.1,27.82,1008,81.0,79.0,77.0,81.0,78.0,81.0,79.0,80.0
19:23:42,52.1,42.07,1006,70.0,69.0,66.0,70.0,68.0,70.0,68.0,70.0
19:23:43,53.1,29.06,1008,70.0,69.0,66.0,70.0,68.0,69.0,68.0,70.0
19:23:44,54.1,35.31,1007,70.0,69.0,66.0,70.0,68.0,69.0,68.0,70.0
19:23:45,55.1,39.99,1006,68.0,67.0,65.0,68.0,65.0,68.0,67.0,68.0
19:23:46,56.1,32.97,1007,80.0,78.0,76.0,79.0,77.0,80.0,79.0,79.0
19:23:47,57.1,33.46,1007,68.0,67.0,64.0,68.0,64.0,67.0,66.0,68.0
19:23:48,58.1,36.77,1008,68.0,67.0,64.0,68.0,64.0,67.0,66.0,68.0
19:23:49,59.1,36.84,1007,80.0,78.0,75.0,79.0,78.0,80.0,78.0,79.0
19:23:50,60.1,32.89,1008,80.0,78.0,75.0,79.0,78.0,80.0,78.0,68.0
19:23:51,61.1,39.94,1006,83.0,81.0,79.0,83.0,80.0,83.0,81.0,68.0
19:23:52,62.1,35.39,1007,80.0,79.0,75.0,80.0,78.0,80.0,79.0,81.0
19:23:53,63.1,33.95,1008,80.0,79.0,75.0,80.0,78.0,80.0,79.0,81.0
19:23:54,64.1,37.54,1006,70.0,69.0,66.0,70.0,68.0,70.0,69.0,70.0
19:23:55,65.1,37.78,1007,70.0,69.0,66.0,70.0,68.0,70.0,69.0,70.0
19:23:56,66.2,27.22,1008,68.0,67.0,65.0,68.0,66.0,68.0,67.0,68.0
19:23:57,67.2,42.86,1006,70.0,69.0,67.0,70.0,68.0,70.0,69.0,70.0
19:23:58,68.2,30.26,1008,70.0,69.0,67.0,70.0,68.0,70.0,69.0,70.0
19:23:59,69.2,34.84,1007,69.0,67.0,65.0,69.0,66.0,68.0,66.0,68.0
19:24:00,70.2,42.30,1005,87.0,79.0,79.0,87.0,79.0,86.0,83.0,86.0
19:24:01,71.2,27.29,1008,87.0,79.0,79.0,87.0,79.0,86.0,83.0,86.0
19:24:02,72.2,38.81,1006,72.0,70.0,68.0,71.0,70.0,72.0,70.0,71.0
19:24:03,73.2,33.40,1008,72.0,70.0,68.0,71.0,70.0,72.0,70.0,71.0
19:24:04,74.2,31.12,1007,69.0,68.0,66.0,69.0,66.0,69.0,67.0,68.0
19:24:05,75.2,40.24,1006,69.0,68.0,66.0,69.0,66.0,69.0,67.0,68.0
19:24:06,76.2,29.79,1007,83.0,83.0,79.0,83.0,81.0,83.0,82.0,83.0
19:24:07,77.2,38.90,1006,83.0,83.0,79.0,83.0,81.0,83.0,82.0,83.0
19:24:08,78.2,34.81,1007,80.0,79.0,77.0,80.0,79.0,80.0,79.0,79.0
19:24:09,79.2,43.91,1007,80.0,79.0,77.0,80.0,79.0,80.0,79.0,79.0
19:24:10,80.2,47.17,1005,73.0,71.0,70.0,73.0,71.0,73.0,72.0,72.0
19:24:11,81.2,40.82,1005,73.0,71.0,70.0,73.0,71.0,73.0,72.0,72.0
19:24:12,82.2,35.52,1006,73.0,70.0,69.0,73.0,70.0,73.0,70.0,73.0
19:24:13,83.2,47.96,1006,73.0,70.0,69.0,73.0,70.0,73.0,70.0,73.0
19:24:14,84.2,35.47,1008,80.0,78.0,75.0,79.0,77.0,79.0,78.0,80.0
19:24:15,85.2,39.05,1008,80.0,78.0,75.0,79.0,77.0,79.0,78.0,80.0
19:24:16,86.2,42.89,1007,71.0,69.0,68.0,70.0,68.0,71.0,69.0,70.0
19:24:17,87.2,36.35,1007,83.0,82.0,78.0,83.0,80.0,83.0,81.0,81.0
19:24:18,88.2,31.10,1008,83.0,82.0,78.0,83.0,80.0,83.0,81.0,81.0
19:24:19,89.2,37.33,1008,70.0,68.0,66.0,69.0,67.0,69.0,68.0,70.0
19:24:20,90.2,38.65,1008,70.0,68.0,66.0,83.0,80.0,83.0,81.0,82.0
19:24:21,91.2,30.69,1008,74.0,74.0,71.0,83.0,80.0,83.0,81.0,82.0
19:24:22,92.2,39.34,1007,80.0,76.0,73.0,78.0,76.0,80.0,77.0,78.0
19:24:23,93.2,33.81,1007,80.0,76.0,73.0,78.0,76.0,80.0,77.0,78.0
19:24:24,94.2,30.79,1008,70.0,70.0,68.0,70.0,69.0,70.0,69.0,70.0
19:24:25,95.2,37.08,1007,70.0,70.0,68.0,70.0,69.0,70.0,69.0,70.0
19:24:26,96.2,30.84,1008,71.0,69.0,67.0,70.0,69.0,70.0,68.0,70.0
19:24:27,97.2,36.53,1008,71.0,69.0,67.0,70.0,69.0,70.0,68.0,70.0
19:24:28,98.2,34.51,1008,81.0,79.0,76.0,80.0,79.0,81.0,78.0,81.0
19:24:29,99.2,36.14,1007,81.0,79.0,76.0,80.0,79.0,69.0,68.0,70.0
19:24:30,100.2,37.40,1007,83.0,81.0,78.0,83.0,80.0,69.0,68.0,70.0
19:24:31,101.2,32.82,1009,85.0,83.0,80.0,85.0,82.0,84.0,83.0,84.0
19:24:32,102.2,33.83,1009,85.0,83.0,80.0,85.0,82.0,84.0,83.0,84.0
19:24:33,103.2,37.29,1008,83.0,81.0,78.0,82.0,79.0,83.0,81.0,81.0
19:24:34,104.2,30.94,1008,83.0,81.0,78.0,82.0,79.0,71.0,69.0,72.0
19:24:35,105.2,35.82,1009,80.0,79.0,75.0,80.0,77.0,71.0,69.0,72.0
19:24:36,106.2,33.81,1009,80.0,79.0,81.0,85.0,82.0,84.0,84.0,84.0
19:24:37,107.2,37.63,1008,70.0,69.0,81.0,85.0,82.0,84.0,84.0,84.0
19:24:38,108.2,37.06,1008,81.0,79.0,75.0,81.0,78.0,81.0,79.0,80.0
19:24:39,109.2,32.30,1008,81.0,79.0,75.0,81.0,78.0,81.0,79.0,80.0
19:24:40,110.3,33.97,1008,70.0,69.0,66.0,69.0,66.0,69.0,67.0,69.0
19:24:41,111.3,48.12,1007,92.0,92.0,74.0,82.0,75.0,90.0,76.0,88.0
19:24:42,112.3,34.94,1007,92.0,92.0,74.0,82.0,75.0,90.0,76.0,88.0
19:24:43,113.3,29.83,1007,71.0,69.0,67.0,70.0,69.0,70.0,68.0,71.0
19:24:44,114.3,42.22,1006,74.0,73.0,70.0,74.0,69.0,70.0,68.0,71.0
19:24:45,115.3,30.51,1008,72.0,71.0,68.0,71.0,70.0,72.0,70.0,71.0
19:24:46,116.3,35.77,1006,72.0,71.0,68.0,71.0,70.0,72.0,70.0,71.0
19:24:47,117.3,36.65,1007,83.0,82.0,79.0,82.0,82.0,83.0,82.0,82.0
19:24:48,118.3,28.72,1008,83.0,82.0,79.0,82.0,82.0,83.0,82.0,82.0
19:24:49,119.3,42.62,1007,89.0,83.0,85.0,89.0,87.0,89.0,89.0,82.0
19:24:50,120.3,30.35,1009,89.0,83.0,85.0,89.0,87.0,89.0,89.0,82.0
19:24:51,121.3,34.51,1007,72.0,71.0,68.0,72.0,70.0,72.0,71.0,71.0
19:24:52,122.3,37.88,1007,72.0,71.0,68.0,72.0,70.0,72.0,71.0,71.0
19:24:53,123.3,31.91,1010,85.0,84.0,81.0,85.0,83.0,85.0,84.0,85.0
19:24:54,124.3,39.03,1007,85.0,84.0,81.0,85.0,83.0,85.0,84.0,85.0
19:24:55,125.3,30.02,1009,85.0,84.0,79.0,83.0,82.0,84.0,81.0,85.0
19:24:56,126.3,36.09,1008,85.0,84.0,79.0,83.0,82.0,84.0,81.0,85.0
19:24:57,127.3,38.50,1007,83.0,82.0,78.0,83.0,81.0,83.0,82.0,82.0
19:24:58,128.3,28.91,1009,83.0,82.0,78.0,83.0,81.0,83.0,82.0,82.0
19:24:59,129.3,39.85,1007,74.0,73.0,70.0,74.0,72.0,74.0,73.0,74.0
19:25:00,130.3,34.60,1007,74.0,73.0,70.0,74.0,72.0,74.0,73.0,74.0
19:25:01,131.3,30.70,1009,81.0,81.0,77.0,81.0,79.0,80.0,80.0,81.0
19:25:02,132.3,38.36,1008,81.0,81.0,77.0,81.0,79.0,80.0,80.0,81.0
19:25:03,133.3,29.51,1009,72.0,71.0,68.0,71.0,70.0,72.0,70.0,72.0
19:25:04,134.3,40.32,1007,72.0,71.0,68.0,71.0,70.0,72.0,70.0,72.0
19:25:05,135.3,35.51,1008,83.0,83.0,79.0,83.0,81.0,83.0,83.0,82.0
19:25:06,136.3,31.30,1008,83.0,83.0,79.0,83.0,81.0,83.0,83.0,82.0
19:25:07,137.3,38.37,1008,81.0,81.0,76.0,81.0,79.0,81.0,81.0,80.0
19:25:08,138.3,30.65,1010,81.0,81.0,76.0,81.0,79.0,81.0,81.0,80.0
19:25:09,139.3,35.15,1009,70.0,69.0,66.0,70.0,68.0,70.0,68.0,70.0
19:25:10,140.3,46.01,1006,83.0,81.0,77.0,82.0,80.0,83.0,82.0,82.0
19:25:11,141.3,30.97,1009,83.0,81.0,77.0,82.0,80.0,83.0,82.0,82.0
19:25:12,142.3,36.20,1008,74.0,72.0,70.0,74.0,72.0,74.0,72.0,72.0
19:25:13,143.3,36.65,1008,74.0,72.0,70.0,74.0,72.0,74.0,72.0,72.0
19:25:14,144.3,29.55,1009,71.0,70.0,68.0,70.0,70.0,71.0,69.0,71.0
19:25:15,145.3,41.99,1007,71.0,70.0,68.0,70.0,70.0,71.0,69.0,71.0
19:25:16,146.3,31.79,1008,83.0,81.0,77.0,84.0,80.0,83.0,82.0,82.0
19:25:17,147.3,33.43,1008,83.0,81.0,77.0,84.0,80.0,83.0,82.0,82.0
19:25:18,148.3,39.03,1008,85.0,82.0,77.0,85.0,82.0,85.0,84.0,83.0
19:25:19,149.3,29.09,1010,85.0,82.0,77.0,85.0,82.0,85.0,84.0,83.0
19:25:20,150.3,38.03,1008,85.0,84.0,80.0,85.0,84.0,85.0,84.0,83.0
19:25:21,151.3,32.73,1008,85.0,84.0,80.0,85.0,84.0,85.0,84.0,83.0
19:25:22,152.3,32.00,1009,70.0,69.0,67.0,70.0,68.0,70.0,68.0,70.0
19:25:23,153.3,38.03,1008,70.0,69.0,67.0,70.0,68.0,70.0,68.0,70.0
19:25:24,154.3,30.05,1010,71.0,70.0,68.0,71.0,69.0,71.0,69.0,70.0
19:25:25,155.3,36.08,1010,71.0,70.0,68.0,71.0,79.0,81.0,80.0,81.0
19:25:26,156.3,35.27,1009,82.0,82.0,78.0,82.0,79.0,81.0,80.0,81.0
19:25:27,157.3,35.95,1008,71.0,70.0,68.0,71.0,70.0,72.0,70.0,71.0
19:25:28,158.4,38.32,1008,71.0,70.0,68.0,71.0,70.0,72.0,70.0,71.0
19:25:29,159.4,31.03,1009,83.0,81.0,78.0,82.0,80.0,83.0,81.0,81.0
19:25:30,160.4,33.09,1010,83.0,81.0,78.0,82.0,80.0,83.0,81.0,81.0
19:25:31,161.4,39.24,1008,84.0,83.0,79.0,83.0,82.0,84.0,82.0,82.0
19:25:32,162.4,29.93,1010,84.0,83.0,79.0,83.0,82.0,84.0,82.0,82.0
19:25:33,163.4,40.21,1008,80.0,77.0,73.0,78.0,77.0,80.0,78.0,78.0
19:25:34,164.4,35.44,1008,80.0,77.0,73.0,78.0,77.0,80.0,78.0,78.0
19:25:35,165.4,31.43,1009,71.0,70.0,67.0,70.0,69.0,71.0,69.0,70.0
19:25:36,166.4,41.19,1007,80.0,77.0,73.0,78.0,76.0,79.0,77.0,78.0
19:25:37,167.4,32.29,1009,80.0,77.0,73.0,78.0,76.0,79.0,77.0,78.0
19:25:38,168.4,35.55,1009,82.0,80.0,78.0,77.0,77.0,82.0,81.0,82.0
19:25:39,169.4,42.92,1006,82.0,80.0,78.0,77.0,77.0,82.0,81.0,82.0
19:25:40,170.4,32.05,1009,84.0,82.0,78.0,82.0,81.0,83.0,81.0,83.0
19:25:41,171.4,33.23,1008,84.0,82.0,78.0,82.0,81.0,83.0,81.0,83.0
19:25:42,172.4,39.25,1008,85.0,83.0,79.0,85.0,82.0,85.0,83.0,83.0
19:25:43,173.4,29.82,1009,85.0,83.0,79.0,85.0,82.0,85.0,83.0,83.0
19:25:44,174.4,38.00,1007,74.0,72.0,70.0,73.0,72.0,74.0,73.0,73.0
19:25:45,175.4,37.99,1008,74.0,72.0,70.0,73.0,72.0,74.0,73.0,73.0
19:25:46,176.4,29.69,1009,75.0,74.0,71.0,75.0,73.0,75.0,74.0,75.0
19:25:47,177.4,39.82,1008,75.0,74.0,71.0,75.0,73.0,75.0,74.0,75.0
19:25:48,178.4,37.91,1007,73.0,71.0,70.0,73.0,71.0,73.0,71.0,73.0
19:25:49,179.4,28.54,1009,73.0,71.0,70.0,73.0,71.0,73.0,71.0,73.0
19:25:50,180.4,40.50,1009,75.0,73.0,70.0,74.0,72.0,74.0,73.0,74.0
19:25:51,181.4,34.23,1010,75.0,73.0,70.0,74.0,72.0,74.0,73.0,74.0
19:25:52,182.4,34.68,1010,84.0,81.0,78.0,82.0,80.0,84.0,81.0,82.0
19:25:53,183.4,35.65,1008,84.0,81.0,78.0,82.0,80.0,84.0,69.0,71.0
19:25:54,184.4,38.12,1008,83.0,81.0,78.0,82.0,80.0,83.0,69.0,71.0
19:25:55,185.4,30.91,1010,85.0,84.0,81.0,84.0,82.0,84.0,84.0,85.0
19:25:56,186.4,37.63,1010,85.0,84.0,81.0,84.0,82.0,84.0,84.0,85.0
19:25:57,187.4,34.49,1010,83.0,82.0,79.0,83.0,81.0,83.0,82.0,83.0
19:25:58,188.4,32.23,1009,83.0,82.0,79.0,83.0,81.0,83.0,82.0,83.0
19:25:59,189.4,37.93,1008,86.0,82.0,78.0,86.0,81.0,82.0,85.0,82.0
19:26:00,190.4,35.22,1009,86.0,82.0,78.0,86.0,81.0,82.0,85.0,82.0
19:26:01,191.4,31.62,1009,75.0,75.0,71.0,74.0,73.0,74.0,74.0,75.0
19:26:02,192.4,40.83,1008,75.0,75.0,71.0,74.0,73.0,74.0,74.0,75.0
19:26:03,193.4,30.86,1009,83.0,81.0,78.0,81.0,78.0,81.0,84.0,82.0
19:26:04,194.4,36.86,1008,83.0,81.0,78.0,81.0,78.0,81.0,84.0,82.0
19:26:05,195.4,39.31,1007,85.0,84.0,79.0,85.0,82.0,84.0,84.0,84.0
19:26:06,196.4,29.52,1009,85.0,84.0,79.0,85.0,82.0,84.0,84.0,84.0
19:26:07,197.4,41.73,1008,73.0,73.0,70.0,73.0,72.0,73.0,72.0,72.0
19:26:08,198.4,38.23,1008,73.0,73.0,70.0,73.0,72.0,73.0,72.0,72.0
19:26:09,199.4,30.29,1009,75.0,73.0,71.0,75.0,73.0,75.0,74.0,75.0
19:26:10,200.4,39.81,1007,75.0,73.0,71.0,75.0,73.0,75.0,74.0,75.0
19:26:11,201.4,35.37,1007,85.0,83.0,79.0,84.0,82.0,85.0,83.0,84.0
19:26:12,202.4,29.13,1009,85.0,83.0,79.0,84.0,82.0,75.0,74.0,75.0
19:26:13,203.4,41.19,1008,74.0,73.0,70.0,74.0,72.0,75.0,74.0,75.0
19:26:14,204.4,29.81,1008,72.0,71.0,68.0,71.0,69.0,72.0,70.0,71.0
19:26:15,205.5,35.75,1009,72.0,71.0,68.0,71.0,69.0,72.0,70.0,71.0
19:26:16,206.5,41.06,1007,73.0,72.0,70.0,73.0,71.0,73.0,72.0,72.0
19:26:17,207.5,28.61,1010,73.0,72.0,70.0,73.0,71.0,73.0,72.0,72.0
19:26:18,208.5,35.98,1010,72.0,70.0,69.0,71.0,70.0,72.0,71.0,72.0
19:26:19,209.5,37.88,1008,73.0,72.0,69.0,73.0,71.0,72.0,71.0,72.0
19:26:20,210.5,30.88,1009,73.0,72.0,69.0,73.0,71.0,72.0,71.0,72.0
19:26:21,211.5,37.46,1009,73.0,71.0,69.0,73.0,71.0,73.0,71.0,72.0
19:26:22,212.5,33.17,1010,83.0,82.0,79.0,82.0,81.0,83.0,81.0,82.0
19:26:23,213.5,34.23,1011,83.0,82.0,79.0,82.0,81.0,83.0,81.0,82.0
19:26:24,214.5,37.05,1009,73.0,72.0,70.0,72.0,70.0,73.0,71.0,72.0
19:26:25,215.5,32.81,1009,73.0,72.0,70.0,72.0,70.0,73.0,71.0,72.0
19:26:26,216.5,31.98,1009,72.0,71.0,68.0,71.0,70.0,72.0,70.0,71.0
19:26:27,217.5,38.31,1009,74.0,73.0,70.0,74.0,72.0,74.0,72.0,74.0
19:26:28,218.5,39.34,1009,74.0,73.0,70.0,74.0,72.0,74.0,72.0,74.0
19:26:29,219.5,29.53,1010,85.0,85.0,81.0,85.0,82.0,84.0,84.0,85.0
19:26:30,220.5,37.96,1009,85.0,85.0,81.0,85.0,82.0,84.0,84.0,85.0
19:26:31,221.5,32.72,1010,84.0,83.0,78.0,82.0,81.0,84.0,81.0,82.0
19:26:32,222.5,33.80,1010,84.0,83.0,78.0,82.0,81.0,84.0,70.0,72.0
19:26:33,223.5,35.81,1010,85.0,82.0,80.0,84.0,81.0,85.0,70.0,72.0
19:26:34,224.5,30.35,1011,78.0,76.0,74.0,78.0,75.0,77.0,76.0,77.0
19:26:35,225.5,42.23,1008,78.0,76.0,74.0,78.0,75.0,77.0,76.0,77.0
19:26:36,226.5,36.03,1008,85.0,82.0,79.0,84.0,82.0,85.0,83.0,84.0
19:26:37,227.5,31.15,1009,85.0,82.0,79.0,84.0,82.0,85.0,83.0,84.0
19:26:38,228.5,36.69,1009,85.0,84.0,81.0,85.0,83.0,85.0,84.0,84.0
19:26:39,229.5,32.20,1010,85.0,84.0,81.0,85.0,83.0,85.0,84.0,84.0
19:26:40,230.5,34.80,1009,72.0,71.0,68.0,71.0,70.0,72.0,70.0,72.0
19:26:41,231.5,37.99,1009,84.0,83.0,81.0,84.0,82.0,84.0,85.0,84.0
19:26:42,232.5,30.64,1010,84.0,83.0,81.0,84.0,82.0,84.0,85.0,84.0
19:26:43,233.5,36.34,1010,81.0,80.0,77.0,81.0,79.0,81.0,80.0,80.0
19:26:44,234.5,35.31,1010,81.0,80.0,77.0,81.0,79.0,81.0,80.0,80.0
19:26:45,235.5,35.19,1010,73.0,72.0,69.0,71.0,70.0,72.0,71.0,72.0
19:26:46,236.5,35.83,1008,73.0,72.0,69.0,71.0,70.0,72.0,71.0,72.0
19:26:47,237.5,30.16,1009,76.0,75.0,73.0,75.0,74.0,76.0,75.0,76.0
19:26:48,238.5,37.67,1010,76.0,75.0,73.0,75.0,74.0,76.0,75.0,76.0
19:26:49,239.5,37.48,1009,84.0,83.0,79.0,84.0,82.0,84.0,84.0,84.0
19:26:50,240.5,30.21,1011,84.0,83.0,79.0,84.0,82.0,84.0,84.0,77.0
19:26:51,241.5,38.27,1009,88.0,86.0,82.0,88.0,85.0,87.0,87.0,77.0
19:26:52,242.5,32.88,1010,88.0,86.0,82.0,88.0,85.0,87.0,87.0,83.0
19:26:53,243.5,34.00,1009,72.0,71.0,69.0,72.0,70.0,72.0,71.0,83.0
19:26:54,244.5,38.66,1009,84.0,83.0,80.0,84.0,83.0,83.0,83.0,84.0
19:26:55,245.5,30.19,1011,84.0,83.0,80.0,84.0,83.0,83.0,83.0,84.0
19:26:56,246.5,34.64,1010,72.0,71.0,68.0,71.0,70.0,72.0,70.0,72.0
19:26:57,247.5,39.20,1008,86.0,84.0,80.0,86.0,83.0,86.0,84.0,84.0
19:26:58,248.6,29.53,1010,86.0,84.0,80.0,86.0,83.0,86.0,84.0,84.0
19:26:59,249.6,38.47,1010,87.0,87.0,83.0,87.0,84.0,87.0,86.0,87.0
19:27:00,250.6,33.10,1010,87.0,87.0,83.0,87.0,84.0,87.0,86.0,87.0
19:27:01,251.6,32.28,1010,72.0,71.0,69.0,72.0,70.0,73.0,71.0,73.0
19:27:02,252.6,45.17,1008,72.0,71.0,69.0,72.0,70.0,73.0,71.0,73.0
19:27:03,253.6,36.54,1009,86.0,84.0,80.0,85.0,84.0,86.0,85.0,84.0
19:27:04,254.6,30.12,1008,86.0,84.0,80.0,85.0,84.0,86.0,85.0,84.0
19:27:05,255.6,39.83,1008,85.0,82.0,78.0,85.0,82.0,84.0,83.0,82.0
19:27:06,256.6,30.18,1011,85.0,82.0,78.0,85.0,82.0,84.0,83.0,82.0
19:27:07,257.6,35.70,1009,74.0,73.0,70.0,74.0,72.0,74.0,72.0,73.0
19:27:08,258.6,38.21,1009,74.0,73.0,70.0,74.0,72.0,74.0,72.0,73.0
19:27:09,259.6,30.55,1009,77.0,74.0,72.0,76.0,74.0,77.0,75.0,76.0
19:27:10,260.6,38.88,1007,87.0,82.0,77.0,83.0,81.0,87.0,80.0,82.0
19:27:11,261.6,30.25,1010,87.0,82.0,77.0,83.0,81.0,87.0,80.0,82.0
19:27:12,262.6,34.05,1010,75.0,73.0,70.0,75.0,72.0,74.0,73.0,74.0
19:27:13,263.6,37.75,1009,75.0,73.0,70.0,75.0,72.0,74.0,73.0,74.0
19:27:14,264.6,28.88,1011,76.0,75.0,73.0,76.0,74.0,76.0,74.0,76.0
19:27:15,265.6,40.71,1009,76.0,75.0,73.0,76.0,74.0,76.0,74.0,76.0
19:27:16,266.6,31.23,1011,84.0,82.0,79.0,84.0,82.0,84.0,82.0,83.0
19:27:17,267.6,31.76,1011,84.0,82.0,79.0,84.0,82.0,84.0,82.0,83.0
19:27:18,268.6,37.42,1010,86.0,83.0,79.0,85.0,82.0,86.0,84.0,84.0
19:27:19,269.6,30.39,1010,86.0,83.0,79.0,85.0,82.0,86.0,84.0,84.0
19:27:20,270.6,40.90,1009,79.0,77.0,74.0,78.0,76.0,79.0,76.0,78.0
19:27:21,271.6,36.44,1010,79.0,77.0,74.0,78.0,76.0,79.0,76.0,78.0
19:27:22,272.6,29.83,1010,74.0,73.0,70.0,73.0,72.0,74.0,72.0,74.0
19:27:23,273.6,40.78,1008,74.0,73.0,70.0,73.0,72.0,74.0,72.0,74.0
19:27:24,274.6,33.12,1010,85.0,83.0,79.0,85.0,82.0,84.0,83.0,84.0
19:27:25,275.6,32.56,1010,85.0,83.0,79.0,85.0,82.0,84.0,83.0,84.0
19:27:26,276.6,37.88,1009,86.0,85.0,82.0,86.0,84.0,86.0,85.0,85.0
19:27:27,277.6,29.07,1011,86.0,85.0,82.0,86.0,84.0,86.0,85.0,85.0
19:27:28,278.6,39.52,1010,78.0,76.0,73.0,78.0,75.0,78.0,76.0,77.0
19:27:29,279.6,34.86,1010,78.0,76.0,73.0,78.0,75.0,78.0,76.0,77.0
19:27:30,280.6,35.14,1010,89.0,87.0,85.0,89.0,86.0,85.0,88.0,88.0
19:27:31,281.6,38.91,1008,89.0,87.0,85.0,89.0,86.0,85.0,88.0,88.0
19:27:32,282.6,35.68,1009,85.0,85.0,81.0,85.0,83.0,85.0,84.0,84.0
19:27:33,283.6,29.48,1009,85.0,85.0,81.0,85.0,83.0,85.0,84.0,84.0
19:27:34,284.6,40.93,1009,74.0,73.0,71.0,74.0,72.0,75.0,73.0,74.0
19:27:35,285.6,38.61,1009,74.0,73.0,71.0,74.0,72.0,75.0,73.0,74.0
19:27:36,286.6,27.13,1009,73.0,72.0,70.0,73.0,71.0,73.0,71.0,73.0
19:27:37,287.6,41.86,1009,80.0,78.0,75.0,79.0,77.0,80.0,78.0,78.0
19:27:38,288.6,27.09,1010,80.0,78.0,75.0,79.0,77.0,80.0,78.0,78.0
19:27:39,289.6,38.08,1009,76.0,74.0,72.0,76.0,74.0,76.0,75.0,76.0
19:27:40,290.6,35.24,1010,76.0,74.0,72.0,76.0,74.0,76.0,75.0,76.0
19:27:41,291.6,29.46,1010,73.0,72.0,70.0,73.0,72.0,73.0,72.0,73.0
19:27:42,292.6,39.61,1009,73.0,72.0,70.0,73.0,72.0,73.0,72.0,73.0
19:27:43,293.6,29.13,1011,87.0,86.0,83.0,87.0,84.0,87.0,86.0,86.0
19:27:44,294.6,38.41,1009,87.0,86.0,83.0,87.0,84.0,87.0,86.0,86.0
19:27:45,295.6,33.46,1010,85.0,83.0,80.0,85.0,82.0,85.0,83.0,84.0
19:27:46,296.7,30.79,1011,85.0,83.0,80.0,85.0,82.0,85.0,83.0,84.0
19:27:47,297.7,42.28,1008,79.0,77.0,75.0,79.0,77.0,79.0,78.0,78.0
19:27:48,298.7,30.30,1010,79.0,77.0,75.0,79.0,77.0,79.0,78.0,78.0
19:27:49,299.7,33.90,1009,74.0,74.0,71.0,74.0,72.0,74.0,73.0,74.0
19:27:50,300.7,23.32,1013,71.0,69.0,68.0,70.0,68.0,70.0,68.0,70.0
19:28:51,1.0,40.19,1008,74.0,72.0,68.0,73.0,73.0,74.0,74.0,70.0
19:28:52,2.0,56.95,1008,74.0,72.0,68.0,73.0,73.0,74.0,74.0,70.0
19:28:53,3.0,74.79,1005,85.0,85.0,80.0,76.0,82.0,78.0,79.0,75.0
19:28:54,4.0,76.10,1009,85.0,85.0,80.0,76.0,82.0,78.0,79.0,75.0
19:28:55,5.0,76.06,1082,98.0,79.0,75.0,98.0,79.0,94.0,90.0,97.0
19:28:56,6.0,64.29,1178,98.0,79.0,75.0,98.0,79.0,94.0,90.0,97.0
19:28:57,7.0,61.21,1269,87.0,83.0,79.0,83.0,84.0,83.0,87.0,87.0
19:28:58,8.0,55.15,1354,87.0,83.0,79.0,83.0,84.0,83.0,87.0,87.0
19:28:59,9.0,55.51,1447,85.0,81.0,80.0,82.0,83.0,85.0,82.0,82.0
19:29:00,10.0,55.12,1534,85.0,81.0,80.0,82.0,83.0,85.0,82.0,82.0
19:29:01,11.0,55.53,1618,86.0,81.0,77.0,82.0,81.0,83.0,81.0,86.0
19:29:02,12.0,55.16,1712,86.0,81.0,77.0,82.0,81.0,83.0,81.0,86.0
19:29:03,13.0,55.42,1799,87.0,83.0,78.0,84.0,83.0,85.0,75.0,82.0
19:29:04,14.0,55.27,1889,87.0,83.0,78.0,84.0,83.0,85.0,75.0,82.0
19:29:05,15.0,55.37,1974,86.0,81.0,82.0,86.0,81.0,84.0,85.0,82.0
19:29:06,16.0,55.19,2063,86.0,81.0,82.0,86.0,81.0,84.0,85.0,82.0
19:29:07,17.0,55.38,2145,86.0,75.0,79.0,85.0,81.0,84.0,86.0,82.0
19:29:08,18.0,55.25,2239,86.0,75.0,79.0,85.0,81.0,84.0,86.0,82.0
19:29:09,19.0,55.32,2322,88.0,76.0,78.0,88.0,82.0,86.0,84.0,84.0
19:29:10,20.0,55.27,2402,88.0,76.0,78.0,88.0,82.0,86.0,84.0,84.0
19:29:11,21.0,55.36,2487,89.0,85.0,78.0,89.0,81.0,84.0,82.0,83.0
19:29:12,22.0,55.30,2534,89.0,85.0,78.0,89.0,81.0,84.0,82.0,83.0
19:29:13,23.0,55.24,2537,92.0,84.0,80.0,92.0,84.0,83.0,84.0,76.0
19:29:14,24.0,55.37,2550,92.0,84.0,80.0,92.0,84.0,83.0,84.0,76.0
19:29:15,25.0,55.26,2550,85.0,80.0,81.0,85.0,84.0,77.0,81.0,83.0
19:29:16,26.1,55.33,2562,85.0,80.0,81.0,85.0,84.0,77.0,81.0,83.0
19:29:17,27.1,55.21,2567,91.0,76.0,74.0,85.0,84.0,90.0,84.0,78.0
19:29:18,28.1,55.40,2581,91.0,76.0,74.0,85.0,84.0,90.0,84.0,78.0
19:29:19,29.1,55.23,2582,87.0,87.0,81.0,85.0,82.0,78.0,76.0,82.0
19:29:20,30.1,55.37,2598,87.0,87.0,81.0,85.0,82.0,78.0,76.0,82.0
19:29:21,31.1,55.20,2597,87.0,87.0,73.0,81.0,83.0,86.0,87.0,78.0
19:29:22,32.1,55.37,2612,87.0,87.0,73.0,81.0,83.0,86.0,87.0,78.0
19:29:23,33.1,55.29,2609,89.0,86.0,79.0,78.0,78.0,87.0,89.0,76.0
19:29:24,34.1,55.28,2632,89.0,86.0,79.0,78.0,78.0,87.0,89.0,76.0
19:29:25,35.1,55.39,2632,88.0,81.0,78.0,85.0,76.0,88.0,82.0,85.0
19:29:26,36.1,55.22,2626,88.0,81.0,78.0,85.0,76.0,88.0,82.0,85.0
19:29:27,37.1,55.31,2630,90.0,84.0,73.0,89.0,85.0,85.0,83.0,90.0
19:29:28,38.1,55.30,2631,90.0,84.0,73.0,89.0,85.0,85.0,83.0,90.0
19:29:29,39.1,55.41,2631,86.0,82.0,74.0,85.0,84.0,84.0,81.0,86.0
19:29:30,40.1,55.22,2644,86.0,82.0,74.0,85.0,84.0,84.0,81.0,86.0
19:29:31,41.1,55.34,2641,87.0,83.0,79.0,84.0,82.0,87.0,77.0,83.0
19:29:32,42.1,55.16,2657,87.0,83.0,79.0,84.0,82.0,87.0,77.0,83.0
19:29:33,43.1,55.46,2662,89.0,83.0,73.0,87.0,81.0,88.0,84.0,82.0
19:29:34,44.1,55.29,2677,89.0,83.0,73.0,87.0,81.0,88.0,84.0,82.0
19:29:35,45.1,55.26,2679,88.0,82.0,81.0,77.0,81.0,84.0,87.0,82.0
19:29:36,46.1,55.20,2691,88.0,82.0,81.0,77.0,81.0,84.0,87.0,82.0
19:29:37,47.1,55.44,2691,87.0,81.0,78.0,87.0,80.0,84.0,86.0,80.0
19:29:38,48.1,54.99,2693,87.0,81.0,78.0,87.0,80.0,84.0,86.0,80.0
19:29:39,49.1,55.52,2691,88.0,83.0,75.0,87.0,82.0,78.0,88.0,79.0
19:29:40,50.1,55.42,2691,88.0,83.0,75.0,87.0,82.0,78.0,88.0,79.0
19:29:41,51.1,55.25,2679,85.0,84.0,78.0,83.0,80.0,83.0,82.0,85.0
19:29:42,52.1,55.08,2675,85.0,84.0,78.0,83.0,80.0,83.0,82.0,85.0
19:29:43,53.1,55.49,2679,86.0,75.0,78.0,83.0,81.0,85.0,86.0,83.0
19:29:44,54.1,55.32,2675,86.0,75.0,78.0,83.0,81.0,85.0,86.0,83.0
19:29:45,55.1,55.21,2670,87.0,87.0,79.0,85.0,75.0,86.0,84.0,84.0
19:29:46,56.1,55.31,2661,87.0,87.0,79.0,85.0,75.0,86.0,84.0,84.0
19:29:47,57.1,55.35,2653,85.0,85.0,79.0,85.0,82.0,82.0,82.0,75.0
19:29:48,58.1,55.34,2644,85.0,85.0,79.0,85.0,82.0,82.0,82.0,75.0
19:29:49,59.1,55.19,2641,90.0,77.0,79.0,89.0,79.0,83.0,83.0,90.0
19:29:50,60.1,55.40,2629,90.0,77.0,79.0,89.0,79.0,83.0,83.0,90.0
19:29:51,61.1,55.20,2626,85.0,85.0,79.0,85.0,85.0,77.0,82.0,75.0
19:29:52,62.1,55.38,2609,85.0,85.0,79.0,85.0,85.0,77.0,82.0,75.0
19:29:53,63.1,55.23,2615,87.0,80.0,73.0,84.0,84.0,85.0,81.0,87.0
19:29:54,64.1,55.39,2627,87.0,80.0,73.0,84.0,84.0,85.0,81.0,87.0
19:29:55,65.1,55.25,2626,88.0,86.0,76.0,85.0,76.0,88.0,83.0,76.0
19:29:56,66.1,55.37,2627,88.0,86.0,76.0,85.0,76.0,88.0,83.0,76.0
19:29:57,67.1,55.22,2627,90.0,90.0,84.0,76.0,75.0,81.0,85.0,87.0
19:29:58,68.1,55.45,2626,90.0,90.0,84.0,76.0,75.0,81.0,85.0,87.0
19:29:59,69.1,55.24,2613,88.0,85.0,77.0,88.0,74.0,84.0,85.0,85.0
19:30:00,70.1,55.30,2608,88.0,85.0,77.0,88.0,74.0,84.0,85.0,85.0
19:30:01,71.1,55.37,2597,85.0,80.0,76.0,83.0,80.0,85.0,78.0,85.0
19:30:02,72.1,55.23,2594,85.0,80.0,76.0,83.0,80.0,85.0,78.0,85.0
19:30:03,73.1,55.26,2592,89.0,85.0,73.0,85.0,79.0,89.0,82.0,88.0
19:30:04,74.1,55.30,2596,89.0,85.0,73.0,85.0,79.0,89.0,82.0,88.0
19:30:05,75.1,55.23,2593,88.0,81.0,73.0,83.0,82.0,78.0,85.0,85.0
19:30:06,76.2,55.37,2592,88.0,81.0,73.0,83.0,82.0,78.0,85.0,85.0
19:30:07,77.2,55.29,2594,85.0,84.0,81.0,82.0,81.0,77.0,82.0,85.0
19:30:08,78.2,55.21,2592,85.0,84.0,81.0,82.0,81.0,77.0,82.0,85.0
19:30:09,79.2,55.39,2592,86.0,81.0,84.0,77.0,82.0,86.0,77.0,82.0
19:30:10,80.2,55.35,2593,86.0,81.0,84.0,77.0,82.0,86.0,77.0,82.0
19:30:11,81.2,55.31,2576,84.0,84.0,79.0,82.0,83.0,77.0,84.0,83.0
19:30:12,82.2,55.22,2575,84.0,84.0,79.0,82.0,83.0,77.0,84.0,83.0
19:30:13,83.2,55.39,2575,86.0,85.0,73.0,83.0,85.0,86.0,82.0,79.0
19:30:14,84.2,55.17,2576,86.0,85.0,73.0,83.0,85.0,86.0,82.0,79.0
19:30:15,85.2,55.43,2562,88.0,80.0,78.0,85.0,81.0,88.0,83.0,75.0
19:30:16,86.2,55.26,2561,88.0,80.0,78.0,85.0,81.0,88.0,83.0,75.0
19:30:17,87.2,55.27,2549,85.0,82.0,78.0,79.0,81.0,84.0,80.0,76.0
19:30:18,88.2,55.31,2547,85.0,82.0,78.0,79.0,81.0,84.0,80.0,76.0
19:30:19,89.2,55.38,2542,88.0,83.0,78.0,76.0,81.0,84.0,81.0,88.0
19:30:20,90.2,55.29,2542,88.0,83.0,78.0,76.0,81.0,84.0,81.0,88.0
19:30:21,91.2,55.31,2544,85.0,83.0,78.0,85.0,84.0,77.0,83.0,82.0
19:30:22,92.2,55.25,2542,85.0,83.0,78.0,85.0,84.0,77.0,83.0,82.0
19:30:23,93.2,55.30,2545,89.0,84.0,78.0,89.0,75.0,84.0,78.0,82.0
19:30:24,94.2,55.33,2541,89.0,84.0,78.0,89.0,75.0,84.0,78.0,82.0
19:30:25,95.2,55.31,2541,88.0,88.0,78.0,83.0,83.0,88.0,75.0,83.0
19:30:26,96.2,55.28,2543,88.0,88.0,78.0,83.0,83.0,88.0,75.0,83.0
19:30:27,97.2,55.20,2542,86.0,86.0,73.0,83.0,85.0,85.0,83.0,85.0
19:30:28,98.2,55.32,2544,86.0,86.0,73.0,83.0,85.0,85.0,83.0,85.0
19:30:29,99.2,55.39,2545,85.0,74.0,83.0,82.0,84.0,83.0,83.0,77.0
19:30:30,100.2,55.23,2543,85.0,74.0,83.0,82.0,84.0,83.0,83.0,77.0
19:30:31,101.2,55.33,2543,86.0,75.0,79.0,80.0,82.0,84.0,83.0,83.0
19:30:32,102.2,55.37,2545,86.0,75.0,79.0,80.0,82.0,84.0,83.0,83.0
19:30:33,103.2,55.11,2543,92.0,75.0,80.0,76.0,83.0,86.0,87.0,92.0
19:30:34,104.2,55.45,2544,92.0,75.0,80.0,76.0,83.0,86.0,87.0,92.0
19:30:35,105.2,55.20,2541,88.0,86.0,79.0,88.0,81.0,78.0,75.0,85.0
19:30:36,106.2,55.41,2539,88.0,86.0,79.0,88.0,81.0,78.0,75.0,85.0
19:30:37,107.2,55.25,2542,88.0,86.0,73.0,88.0,81.0,80.0,85.0,81.0
19:30:38,108.2,55.34,2544,88.0,86.0,73.0,88.0,81.0,80.0,85.0,81.0
19:30:39,109.2,55.21,2531,87.0,75.0,82.0,87.0,75.0,76.0,87.0,87.0
19:30:40,110.2,55.30,2528,87.0,75.0,82.0,87.0,75.0,76.0,87.0,87.0
19:30:41,111.2,55.42,2529,85.0,82.0,79.0,82.0,82.0,81.0,85.0,85.0
19:30:42,112.2,55.19,2526,85.0,82.0,79.0,82.0,82.0,81.0,85.0,85.0
19:30:43,113.2,55.40,2529,87.0,81.0,82.0,82.0,85.0,76.0,81.0,87.0
19:30:44,114.2,55.22,2528,87.0,81.0,82.0,82.0,85.0,76.0,81.0,87.0
19:30:45,115.2,55.36,2525,86.0,83.0,77.0,78.0,80.0,86.0,81.0,81.0
19:30:46,116.2,55.33,2539,86.0,83.0,77.0,78.0,80.0,86.0,81.0,81.0
19:30:47,117.2,55.31,2544,87.0,80.0,75.0,85.0,79.0,83.0,81.0,87.0
19:30:48,118.2,55.18,2556,87.0,80.0,75.0,85.0,79.0,83.0,81.0,87.0
19:30:49,119.2,55.27,2562,89.0,84.0,73.0,89.0,82.0,86.0,83.0,75.0
19:30:50,120.2,55.37,2561,89.0,84.0,73.0,89.0,82.0,86.0,83.0,75.0
19:30:51,121.2,55.31,2559,85.0,80.0,79.0,84.0,81.0,85.0,74.0,82.0
19:30:52,122.2,55.33,2558,85.0,80.0,79.0,84.0,81.0,85.0,74.0,82.0
19:30:53,123.2,55.34,2559,87.0,78.0,77.0,84.0,79.0,84.0,87.0,83.0
19:30:54,124.2,55.38,2542,87.0,78.0,77.0,84.0,79.0,84.0,87.0,83.0
19:30:55,125.2,55.06,2543,89.0,75.0,72.0,85.0,73.0,87.0,80.0,86.0
19:30:56,126.3,55.49,2526,89.0,75.0,72.0,85.0,73.0,87.0,80.0,86.0
19:30:57,127.3,55.16,2522,85.0,85.0,82.0,77.0,85.0,83.0,75.0,78.0
19:30:58,128.3,55.41,2506,85.0,85.0,82.0,77.0,85.0,83.0,75.0,78.0
19:30:59,129.3,55.36,2505,88.0,84.0,80.0,88.0,82.0,82.0,84.0,79.0
19:31:00,130.3,55.23,2508,88.0,84.0,80.0,88.0,82.0,82.0,84.0,79.0
19:31:01,131.3,55.26,2508,87.0,75.0,79.0,84.0,86.0,78.0,87.0,80.0
19:31:02,132.3,55.34,2508,87.0,75.0,79.0,84.0,86.0,78.0,87.0,80.0
19:31:03,133.3,55.25,2509,87.0,74.0,79.0,75.0,82.0,87.0,84.0,83.0
19:31:04,134.3,55.28,2509,87.0,74.0,79.0,75.0,82.0,87.0,84.0,83.0
19:31:05,135.3,57.77,2505,91.0,88.0,81.0,88.0,82.0,91.0,83.0,85.0
19:31:06,136.3,64.92,2510,91.0,88.0,81.0,88.0,82.0,91.0,83.0,85.0
19:31:07,137.3,65.14,2576,89.0,89.0,82.0,88.0,87.0,87.0,84.0,78.0
19:31:08,138.3,65.13,2660,89.0,89.0,82.0,88.0,87.0,87.0,84.0,78.0
19:31:09,139.3,64.13,2742,95.0,86.0,88.0,87.0,85.0,90.0,79.0,95.0
19:31:10,140.3,61.86,2818,95.0,86.0,88.0,87.0,85.0,90.0,79.0,95.0
19:31:11,141.3,61.78,2900,93.0,82.0,82.0,89.0,83.0,93.0,88.0,88.0
19:31:12,142.3,61.88,2975,93.0,82.0,82.0,89.0,83.0,93.0,88.0,88.0
19:31:13,143.3,60.12,3057,86.0,86.0,78.0,79.0,86.0,86.0,84.0,82.0
19:31:14,144.3,55.33,3105,86.0,86.0,78.0,79.0,86.0,86.0,84.0,82.0
19:31:15,145.3,55.28,3110,86.0,84.0,73.0,85.0,85.0,85.0,84.0,80.0
19:31:16,146.3,55.37,3096,86.0,84.0,73.0,85.0,85.0,85.0,84.0,80.0
19:31:17,147.3,55.22,3033,88.0,86.0,83.0,88.0,82.0,78.0,76.0,83.0
19:31:18,148.3,55.34,2957,88.0,86.0,83.0,88.0,82.0,78.0,76.0,83.0
19:31:19,149.3,55.25,2898,87.0,87.0,73.0,77.0,87.0,85.0,86.0,84.0
19:31:20,150.3,55.29,2890,87.0,87.0,73.0,77.0,87.0,85.0,86.0,84.0
19:31:21,151.3,55.25,2881,88.0,88.0,82.0,85.0,81.0,86.0,76.0,78.0
19:31:22,152.3,55.42,2878,88.0,88.0,82.0,85.0,81.0,86.0,76.0,78.0
19:31:23,153.3,55.26,2864,85.0,75.0,83.0,82.0,77.0,83.0,85.0,85.0
19:31:24,154.3,55.20,2849,85.0,75.0,83.0,82.0,77.0,83.0,85.0,85.0
19:31:25,155.3,55.34,2845,88.0,75.0,81.0,87.0,81.0,88.0,75.0,87.0
19:31:26,156.3,55.27,2822,88.0,75.0,81.0,87.0,81.0,88.0,75.0,87.0
19:31:27,157.3,55.35,2812,88.0,81.0,82.0,76.0,81.0,84.0,84.0,88.0
19:31:28,158.3,55.25,2799,88.0,81.0,82.0,76.0,81.0,84.0,84.0,88.0
19:31:29,159.3,55.30,2780,88.0,76.0,78.0,88.0,81.0,84.0,75.0,84.0
19:31:30,160.3,55.29,2776,88.0,76.0,78.0,88.0,81.0,84.0,75.0,84.0
19:31:31,161.3,55.40,2766,88.0,82.0,78.0,88.0,81.0,83.0,81.0,83.0
19:31:32,162.3,55.13,2760,88.0,82.0,78.0,88.0,81.0,83.0,81.0,83.0
19:31:33,163.3,55.47,2750,85.0,76.0,77.0,85.0,81.0,83.0,80.0,82.0
19:31:34,164.3,55.24,2746,85.0,76.0,77.0,85.0,81.0,83.0,80.0,82.0
19:31:35,165.3,55.27,2732,87.0,74.0,78.0,84.0,82.0,84.0,83.0,75.0
19:31:36,166.3,55.39,2728,87.0,74.0,78.0,84.0,82.0,84.0,83.0,75.0
19:31:37,167.3,55.23,2697,88.0,75.0,79.0,84.0,82.0,88.0,81.0,86.0
19:31:38,168.3,55.39,2671,88.0,75.0,79.0,84.0,82.0,88.0,81.0,86.0
19:31:39,169.3,55.25,2669,87.0,81.0,78.0,76.0,84.0,79.0,84.0,87.0
19:31:40,170.3,58.48,2650,87.0,81.0,78.0,76.0,84.0,79.0,84.0,87.0
19:31:41,171.3,64.91,2649,94.0,91.0,80.0,80.0,84.0,93.0,86.0,87.0
19:31:42,172.3,65.06,2693,94.0,91.0,80.0,80.0,84.0,93.0,86.0,87.0
19:31:43,173.3,65.26,2772,89.0,85.0,85.0,89.0,83.0,86.0,85.0,83.0
19:31:44,174.3,64.87,2851,89.0,85.0,85.0,89.0,83.0,86.0,85.0,83.0
19:31:45,175.3,65.15,2925,92.0,85.0,81.0,87.0,87.0,82.0,87.0,92.0
19:31:46,176.4,65.08,3006,92.0,85.0,81.0,87.0,87.0,82.0,87.0,92.0
19:31:47,177.4,63.92,3089,95.0,87.0,75.0,95.0,82.0,87.0,85.0,88.0
19:31:48,178.4,61.92,3167,95.0,87.0,75.0,95.0,82.0,87.0,85.0,88.0
19:31:49,179.4,61.81,3237,89.0,77.0,86.0,87.0,86.0,88.0,84.0,89.0
19:31:50,180.4,59.93,3254,89.0,77.0,86.0,87.0,86.0,88.0,84.0,89.0
19:31:51,181.4,55.22,3251,88.0,83.0,79.0,80.0,82.0,84.0,88.0,77.0
19:31:52,182.4,55.29,3243,88.0,83.0,79.0,80.0,82.0,84.0,88.0,77.0
19:31:53,183.4,55.43,3193,85.0,83.0,77.0,85.0,81.0,83.0,81.0,84.0
19:31:54,184.4,55.15,3117,85.0,83.0,77.0,85.0,81.0,83.0,81.0,84.0
19:31:55,185.4,55.28,3042,90.0,82.0,72.0,78.0,81.0,77.0,84.0,90.0
19:31:56,186.4,55.45,2967,90.0,82.0,72.0,78.0,81.0,77.0,84.0,90.0
19:31:57,187.4,55.24,2884,85.0,82.0,72.0,83.0,85.0,84.0,82.0,76.0
19:31:58,188.4,55.29,2805,85.0,82.0,72.0,83.0,85.0,84.0,82.0,76.0
19:31:59,189.4,55.34,2724,86.0,81.0,74.0,83.0,78.0,86.0,82.0,82.0
19:32:00,190.4,55.27,2689,86.0,81.0,74.0,83.0,78.0,86.0,82.0,82.0
19:32:01,191.4,55.32,2686,87.0,81.0,78.0,77.0,79.0,85.0,82.0,84.0
19:32:02,192.4,55.26,2670,87.0,81.0,78.0,77.0,79.0,85.0,82.0,84.0
19:32:03,193.4,55.33,2673,85.0,82.0,81.0,85.0,73.0,82.0,81.0,81.0
19:32:04,194.4,55.28,2653,85.0,82.0,81.0,85.0,73.0,82.0,81.0,81.0
19:32:05,195.4,55.34,2650,88.0,82.0,80.0,88.0,81.0,84.0,77.0,76.0
19:32:06,196.4,55.27,2640,88.0,82.0,80.0,88.0,81.0,84.0,77.0,76.0
19:32:07,197.4,55.32,2631,85.0,79.0,77.0,83.0,74.0,83.0,77.0,85.0
19:32:08,198.4,55.39,2622,85.0,79.0,77.0,83.0,74.0,83.0,77.0,85.0
19:32:09,199.4,55.23,2620,86.0,75.0,78.0,83.0,81.0,81.0,82.0,86.0
19:32:10,200.4,55.29,2604,86.0,75.0,78.0,83.0,81.0,81.0,82.0,86.0
19:32:11,201.4,55.32,2604,87.0,85.0,74.0,83.0,80.0,78.0,84.0,86.0
19:32:12,202.4,57.84,2584,87.0,85.0,74.0,83.0,80.0,78.0,84.0,86.0
19:32:13,203.4,64.97,2583,89.0,88.0,85.0,89.0,80.0,78.0,85.0,85.0
19:32:14,204.4,65.11,2621,89.0,88.0,85.0,89.0,80.0,78.0,85.0,85.0
19:32:15,205.4,65.16,2694,92.0,86.0,80.0,91.0,87.0,92.0,88.0,86.0
19:32:16,206.4,63.60,2777,92.0,86.0,80.0,91.0,87.0,92.0,88.0,86.0
19:32:17,207.4,61.94,2852,90.0,85.0,77.0,85.0,83.0,86.0,86.0,90.0
19:32:18,208.4,61.75,2934,90.0,85.0,77.0,85.0,83.0,86.0,86.0,90.0
19:32:19,209.4,61.73,2965,90.0,89.0,74.0,90.0,81.0,87.0,88.0,88.0
19:32:20,210.4,61.91,2967,90.0,89.0,74.0,90.0,81.0,87.0,88.0,88.0
19:32:21,211.4,61.73,2980,91.0,85.0,77.0,89.0,88.0,78.0,84.0,78.0
19:32:22,212.4,61.89,2981,91.0,85.0,77.0,89.0,88.0,78.0,84.0,78.0
19:32:23,213.4,59.62,2996,88.0,75.0,83.0,78.0,82.0,88.0,84.0,88.0
19:32:24,214.4,55.34,3001,88.0,75.0,83.0,78.0,82.0,88.0,84.0,88.0
19:32:25,215.4,55.35,2998,88.0,83.0,78.0,87.0,81.0,88.0,86.0,83.0
19:32:26,216.4,55.21,2998,88.0,83.0,78.0,87.0,81.0,88.0,86.0,83.0
19:32:27,217.4,55.40,2954,88.0,82.0,77.0,88.0,80.0,83.0,81.0,86.0
19:32:28,218.4,55.17,2875,88.0,82.0,77.0,88.0,80.0,83.0,81.0,86.0
19:32:29,219.4,55.40,2848,85.0,81.0,77.0,85.0,81.0,84.0,85.0,75.0
19:32:30,220.4,55.41,2837,85.0,81.0,77.0,85.0,81.0,84.0,85.0,75.0
19:32:31,221.4,55.15,2790,87.0,84.0,73.0,83.0,73.0,83.0,82.0,87.0
19:32:32,222.4,55.32,2720,87.0,84.0,73.0,83.0,73.0,83.0,82.0,87.0
19:32:33,223.4,55.34,2686,89.0,75.0,76.0,81.0,81.0,83.0,81.0,89.0
19:32:34,224.4,55.31,2683,89.0,75.0,76.0,81.0,81.0,83.0,81.0,89.0
19:32:35,225.4,55.30,2669,84.0,84.0,78.0,76.0,83.0,82.0,82.0,82.0
19:32:36,226.5,55.36,2670,84.0,84.0,78.0,76.0,83.0,82.0,82.0,82.0
19:32:37,227.5,55.27,2652,87.0,81.0,75.0,85.0,85.0,87.0,81.0,81.0
19:32:38,228.5,55.28,2650,87.0,81.0,75.0,85.0,85.0,87.0,81.0,81.0
19:32:39,229.5,55.33,2634,87.0,77.0,72.0,85.0,79.0,87.0,83.0,81.0
19:32:40,230.5,55.24,2639,87.0,77.0,72.0,85.0,79.0,87.0,83.0,81.0
19:32:41,231.5,55.22,2623,87.0,75.0,79.0,87.0,81.0,85.0,75.0,75.0
19:32:42,232.5,55.35,2616,87.0,75.0,79.0,87.0,81.0,85.0,75.0,75.0
19:32:43,233.5,55.43,2603,84.0,81.0,82.0,83.0,76.0,82.0,83.0,84.0
19:32:44,234.5,55.33,2601,84.0,81.0,82.0,83.0,76.0,82.0,83.0,84.0
19:32:45,235.5,55.18,2591,85.0,80.0,77.0,83.0,74.0,83.0,85.0,76.0
19:32:46,236.5,55.35,2584,85.0,80.0,77.0,83.0,74.0,83.0,85.0,76.0
19:32:47,237.5,55.28,2549,87.0,87.0,77.0,81.0,80.0,78.0,87.0,82.0
19:32:48,238.5,55.25,2539,87.0,87.0,77.0,81.0,80.0,78.0,87.0,82.0
19:32:49,239.5,55.42,2529,86.0,86.0,77.0,76.0,83.0,84.0,81.0,82.0
19:32:50,240.5,58.41,2524,86.0,86.0,77.0,76.0,83.0,84.0,81.0,82.0
19:32:51,241.5,64.97,2529,94.0,89.0,73.0,94.0,84.0,88.0,85.0,90.0
19:32:52,242.5,64.83,2578,94.0,89.0,73.0,94.0,84.0,88.0,85.0,90.0
19:32:53,243.5,65.36,2656,89.0,85.0,74.0,87.0,84.0,85.0,89.0,87.0
19:32:54,244.5,65.11,2735,89.0,85.0,74.0,87.0,84.0,85.0,89.0,87.0
19:32:55,245.5,64.85,2819,93.0,78.0,83.0,81.0,84.0,93.0,89.0,85.0
19:32:56,246.5,65.16,2896,93.0,78.0,83.0,81.0,84.0,93.0,89.0,85.0
19:32:57,247.5,64.03,2976,91.0,88.0,81.0,91.0,84.0,87.0,88.0,86.0
19:32:58,248.5,61.69,3054,91.0,88.0,81.0,91.0,84.0,87.0,88.0,86.0
19:32:59,249.5,61.94,3123,89.0,82.0,84.0,86.0,78.0,89.0,87.0,84.0
19:33:00,250.5,61.69,3134,89.0,82.0,84.0,86.0,78.0,89.0,87.0,84.0
19:33:01,251.5,61.85,3150,88.0,85.0,82.0,79.0,84.0,88.0,86.0,86.0
19:33:02,252.5,61.92,3148,88.0,85.0,82.0,79.0,84.0,88.0,86.0,86.0
19:33:03,253.5,61.70,3156,89.0,84.0,81.0,80.0,86.0,88.0,80.0,87.0
19:33:04,254.5,61.82,3161,89.0,84.0,81.0,80.0,86.0,88.0,80.0,87.0
19:33:05,255.5,61.74,3174,95.0,77.0,74.0,95.0,87.0,79.0,90.0,88.0
19:33:06,256.5,61.93,3180,95.0,77.0,74.0,95.0,87.0,79.0,90.0,88.0
19:33:07,257.5,61.83,3189,90.0,84.0,83.0,90.0,86.0,80.0,84.0,85.0
19:33:08,258.5,61.73,3191,90.0,84.0,83.0,90.0,86.0,80.0,84.0,85.0
19:33:09,259.5,61.84,3195,88.0,84.0,74.0,88.0,82.0,88.0,84.0,85.0
19:33:10,260.5,59.34,3193,88.0,84.0,74.0,88.0,82.0,88.0,84.0,85.0
19:33:11,261.5,55.32,3197,87.0,86.0,76.0,84.0,80.0,83.0,84.0,82.0
19:33:12,262.5,55.20,3148,87.0,86.0,76.0,84.0,80.0,83.0,84.0,82.0
19:33:13,263.5,55.43,3071,84.0,82.0,77.0,83.0,80.0,84.0,83.0,82.0
19:33:14,264.5,55.28,2998,84.0,82.0,77.0,83.0,80.0,84.0,83.0,82.0
19:33:15,265.5,55.15,2922,89.0,74.0,78.0,77.0,89.0,86.0,75.0,81.0
19:33:16,266.5,55.45,2842,89.0,74.0,78.0,77.0,89.0,86.0,75.0,81.0
19:33:17,267.5,55.25,2762,86.0,86.0,72.0,82.0,81.0,83.0,85.0,75.0
19:33:18,268.5,55.37,2681,86.0,86.0,72.0,82.0,81.0,83.0,85.0,75.0
19:33:19,269.5,55.17,2636,88.0,88.0,81.0,78.0,75.0,84.0,75.0,86.0
19:33:20,270.5,58.84,2635,88.0,88.0,81.0,78.0,75.0,84.0,75.0,86.0
19:33:21,271.5,65.16,2617,90.0,82.0,81.0,85.0,84.0,89.0,89.0,89.0
19:33:22,272.5,64.94,2626,90.0,82.0,81.0,85.0,84.0,89.0,89.0,89.0
19:33:23,273.5,65.08,2694,88.0,86.0,88.0,79.0,88.0,87.0,85.0,85.0
19:33:24,274.5,63.50,2773,88.0,86.0,88.0,79.0,88.0,87.0,85.0,85.0
19:33:25,275.5,61.71,2854,89.0,89.0,81.0,87.0,77.0,87.0,83.0,86.0
19:33:26,276.6,61.89,2933,89.0,89.0,81.0,87.0,77.0,87.0,83.0,86.0
19:33:27,277.6,61.69,3001,92.0,87.0,74.0,89.0,91.0,79.0,88.0,77.0
19:33:28,278.6,61.97,3013,92.0,87.0,74.0,89.0,91.0,79.0,88.0,77.0
19:33:29,279.6,61.79,3021,91.0,86.0,74.0,89.0,83.0,89.0,85.0,91.0
19:33:30,280.6,59.14,3032,91.0,86.0,74.0,89.0,83.0,89.0,85.0,91.0
19:33:31,281.6,55.38,3040,88.0,84.0,82.0,85.0,81.0,88.0,82.0,76.0
19:33:32,282.6,55.12,3050,88.0,84.0,82.0,85.0,81.0,88.0,82.0,76.0
19:33:33,283.6,55.54,3018,85.0,80.0,77.0,85.0,80.0,85.0,81.0,82.0
19:33:34,284.6,55.22,2944,85.0,80.0,77.0,85.0,80.0,85.0,81.0,82.0
19:33:35,285.6,55.30,2864,85.0,81.0,77.0,83.0,74.0,83.0,81.0,85.0
19:33:36,286.6,55.15,2784,85.0,81.0,77.0,83.0,74.0,83.0,81.0,85.0
19:33:37,287.6,55.46,2708,88.0,81.0,77.0,76.0,81.0,83.0,79.0,88.0
19:33:38,288.6,55.21,2682,88.0,81.0,77.0,76.0,81.0,83.0,79.0,88.0
19:33:39,289.6,55.43,2678,85.0,80.0,76.0,85.0,79.0,83.0,78.0,82.0
19:33:40,290.6,55.29,2664,85.0,80.0,76.0,85.0,79.0,83.0,78.0,82.0
19:33:41,291.6,55.22,2661,89.0,81.0,72.0,89.0,78.0,83.0,74.0,82.0
19:33:42,292.6,55.30,2652,89.0,81.0,72.0,89.0,78.0,83.0,74.0,82.0
19:33:43,293.6,55.36,2652,86.0,80.0,78.0,82.0,74.0,86.0,86.0,83.0
19:33:44,294.6,55.30,2634,86.0,80.0,78.0,82.0,74.0,86.0,86.0,83.0
19:33:45,295.6,55.22,2627,84.0,83.0,72.0,84.0,84.0,76.0,82.0,74.0
19:33:46,296.6,55.38,2618,84.0,83.0,72.0,84.0,84.0,76.0,82.0,74.0
19:33:47,297.6,55.20,2613,90.0,86.0,72.0,79.0,74.0,90.0,84.0,84.0
19:33:48,298.6,55.42,2607,90.0,86.0,72.0,79.0,74.0,90.0,84.0,84.0
19:33:49,299.6,55.22,2593,89.0,87.0,72.0,89.0,81.0,76.0,83.0,77.0
19:33:50,300.6,49.67,2589,89.0,87.0,72.0,89.0,81.0,76.0,83.0,77.0
19:35:34,1.0,48.17,1021,57.0,48.0,50.0,57.0,47.0,49.0,49.0,50.0
19:35:35,2.0,79.07,1017,80.0,78.0,74.0,79.0,77.0,80.0,70.0,67.0
19:35:36,3.0,80.81,1017,80.0,78.0,74.0,79.0,77.0,80.0,70.0,67.0
19:35:37,4.0,80.61,1018,90.0,70.0,67.0,90.0,85.0,81.0,77.0,87.0
19:35:38,5.0,80.82,1018,90.0,70.0,67.0,90.0,85.0,81.0,77.0,87.0
19:35:39,6.0,81.28,1078,90.0,85.0,79.0,83.0,80.0,90.0,87.0,81.0
19:35:40,7.0,81.35,1171,90.0,85.0,79.0,83.0,80.0,90.0,87.0,81.0
19:35:41,8.0,82.05,1255,86.0,84.0,85.0,85.0,82.0,86.0,84.0,84.0
19:35:42,9.0,80.48,1342,86.0,84.0,85.0,85.0,82.0,86.0,84.0,84.0
19:35:43,10.0,81.02,1430,86.0,84.0,82.0,86.0,81.0,86.0,84.0,86.0
19:35:44,11.0,82.09,1516,86.0,84.0,82.0,86.0,81.0,86.0,84.0,86.0
19:35:45,12.0,81.41,1604,91.0,85.0,78.0,91.0,87.0,87.0,85.0,89.0
19:35:46,13.0,65.81,1699,91.0,85.0,78.0,91.0,87.0,87.0,85.0,89.0
19:35:47,14.0,61.93,1786,82.0,80.0,80.0,80.0,77.0,82.0,80.0,82.0
19:35:48,15.0,61.84,1876,82.0,80.0,80.0,80.0,77.0,82.0,80.0,82.0
19:35:49,16.0,61.82,1962,85.0,85.0,78.0,80.0,78.0,78.0,79.0,80.0
19:35:50,17.0,61.86,1995,85.0,85.0,78.0,80.0,78.0,78.0,79.0,80.0
19:35:51,18.0,64.36,1999,87.0,83.0,71.0,81.0,79.0,85.0,87.0,81.0
19:35:52,19.0,65.12,2015,87.0,83.0,71.0,81.0,79.0,85.0,87.0,81.0
19:35:53,20.0,65.04,2032,87.0,82.0,79.0,82.0,79.0,86.0,87.0,87.0
19:35:54,21.0,64.98,2109,87.0,82.0,79.0,82.0,79.0,86.0,87.0,87.0
19:35:55,22.0,65.14,2195,87.0,83.0,77.0,82.0,79.0,79.0,84.0,87.0
19:35:56,23.0,64.99,2267,87.0,83.0,77.0,82.0,79.0,79.0,84.0,87.0
19:35:57,24.0,65.17,2288,87.0,79.0,76.0,83.0,84.0,87.0,81.0,86.0
19:35:58,25.0,64.89,2296,87.0,79.0,76.0,83.0,84.0,87.0,81.0,86.0
19:35:59,26.1,65.19,2317,90.0,82.0,78.0,90.0,84.0,81.0,83.0,85.0
19:36:00,27.1,64.94,2359,90.0,82.0,78.0,90.0,84.0,81.0,83.0,85.0
19:36:01,28.1,65.05,2383,90.0,84.0,78.0,90.0,81.0,85.0,81.0,77.0
19:36:02,29.1,65.15,2415,90.0,84.0,78.0,90.0,81.0,85.0,81.0,77.0
19:36:03,30.1,65.03,2428,88.0,82.0,78.0,88.0,82.0,86.0,75.0,87.0
19:36:04,31.1,65.13,2439,88.0,82.0,78.0,88.0,82.0,86.0,75.0,87.0
19:36:05,32.1,64.94,2465,86.0,82.0,84.0,76.0,81.0,86.0,82.0,84.0
19:36:06,33.1,65.18,2498,86.0,82.0,84.0,76.0,81.0,86.0,82.0,84.0
19:36:07,34.1,65.12,2500,86.0,84.0,80.0,83.0,84.0,84.0,82.0,83.0
19:36:08,35.1,65.01,2525,86.0,84.0,80.0,83.0,84.0,84.0,82.0,83.0
19:36:09,36.1,65.11,2536,86.0,83.0,81.0,84.0,84.0,83.0,83.0,83.0
19:36:10,37.1,65.03,2571,86.0,83.0,81.0,84.0,84.0,83.0,83.0,83.0
19:36:11,38.1,64.99,2594,87.0,87.0,75.0,84.0,75.0,85.0,83.0,87.0
19:36:12,39.1,64.94,2599,87.0,87.0,75.0,84.0,75.0,85.0,83.0,87.0
19:36:13,40.1,65.31,2641,89.0,85.0,81.0,86.0,85.0,86.0,83.0,89.0
19:36:14,41.1,65.02,2653,89.0,85.0,81.0,86.0,85.0,86.0,83.0,89.0
19:36:15,42.1,65.02,2660,93.0,76.0,77.0,93.0,81.0,86.0,83.0,89.0
19:36:16,43.1,65.16,2673,93.0,76.0,77.0,93.0,81.0,86.0,83.0,89.0
19:36:17,44.1,65.00,2693,89.0,89.0,79.0,89.0,80.0,86.0,87.0,77.0
19:36:18,45.1,65.01,2698,89.0,89.0,79.0,89.0,80.0,86.0,87.0,77.0
19:36:19,46.1,65.16,2714,90.0,87.0,78.0,89.0,82.0,81.0,90.0,84.0
19:36:20,47.1,64.92,2721,90.0,87.0,78.0,89.0,82.0,81.0,90.0,84.0
19:36:21,48.1,65.07,2730,88.0,87.0,78.0,80.0,83.0,88.0,88.0,83.0
19:36:22,49.1,65.14,2767,88.0,87.0,78.0,80.0,83.0,88.0,88.0,83.0
19:36:23,50.1,65.05,2799,91.0,84.0,78.0,80.0,82.0,86.0,84.0,91.0
19:36:24,51.1,65.11,2809,91.0,84.0,78.0,80.0,82.0,86.0,84.0,91.0
19:36:25,52.1,64.99,2813,90.0,85.0,80.0,80.0,83.0,86.0,83.0,90.0
19:36:26,53.1,65.15,2821,90.0,85.0,80.0,80.0,83.0,86.0,83.0,90.0
19:36:27,54.1,65.08,2827,89.0,83.0,84.0,86.0,85.0,86.0,82.0,89.0
19:36:28,55.1,64.87,2839,89.0,83.0,84.0,86.0,85.0,86.0,82.0,89.0
19:36:29,56.1,65.30,2846,88.0,88.0,82.0,86.0,85.0,88.0,83.0,82.0
19:36:30,57.1,65.02,2867,88.0,88.0,82.0,86.0,85.0,88.0,83.0,82.0
19:36:31,58.1,65.08,2887,91.0,87.0,81.0,85.0,86.0,91.0,83.0,85.0
19:36:32,59.1,64.91,2892,91.0,87.0,81.0,85.0,86.0,91.0,83.0,85.0
19:36:33,60.1,65.08,2900,89.0,78.0,75.0,87.0,81.0,89.0,85.0,85.0
19:36:34,61.1,65.08,2911,89.0,78.0,75.0,87.0,81.0,89.0,85.0,85.0
19:36:35,62.1,65.17,2917,91.0,82.0,80.0,91.0,83.0,86.0,85.0,84.0
19:36:36,63.1,65.08,2922,91.0,82.0,80.0,91.0,83.0,86.0,85.0,84.0
19:36:37,64.1,65.03,2934,90.0,84.0,79.0,90.0,82.0,86.0,89.0,84.0
19:36:38,65.1,65.09,2937,90.0,84.0,79.0,90.0,82.0,86.0,89.0,84.0
19:36:39,66.1,65.07,2949,90.0,83.0,78.0,89.0,82.0,86.0,86.0,90.0
19:36:40,67.1,64.97,2952,90.0,83.0,78.0,89.0,82.0,86.0,86.0,90.0
19:36:41,68.1,65.22,2962,91.0,84.0,79.0,89.0,87.0,91.0,82.0,88.0
19:36:42,69.1,64.88,2971,91.0,84.0,79.0,89.0,87.0,91.0,82.0,88.0
19:36:43,70.1,65.17,2981,90.0,90.0,85.0,90.0,86.0,89.0,86.0,78.0
19:36:44,71.1,64.99,2985,90.0,90.0,85.0,90.0,86.0,89.0,86.0,78.0
19:36:45,72.1,65.03,2996,90.0,86.0,85.0,84.0,76.0,88.0,85.0,90.0
19:36:46,73.1,65.21,3000,90.0,86.0,85.0,84.0,76.0,88.0,85.0,90.0
19:36:47,74.1,64.90,3005,88.0,88.0,85.0,88.0,80.0,81.0,86.0,87.0
19:36:48,75.1,65.05,3018,88.0,88.0,85.0,88.0,80.0,81.0,86.0,87.0
19:36:49,76.2,65.09,3028,87.0,87.0,74.0,87.0,83.0,87.0,85.0,86.0
19:36:50,77.2,65.04,3033,87.0,87.0,74.0,87.0,83.0,87.0,85.0,86.0
19:36:51,78.2,65.17,3038,87.0,84.0,76.0,87.0,83.0,86.0,85.0,85.0
19:36:52,79.2,65.11,3037,87.0,84.0,76.0,87.0,83.0,86.0,85.0,85.0
19:36:53,80.2,65.07,3042,91.0,84.0,79.0,85.0,83.0,87.0,91.0,87.0
19:36:54,81.2,65.15,3042,91.0,84.0,79.0,85.0,83.0,87.0,91.0,87.0
19:36:55,82.2,65.03,3040,91.0,84.0,80.0,89.0,83.0,91.0,87.0,89.0
19:36:56,83.2,65.01,3042,91.0,84.0,80.0,89.0,83.0,91.0,87.0,89.0
19:36:57,84.2,65.02,3040,89.0,84.0,86.0,87.0,89.0,89.0,89.0,89.0
19:36:58,85.2,65.00,3050,89.0,84.0,86.0,87.0,89.0,89.0,89.0,89.0
19:36:59,86.2,65.08,3056,89.0,86.0,84.0,87.0,88.0,86.0,86.0,81.0
19:37:00,87.2,65.03,3059,89.0,86.0,84.0,87.0,88.0,86.0,86.0,81.0
19:37:01,88.2,65.06,3056,89.0,87.0,74.0,88.0,82.0,88.0,86.0,84.0
19:37:02,89.2,65.12,3056,89.0,87.0,74.0,88.0,82.0,88.0,86.0,84.0
19:37:03,90.2,64.92,3057,89.0,84.0,80.0,89.0,84.0,87.0,86.0,86.0
19:37:04,91.2,65.15,3066,89.0,84.0,80.0,89.0,84.0,87.0,86.0,86.0
19:37:05,92.2,65.12,3069,90.0,84.0,79.0,88.0,83.0,90.0,84.0,84.0
19:37:06,93.2,65.15,3076,90.0,84.0,79.0,88.0,83.0,90.0,84.0,84.0
19:37:07,94.2,65.00,3068,90.0,84.0,85.0,90.0,83.0,88.0,85.0,85.0
19:37:08,95.2,65.02,3069,90.0,84.0,85.0,90.0,83.0,88.0,85.0,85.0
19:37:09,96.2,65.10,3083,92.0,85.0,84.0,90.0,81.0,84.0,88.0,92.0
19:37:10,97.2,65.11,3085,92.0,85.0,84.0,90.0,81.0,84.0,88.0,92.0
19:37:11,98.2,64.82,3099,92.0,91.0,80.0,79.0,83.0,80.0,90.0,92.0
19:37:12,99.2,64.99,3099,92.0,91.0,80.0,79.0,83.0,80.0,90.0,92.0
19:37:13,100.2,62.06,3112,90.0,85.0,84.0,90.0,83.0,84.0,82.0,88.0
19:37:14,101.2,61.86,3115,90.0,85.0,84.0,90.0,83.0,84.0,82.0,88.0
19:37:15,102.2,61.81,3105,89.0,83.0,78.0,89.0,81.0,86.0,83.0,85.0
19:37:16,103.2,61.81,3096,89.0,83.0,78.0,89.0,81.0,86.0,83.0,85.0
19:37:17,104.2,61.85,3089,86.0,83.0,78.0,85.0,86.0,84.0,83.0,82.0
19:37:18,105.2,61.77,3087,86.0,83.0,78.0,85.0,86.0,84.0,83.0,82.0
19:37:19,106.2,61.91,3069,89.0,82.0,81.0,83.0,83.0,89.0,85.0,84.0
19:37:20,107.2,61.75,3071,89.0,82.0,81.0,83.0,83.0,89.0,85.0,84.0
19:37:21,108.2,61.75,3059,89.0,77.0,82.0,87.0,83.0,84.0,87.0,89.0
19:37:22,109.2,61.79,3056,89.0,77.0,82.0,87.0,83.0,84.0,87.0,89.0
19:37:23,110.2,61.83,3038,90.0,85.0,83.0,90.0,84.0,86.0,78.0,77.0
19:37:24,111.2,61.85,3040,90.0,85.0,83.0,90.0,84.0,86.0,78.0,77.0
19:37:25,112.2,61.84,3028,87.0,84.0,78.0,87.0,82.0,85.0,82.0,82.0
19:37:26,113.2,61.78,3028,87.0,84.0,78.0,87.0,82.0,85.0,82.0,82.0
19:37:27,114.2,61.82,3010,90.0,87.0,78.0,83.0,80.0,86.0,85.0,87.0
19:37:28,115.2,61.74,3010,90.0,87.0,78.0,83.0,80.0,86.0,85.0,87.0
19:37:29,116.2,61.92,2993,89.0,83.0,80.0,83.0,82.0,89.0,86.0,82.0
19:37:30,117.2,61.77,2993,89.0,83.0,80.0,83.0,82.0,89.0,86.0,82.0
19:37:31,118.2,61.82,2978,90.0,83.0,83.0,85.0,82.0,90.0,86.0,85.0
19:37:32,119.2,61.86,2978,90.0,83.0,83.0,85.0,82.0,90.0,86.0,85.0
19:37:33,120.2,61.75,2965,85.0,84.0,74.0,85.0,85.0,85.0,83.0,84.0
19:37:34,121.2,61.79,2960,85.0,84.0,74.0,85.0,85.0,85.0,83.0,84.0
19:37:35,122.2,61.76,2949,91.0,87.0,77.0,90.0,79.0,91.0,83.0,84.0
19:37:36,123.2,61.79,2944,89.0,77.0,78.0,89.0,84.0,88.0,84.0,89.0
19:37:37,124.2,61.83,2934,89.0,77.0,78.0,89.0,84.0,88.0,84.0,89.0
19:37:38,125.2,61.79,2934,89.0,84.0,79.0,78.0,83.0,83.0,89.0,87.0
19:37:39,126.2,61.76,2912,89.0,84.0,79.0,78.0,83.0,83.0,89.0,87.0
19:37:40,127.3,61.82,2914,87.0,80.0,81.0,85.0,84.0,87.0,84.0,85.0
19:37:41,128.3,61.88,2901,87.0,80.0,81.0,85.0,84.0,87.0,84.0,85.0
19:37:42,129.3,61.85,2903,86.0,86.0,80.0,83.0,84.0,84.0,83.0,84.0
19:37:43,130.3,61.78,2883,86.0,86.0,80.0,83.0,84.0,84.0,83.0,84.0
19:37:44,131.3,61.80,2883,90.0,84.0,80.0,85.0,84.0,90.0,83.0,84.0
19:37:45,132.3,55.32,2889,90.0,84.0,80.0,85.0,84.0,90.0,83.0,84.0
19:37:46,133.3,55.33,2867,85.0,81.0,76.0,85.0,80.0,80.0,81.0,83.0
19:37:47,134.3,55.25,2795,85.0,81.0,76.0,85.0,80.0,80.0,81.0,83.0
19:37:48,135.3,55.40,2716,87.0,82.0,84.0,83.0,81.0,83.0,75.0,83.0
19:37:49,136.3,65.16,2630,87.0,82.0,84.0,83.0,81.0,83.0,75.0,83.0
19:37:50,137.3,65.06,2613,87.0,81.0,83.0,85.0,87.0,87.0,83.0,85.0
19:37:51,138.3,65.04,2620,87.0,81.0,83.0,85.0,87.0,87.0,83.0,85.0
19:37:52,139.3,65.08,2687,90.0,85.0,81.0,86.0,86.0,90.0,85.0,86.0
19:37:53,140.3,64.98,2774,90.0,85.0,81.0,86.0,86.0,90.0,85.0,86.0
19:37:54,141.3,64.98,2852,93.0,86.0,74.0,89.0,86.0,80.0,93.0,87.0
19:37:55,142.3,65.17,2912,93.0,86.0,74.0,89.0,86.0,80.0,93.0,87.0
19:37:56,143.3,65.13,2978,93.0,85.0,80.0,92.0,83.0,85.0,87.0,90.0
19:37:57,144.3,64.96,3003,93.0,85.0,80.0,92.0,83.0,85.0,87.0,90.0
19:37:58,145.3,65.19,3042,90.0,85.0,85.0,90.0,82.0,86.0,89.0,88.0
19:37:59,146.3,64.91,3040,90.0,85.0,85.0,90.0,82.0,86.0,89.0,88.0
19:38:00,147.3,65.12,3094,91.0,91.0,85.0,89.0,84.0,88.0,85.0,79.0
19:38:01,148.3,65.07,3137,91.0,91.0,85.0,89.0,84.0,88.0,85.0,79.0
19:38:02,149.3,61.76,3146,91.0,89.0,78.0,91.0,84.0,87.0,86.0,88.0
19:38:03,150.3,61.77,3159,91.0,89.0,78.0,91.0,84.0,87.0,86.0,88.0
19:38:04,151.3,61.80,3159,90.0,86.0,78.0,88.0,90.0,79.0,85.0,85.0
19:38:05,152.3,61.86,3150,90.0,86.0,78.0,88.0,90.0,79.0,85.0,85.0
19:38:06,153.3,61.85,3146,89.0,84.0,78.0,85.0,85.0,86.0,89.0,82.0
19:38:07,154.3,61.78,3132,89.0,84.0,78.0,85.0,85.0,86.0,89.0,82.0
19:38:08,155.3,61.79,3134,88.0,88.0,79.0,86.0,85.0,86.0,88.0,83.0
19:38:09,156.3,61.85,3115,88.0,88.0,79.0,86.0,85.0,86.0,88.0,83.0
19:38:10,157.3,61.81,3115,90.0,86.0,85.0,90.0,83.0,86.0,87.0,83.0
19:38:11,158.3,61.80,3105,90.0,86.0,85.0,90.0,83.0,86.0,87.0,83.0
19:38:12,159.3,61.79,3096,89.0,84.0,75.0,89.0,83.0,89.0,84.0,82.0
19:38:13,160.3,61.72,3087,89.0,84.0,75.0,89.0,83.0,89.0,84.0,82.0
19:38:14,161.3,61.91,3082,86.0,85.0,78.0,85.0,86.0,86.0,84.0,84.0
19:38:15,162.3,61.86,3069,86.0,85.0,78.0,85.0,86.0,86.0,84.0,84.0
19:38:16,163.3,61.83,3064,89.0,86.0,80.0,85.0,81.0,86.0,89.0,83.0
19:38:17,164.3,61.77,3056,89.0,86.0,80.0,85.0,81.0,86.0,89.0,83.0
19:38:18,165.3,61.81,3057,85.0,85.0,75.0,85.0,82.0,84.0,84.0,84.0
19:38:19,166.3,61.77,3043,85.0,85.0,75.0,85.0,82.0,84.0,84.0,84.0
19:38:20,167.3,61.88,3035,90.0,81.0,83.0,90.0,82.0,85.0,83.0,87.0
19:38:21,168.3,61.79,3028,90.0,81.0,83.0,90.0,82.0,85.0,83.0,87.0
19:38:22,169.3,61.89,3023,88.0,88.0,78.0,86.0,82.0,85.0,84.0,85.0
19:38:23,170.3,61.84,3011,88.0,88.0,78.0,86.0,82.0,85.0,84.0,85.0
19:38:24,171.3,61.83,3010,86.0,84.0,78.0,85.0,84.0,86.0,86.0,83.0
19:38:25,172.3,61.81,2996,86.0,84.0,78.0,85.0,84.0,86.0,86.0,83.0
19:38:26,173.3,61.80,2990,89.0,83.0,82.0,85.0,84.0,89.0,86.0,84.0
19:38:27,174.3,61.81,2975,89.0,83.0,82.0,85.0,84.0,89.0,86.0,84.0
19:38:28,175.3,61.79,2975,89.0,85.0,76.0,89.0,83.0,85.0,87.0,85.0
19:38:29,176.3,61.82,2963,89.0,85.0,76.0,89.0,83.0,85.0,87.0,85.0
19:38:30,177.4,61.88,2958,92.0,84.0,78.0,83.0,81.0,92.0,89.0,86.0
19:38:31,178.4,61.78,2962,92.0,84.0,78.0,83.0,81.0,92.0,89.0,86.0
19:38:32,179.4,61.86,2958,90.0,83.0,78.0,85.0,85.0,88.0,85.0,90.0
19:38:33,180.4,61.75,2962,90.0,83.0,78.0,85.0,85.0,88.0,85.0,90.0
19:38:34,181.4,61.86,2968,90.0,90.0,78.0,85.0,82.0,84.0,83.0,88.0
19:38:35,182.4,61.51,2957,90.0,90.0,78.0,85.0,82.0,84.0,83.0,88.0
19:38:36,183.4,55.33,2967,87.0,83.0,79.0,87.0,81.0,83.0,82.0,82.0
19:38:37,184.4,55.24,2945,87.0,83.0,79.0,87.0,81.0,83.0,82.0,82.0
19:38:38,185.4,55.33,2875,87.0,80.0,75.0,79.0,81.0,86.0,79.0,87.0
19:38:39,186.4,55.33,2799,87.0,80.0,75.0,79.0,81.0,86.0,79.0,87.0
19:38:40,187.4,55.26,2713,83.0,81.0,79.0,82.0,80.0,83.0,79.0,78.0
19:38:41,188.4,55.38,2632,83.0,81.0,79.0,82.0,80.0,83.0,79.0,78.0
19:38:42,189.4,55.32,2549,84.0,82.0,74.0,84.0,80.0,77.0,79.0,80.0
19:38:43,190.4,55.33,2470,84.0,82.0,74.0,84.0,80.0,77.0,79.0,80.0
19:38:44,191.4,55.65,2389,88.0,83.0,78.0,82.0,74.0,85.0,77.0,88.0
19:38:45,192.4,65.27,2365,88.0,83.0,78.0,82.0,74.0,85.0,77.0,88.0
19:38:46,193.4,64.94,2372,88.0,88.0,81.0,88.0,85.0,87.0,86.0,80.0
19:38:47,194.4,65.22,2445,88.0,88.0,80.0,84.0,84.0,86.0,85.0,88.0
19:38:48,195.4,65.06,2529,88.0,88.0,80.0,84.0,84.0,86.0,85.0,88.0
19:38:49,196.4,65.11,2616,87.0,85.0,86.0,87.0,84.0,86.0,85.0,85.0
19:38:50,197.4,64.85,2695,87.0,85.0,86.0,87.0,84.0,86.0,85.0,85.0
19:38:51,198.4,61.80,2773,89.0,83.0,81.0,86.0,82.0,86.0,89.0,84.0
19:38:52,199.4,61.82,2834,89.0,83.0,81.0,86.0,82.0,86.0,89.0,84.0
19:38:53,200.4,61.77,2834,89.0,85.0,75.0,89.0,82.0,89.0,89.0,88.0
19:38:54,201.4,61.77,2849,89.0,85.0,75.0,89.0,82.0,89.0,89.0,88.0
19:38:55,202.4,61.84,2851,91.0,91.0,79.0,79.0,83.0,86.0,87.0,87.0
19:38:56,203.4,61.85,2867,91.0,91.0,79.0,79.0,83.0,86.0,87.0,87.0
19:38:57,204.4,61.84,2866,89.0,84.0,80.0,89.0,83.0,86.0,86.0,85.0
19:38:58,205.4,61.31,2880,89.0,84.0,80.0,89.0,83.0,86.0,86.0,85.0
19:38:59,206.4,55.28,2886,86.0,83.0,84.0,82.0,75.0,86.0,82.0,82.0
19:39:00,207.4,55.34,2876,86.0,83.0,84.0,82.0,75.0,86.0,82.0,82.0
19:39:01,208.4,55.27,2827,87.0,82.0,73.0,83.0,80.0,84.0,87.0,86.0
19:39:02,209.4,55.41,2752,87.0,82.0,73.0,83.0,80.0,84.0,87.0,86.0
19:39:03,210.4,55.28,2673,84.0,81.0,77.0,84.0,84.0,80.0,84.0,79.0
19:39:04,211.4,55.89,2591,84.0,81.0,77.0,84.0,84.0,80.0,84.0,79.0
19:39:05,212.4,65.26,2524,88.0,88.0,80.0,85.0,77.0,84.0,87.0,83.0
19:39:06,213.4,64.99,2517,88.0,88.0,80.0,85.0,77.0,84.0,87.0,83.0
19:39:07,214.4,65.19,2561,92.0,85.0,84.0,86.0,83.0,92.0,82.0,88.0
19:39:08,215.4,64.74,2640,92.0,85.0,84.0,86.0,83.0,92.0,82.0,88.0
19:39:09,216.4,61.77,2727,90.0,89.0,74.0,86.0,87.0,86.0,85.0,90.0
19:39:10,217.4,61.79,2809,90.0,89.0,74.0,86.0,87.0,86.0,85.0,90.0
19:39:11,218.4,61.83,2840,90.0,85.0,75.0,83.0,85.0,89.0,84.0,84.0
19:39:12,219.4,61.72,2840,90.0,85.0,75.0,83.0,85.0,89.0,84.0,84.0
19:39:13,220.4,61.87,2854,92.0,85.0,77.0,86.0,85.0,84.0,92.0,85.0
19:39:14,221.4,61.93,2854,92.0,85.0,77.0,86.0,85.0,84.0,92.0,85.0
19:39:15,222.4,61.82,2869,89.0,86.0,78.0,85.0,82.0,85.0,87.0,89.0
19:39:16,223.4,61.74,2875,89.0,86.0,78.0,85.0,82.0,85.0,87.0,89.0
19:39:17,224.4,61.89,2883,91.0,85.0,78.0,91.0,82.0,85.0,87.0,87.0
19:39:18,225.4,61.75,2887,91.0,85.0,78.0,91.0,82.0,85.0,87.0,87.0
19:39:19,226.5,61.88,2900,89.0,83.0,83.0,89.0,84.0,86.0,86.0,82.0
19:39:20,227.5,61.77,2907,89.0,83.0,83.0,89.0,84.0,86.0,86.0,82.0
19:39:21,228.5,61.89,2914,89.0,84.0,81.0,86.0,83.0,88.0,84.0,84.0
19:39:22,229.5,61.80,2917,89.0,84.0,81.0,86.0,83.0,88.0,84.0,84.0
19:39:23,230.5,61.81,2931,91.0,87.0,79.0,91.0,83.0,86.0,84.0,85.0
19:39:24,231.5,61.80,2934,91.0,87.0,79.0,91.0,83.0,86.0,84.0,85.0
19:39:25,232.5,61.83,2947,90.0,85.0,79.0,89.0,88.0,84.0,84.0,90.0
19:39:26,233.5,61.82,2952,90.0,85.0,79.0,89.0,88.0,84.0,84.0,90.0
19:39:27,234.5,61.88,2958,91.0,78.0,79.0,90.0,85.0,86.0,91.0,84.0
19:39:28,235.5,61.83,2965,91.0,78.0,79.0,90.0,85.0,86.0,91.0,84.0
19:39:29,236.5,61.84,2976,89.0,83.0,83.0,85.0,82.0,89.0,86.0,82.0
19:39:30,237.5,61.74,2980,89.0,83.0,83.0,85.0,82.0,89.0,86.0,82.0
19:39:31,238.5,61.84,2991,88.0,87.0,83.0,86.0,83.0,84.0,82.0,84.0
19:39:32,239.5,61.79,2988,88.0,87.0,83.0,86.0,83.0,84.0,82.0,84.0
19:39:33,240.5,61.89,2995,90.0,87.0,79.0,90.0,82.0,86.0,83.0,89.0
19:39:34,241.5,61.87,2993,90.0,87.0,79.0,90.0,82.0,86.0,83.0,89.0
19:39:35,242.5,61.77,2985,91.0,85.0,79.0,87.0,87.0,91.0,86.0,80.0
19:39:36,243.5,61.83,2978,91.0,85.0,79.0,87.0,87.0,91.0,86.0,80.0
19:39:37,244.5,61.80,2970,89.0,89.0,85.0,87.0,81.0,84.0,87.0,86.0
19:39:38,245.5,61.83,2965,89.0,89.0,85.0,87.0,81.0,84.0,87.0,86.0
19:39:39,246.5,61.66,2955,94.0,94.0,75.0,88.0,85.0,89.0,77.0,88.0
19:39:40,247.5,61.89,2947,94.0,94.0,75.0,88.0,85.0,89.0,77.0,88.0
19:39:41,248.5,61.95,2942,88.0,82.0,77.0,85.0,83.0,88.0,84.0,87.0
19:39:42,249.5,61.76,2926,88.0,82.0,77.0,85.0,83.0,88.0,84.0,87.0
19:39:43,250.5,61.87,2930,89.0,86.0,80.0,89.0,85.0,86.0,84.0,85.0
19:39:44,251.5,61.73,2930,89.0,86.0,80.0,89.0,85.0,86.0,84.0,85.0
19:39:45,252.5,61.80,2926,88.0,84.0,80.0,83.0,84.0,85.0,80.0,88.0
19:39:46,253.5,61.77,2930,91.0,84.0,78.0,87.0,84.0,79.0,91.0,83.0
19:39:47,254.5,61.88,2928,91.0,84.0,78.0,87.0,84.0,79.0,91.0,83.0
19:39:48,255.5,61.73,2928,89.0,88.0,83.0,85.0,89.0,86.0,81.0,85.0
19:39:49,256.5,61.91,2944,89.0,88.0,83.0,85.0,89.0,86.0,81.0,85.0
19:39:50,257.5,60.88,2945,89.0,83.0,75.0,84.0,84.0,89.0,82.0,84.0
19:39:51,258.5,55.32,2963,89.0,83.0,75.0,84.0,84.0,89.0,82.0,84.0
19:39:52,259.5,55.38,2952,85.0,84.0,77.0,85.0,80.0,81.0,82.0,83.0
19:39:53,260.5,55.29,2878,85.0,84.0,77.0,85.0,80.0,81.0,82.0,83.0
19:39:54,261.5,55.32,2796,85.0,81.0,78.0,82.0,85.0,84.0,82.0,81.0
19:39:55,262.5,55.28,2724,85.0,81.0,78.0,82.0,85.0,84.0,82.0,81.0
19:39:56,263.5,55.35,2641,85.0,82.0,76.0,83.0,76.0,82.0,81.0,85.0
19:39:57,264.5,55.32,2561,85.0,82.0,76.0,83.0,76.0,82.0,81.0,85.0
19:39:58,265.5,55.31,2482,85.0,83.0,80.0,83.0,79.0,79.0,85.0,79.0
19:39:59,266.5,55.31,2470,85.0,83.0,80.0,83.0,79.0,79.0,85.0,79.0
19:40:00,267.5,55.27,2464,86.0,80.0,81.0,82.0,83.0,86.0,75.0,81.0
19:40:01,268.5,55.32,2455,86.0,80.0,81.0,82.0,83.0,86.0,75.0,81.0
19:40:02,269.5,55.30,2441,84.0,83.0,76.0,82.0,80.0,81.0,80.0,84.0
19:40:03,270.5,55.42,2422,84.0,83.0,76.0,82.0,80.0,81.0,80.0,84.0
19:40:04,271.5,55.19,2416,87.0,85.0,79.0,77.0,74.0,87.0,85.0,82.0
19:40:05,272.5,55.36,2402,87.0,85.0,79.0,77.0,74.0,87.0,85.0,82.0
19:40:06,273.5,55.33,2400,84.0,81.0,78.0,81.0,79.0,82.0,80.0,84.0
19:40:07,274.5,55.17,2392,84.0,81.0,78.0,81.0,79.0,82.0,80.0,84.0
19:40:08,275.5,55.40,2380,86.0,86.0,76.0,85.0,82.0,81.0,80.0,75.0
19:40:09,276.5,55.37,2369,86.0,86.0,76.0,85.0,82.0,81.0,80.0,75.0
19:40:10,277.6,55.18,2364,87.0,81.0,78.0,84.0,82.0,87.0,75.0,83.0
19:40:11,278.6,55.45,2354,87.0,81.0,78.0,84.0,82.0,87.0,75.0,83.0
19:40:12,279.6,55.28,2349,82.0,80.0,79.0,82.0,82.0,82.0,75.0,82.0
19:40:13,280.6,57.48,2337,82.0,80.0,79.0,82.0,82.0,82.0,75.0,82.0
19:40:14,281.6,64.96,2340,89.0,80.0,74.0,88.0,81.0,89.0,88.0,82.0
19:40:15,282.6,65.07,2370,89.0,80.0,74.0,88.0,81.0,89.0,88.0,82.0
19:40:16,283.6,65.04,2447,89.0,89.0,80.0,81.0,85.0,87.0,87.0,83.0
19:40:17,284.6,65.22,2538,89.0,89.0,80.0,81.0,85.0,87.0,87.0,83.0
19:40:18,285.6,65.03,2618,89.0,85.0,83.0,83.0,84.0,86.0,89.0,89.0
19:40:19,286.6,65.17,2701,89.0,85.0,83.0,83.0,84.0,86.0,89.0,89.0
19:40:20,287.6,64.92,2780,92.0,92.0,79.0,86.0,87.0,87.0,78.0,91.0
19:40:21,288.6,65.12,2860,92.0,92.0,79.0,86.0,87.0,87.0,78.0,91.0
19:40:22,289.6,65.03,2937,90.0,81.0,80.0,88.0,84.0,88.0,90.0,87.0
19:40:23,290.6,65.08,3016,90.0,81.0,80.0,88.0,84.0,88.0,90.0,87.0
19:40:24,291.6,64.96,3094,92.0,86.0,82.0,89.0,92.0,89.0,79.0,87.0
19:40:25,292.6,64.44,3128,92.0,86.0,82.0,89.0,92.0,89.0,79.0,87.0
19:40:26,293.6,61.90,3132,88.0,88.0,80.0,86.0,83.0,86.0,85.0,86.0
19:40:27,294.6,61.80,3152,88.0,88.0,80.0,86.0,83.0,86.0,85.0,86.0
19:40:28,295.6,61.77,3148,91.0,77.0,84.0,87.0,82.0,86.0,91.0,89.0
19:40:29,296.6,61.87,3163,91.0,77.0,84.0,87.0,82.0,86.0,91.0,89.0
19:40:30,297.6,61.77,3163,92.0,84.0,75.0,90.0,83.0,92.0,86.0,90.0
19:40:31,298.6,61.75,3152,92.0,84.0,75.0,90.0,83.0,92.0,86.0,90.0
19:40:32,299.6,61.75,3148,91.0,86.0,78.0,81.0,84.0,79.0,88.0,91.0
19:40:33,300.6,51.34,3146,91.0,86.0,78.0,81.0,84.0,74.0,72.0,74.0
19:41:57,1.0,49.03,1021,75.0,73.0,71.0,74.0,72.0,74.0,75.0,73.0
19:41:58,2.0,83.48,1017,75.0,73.0,71.0,74.0,72.0,74.0,75.0,73.0
19:41:59,3.0,80.88,1015,79.0,77.0,72.0,79.0,75.0,78.0,77.0,76.0
19:42:00,4.0,81.39,1017,79.0,77.0,72.0,79.0,75.0,78.0,77.0,76.0
19:42:01,5.0,81.85,1019,87.0,84.0,76.0,83.0,85.0,87.0,86.0,87.0
19:42:02,6.0,81.65,1088,87.0,84.0,76.0,83.0,85.0,87.0,86.0,87.0
19:42:03,7.0,80.57,1180,89.0,82.0,80.0,89.0,83.0,85.0,80.0,86.0
19:42:04,8.0,81.34,1268,89.0,82.0,80.0,89.0,83.0,85.0,80.0,86.0
19:42:05,9.0,80.41,1352,87.0,85.0,79.0,87.0,83.0,86.0,86.0,84.0
19:42:06,10.0,64.53,1445,86.0,81.0,73.0,86.0,79.0,83.0,80.0,81.0
19:42:07,11.0,65.18,1530,86.0,81.0,73.0,86.0,79.0,83.0,80.0,81.0
19:42:08,12.0,65.07,1619,84.0,81.0,80.0,80.0,81.0,81.0,83.0,84.0
19:42:09,13.0,65.03,1705,84.0,82.0,75.0,80.0,79.0,84.0,80.0,80.0
19:42:10,14.0,65.13,1795,84.0,82.0,75.0,80.0,79.0,84.0,80.0,80.0
19:42:11,15.0,65.03,1868,85.0,81.0,78.0,85.0,79.0,82.0,81.0,81.0
19:42:12,16.0,65.11,1878,85.0,81.0,78.0,85.0,79.0,82.0,81.0,81.0
19:42:13,17.0,65.08,1906,86.0,82.0,77.0,82.0,82.0,80.0,86.0,84.0
19:42:14,18.0,65.06,1924,86.0,82.0,77.0,82.0,82.0,80.0,86.0,84.0
19:42:15,19.0,65.09,1970,87.0,85.0,75.0,85.0,79.0,87.0,81.0,81.0
19:42:16,20.0,64.97,1980,87.0,85.0,75.0,85.0,79.0,87.0,81.0,81.0
19:42:17,21.0,65.10,2000,85.0,80.0,79.0,83.0,82.0,83.0,85.0,81.0
19:42:18,22.0,65.17,2047,85.0,80.0,79.0,83.0,82.0,83.0,85.0,81.0
19:42:19,23.0,65.07,2049,86.0,83.0,75.0,82.0,80.0,86.0,81.0,86.0
19:42:20,24.0,65.02,2097,86.0,83.0,75.0,82.0,80.0,86.0,81.0,86.0
19:42:21,25.0,65.06,2115,89.0,82.0,74.0,89.0,80.0,84.0,85.0,82.0
19:42:22,26.1,65.06,2127,89.0,82.0,74.0,89.0,80.0,84.0,85.0,82.0
19:42:23,27.1,65.07,2150,84.0,79.0,79.0,83.0,84.0,82.0,84.0,79.0
19:42:24,28.1,65.06,2150,84.0,79.0,79.0,83.0,84.0,82.0,84.0,79.0
19:42:25,29.1,65.10,2163,87.0,87.0,76.0,87.0,80.0,87.0,81.0,86.0
19:42:26,30.1,65.10,2165,87.0,87.0,76.0,87.0,80.0,87.0,81.0,86.0
19:42:27,31.1,65.01,2214,87.0,82.0,79.0,84.0,83.0,84.0,81.0,82.0
19:42:28,32.1,65.14,2219,87.0,82.0,79.0,84.0,83.0,84.0,81.0,82.0
19:42:29,33.1,65.07,2253,88.0,85.0,79.0,83.0,86.0,83.0,88.0,80.0
19:42:30,34.1,65.06,2333,88.0,85.0,79.0,83.0,86.0,83.0,88.0,80.0
19:42:31,35.1,65.09,2369,89.0,83.0,78.0,85.0,81.0,87.0,82.0,89.0
19:42:32,36.1,65.03,2389,89.0,83.0,78.0,85.0,81.0,87.0,82.0,89.0
19:42:33,37.1,65.06,2446,86.0,82.0,80.0,84.0,83.0,84.0,86.0,82.0
19:42:34,38.1,65.10,2472,86.0,82.0,80.0,84.0,83.0,84.0,86.0,82.0
19:42:35,39.1,65.03,2501,89.0,86.0,78.0,89.0,82.0,86.0,84.0,85.0
19:42:36,40.1,65.15,2529,89.0,86.0,78.0,89.0,82.0,86.0,84.0,85.0
19:42:37,41.1,65.08,2531,90.0,84.0,78.0,85.0,83.0,88.0,82.0,90.0
19:42:38,42.1,65.13,2582,90.0,84.0,78.0,85.0,83.0,88.0,82.0,90.0
19:42:39,43.1,65.01,2596,87.0,82.0,81.0,87.0,85.0,84.0,87.0,84.0
19:42:40,44.1,65.02,2630,87.0,82.0,81.0,87.0,85.0,84.0,87.0,84.0
19:42:41,45.1,65.05,2647,88.0,88.0,78.0,87.0,83.0,86.0,85.0,81.0
19:42:42,46.1,65.10,2653,88.0,88.0,78.0,87.0,83.0,86.0,85.0,81.0
19:42:43,47.1,65.07,2667,89.0,83.0,80.0,85.0,79.0,88.0,86.0,89.0
19:42:44,48.1,65.14,2669,89.0,83.0,80.0,85.0,79.0,88.0,86.0,89.0
19:42:45,49.1,65.03,2678,89.0,80.0,79.0,89.0,88.0,86.0,84.0,84.0
19:42:46,50.1,65.08,2686,89.0,80.0,79.0,89.0,88.0,86.0,84.0,84.0
19:42:47,51.1,65.05,2697,89.0,89.0,79.0,86.0,83.0,87.0,82.0,83.0
19:42:48,52.1,65.05,2706,89.0,89.0,79.0,86.0,83.0,87.0,82.0,83.0
19:42:49,53.1,65.17,2713,88.0,83.0,80.0,88.0,84.0,87.0,88.0,86.0
19:42:50,54.1,65.04,2720,88.0,83.0,80.0,88.0,84.0,87.0,88.0,86.0
19:42:51,55.1,65.02,2725,90.0,87.0,79.0,86.0,83.0,90.0,84.0,84.0
19:42:52,56.1,65.01,2732,90.0,87.0,79.0,86.0,83.0,90.0,84.0,84.0
19:42:53,57.1,65.05,2746,87.0,86.0,79.0,87.0,83.0,87.0,84.0,82.0
19:42:54,58.1,65.15,2755,87.0,86.0,79.0,87.0,83.0,87.0,84.0,82.0
19:42:55,59.1,65.12,2760,89.0,83.0,81.0,89.0,85.0,87.0,87.0,88.0
19:42:56,60.1,65.07,2769,89.0,83.0,81.0,89.0,85.0,87.0,87.0,88.0
19:42:57,61.1,65.04,2777,91.0,85.0,78.0,86.0,83.0,91.0,84.0,85.0
19:42:58,62.1,65.07,2782,91.0,85.0,78.0,86.0,83.0,91.0,84.0,85.0
19:42:59,63.1,65.03,2792,90.0,85.0,79.0,90.0,81.0,87.0,85.0,82.0
19:43:00,64.1,65.11,2799,90.0,85.0,79.0,90.0,81.0,87.0,85.0,82.0
19:43:01,65.1,65.15,2809,89.0,83.0,83.0,89.0,86.0,87.0,86.0,87.0
19:43:02,66.1,64.97,2816,89.0,83.0,83.0,89.0,86.0,87.0,86.0,87.0
19:43:03,67.1,65.04,2819,92.0,87.0,80.0,87.0,84.0,92.0,85.0,86.0
19:43:04,68.1,65.07,2834,92.0,87.0,80.0,87.0,84.0,92.0,85.0,86.0
19:43:05,69.1,65.19,2839,89.0,84.0,84.0,89.0,87.0,86.0,83.0,84.0
19:43:06,70.1,65.09,2848,89.0,84.0,84.0,89.0,87.0,86.0,83.0,84.0
19:43:07,71.1,65.03,2852,89.0,84.0,80.0,87.0,83.0,86.0,88.0,88.0
19:43:08,72.1,65.01,2864,89.0,84.0,80.0,87.0,83.0,86.0,88.0,88.0
19:43:09,73.1,65.08,2869,92.0,88.0,79.0,86.0,83.0,92.0,84.0,84.0
19:43:10,74.1,65.05,2876,92.0,88.0,79.0,86.0,83.0,92.0,84.0,84.0
19:43:11,75.1,65.06,2884,90.0,86.0,84.0,90.0,87.0,87.0,83.0,82.0
19:43:12,76.2,65.18,2895,90.0,86.0,84.0,90.0,87.0,87.0,83.0,82.0
19:43:13,77.2,64.98,2900,90.0,86.0,78.0,87.0,90.0,86.0,90.0,86.0
19:43:14,78.2,65.10,2909,90.0,86.0,78.0,87.0,90.0,86.0,90.0,86.0
19:43:15,79.2,65.10,2918,92.0,89.0,78.0,87.0,84.0,92.0,86.0,87.0
19:43:16,80.2,65.13,2926,92.0,89.0,78.0,87.0,84.0,92.0,86.0,87.0
19:43:17,81.2,64.99,2931,90.0,85.0,83.0,90.0,86.0,86.0,85.0,89.0
19:43:18,82.2,65.10,2939,90.0,85.0,83.0,90.0,86.0,86.0,85.0,89.0
19:43:19,83.2,65.00,2949,87.0,83.0,79.0,87.0,83.0,85.0,87.0,86.0
19:43:20,84.2,65.11,2958,87.0,83.0,79.0,87.0,83.0,85.0,87.0,86.0
19:43:21,85.2,65.06,2960,90.0,89.0,82.0,84.0,82.0,89.0,90.0,86.0
19:43:22,86.2,65.10,2973,90.0,89.0,82.0,84.0,82.0,89.0,90.0,86.0
19:43:23,87.2,65.07,2975,90.0,84.0,85.0,90.0,86.0,87.0,85.0,89.0
19:43:24,88.2,65.00,2991,90.0,84.0,85.0,90.0,86.0,87.0,85.0,89.0
19:43:25,89.2,65.02,2993,90.0,82.0,80.0,88.0,85.0,88.0,90.0,86.0
19:43:26,90.2,65.16,3001,90.0,82.0,80.0,88.0,85.0,88.0,90.0,86.0
19:43:27,91.2,65.06,3006,89.0,88.0,83.0,84.0,84.0,89.0,86.0,83.0
19:43:28,92.2,65.17,3020,89.0,88.0,83.0,84.0,84.0,89.0,86.0,83.0
19:43:29,93.2,65.02,3020,91.0,85.0,79.0,90.0,86.0,87.0,84.0,91.0
19:43:30,94.2,65.03,3033,91.0,85.0,79.0,90.0,86.0,87.0,84.0,91.0
19:43:31,95.2,65.03,3038,90.0,86.0,78.0,87.0,84.0,87.0,90.0,87.0
19:43:32,96.2,65.16,3050,90.0,86.0,78.0,87.0,84.0,87.0,90.0,87.0
19:43:33,97.2,65.03,3052,89.0,88.0,83.0,87.0,81.0,88.0,85.0,89.0
19:43:34,98.2,65.08,3062,89.0,88.0,83.0,87.0,81.0,88.0,85.0,89.0
19:43:35,99.2,65.06,3073,90.0,85.0,79.0,90.0,89.0,89.0,82.0,86.0
19:43:36,100.2,65.13,3078,90.0,85.0,79.0,90.0,89.0,89.0,82.0,86.0
19:43:37,101.2,65.01,3083,92.0,83.0,81.0,88.0,84.0,87.0,92.0,86.0
19:43:38,102.2,65.06,3083,92.0,83.0,81.0,88.0,84.0,87.0,92.0,86.0
19:43:39,103.2,65.10,3082,90.0,86.0,83.0,87.0,84.0,85.0,85.0,90.0
19:43:40,104.2,65.04,3094,88.0,86.0,84.0,85.0,84.0,86.0,84.0,87.0
19:43:41,105.2,65.01,3098,88.0,86.0,84.0,85.0,84.0,86.0,84.0,87.0
19:43:42,106.2,65.12,3099,90.0,87.0,79.0,85.0,88.0,87.0,88.0,90.0
19:43:43,107.2,65.05,3098,90.0,87.0,79.0,85.0,88.0,87.0,88.0,90.0
19:43:44,108.2,65.02,3098,88.0,88.0,82.0,87.0,84.0,87.0,85.0,86.0
19:43:45,109.2,65.17,3103,88.0,88.0,82.0,87.0,84.0,87.0,85.0,86.0
19:43:46,110.2,64.91,3094,88.0,86.0,85.0,85.0,81.0,87.0,85.0,84.0
19:43:47,111.2,65.18,3099,88.0,86.0,85.0,85.0,81.0,87.0,85.0,84.0
19:43:48,112.2,65.08,3085,89.0,83.0,79.0,89.0,88.0,89.0,87.0,88.0
19:43:49,113.2,65.05,3080,89.0,83.0,79.0,89.0,88.0,89.0,87.0,88.0
19:43:50,114.2,65.04,3073,90.0,84.0,84.0,90.0,84.0,84.0,85.0,86.0
19:43:51,115.2,65.01,3068,90.0,84.0,84.0,90.0,84.0,84.0,85.0,86.0
19:43:52,116.2,65.13,3082,90.0,82.0,82.0,90.0,84.0,89.0,85.0,85.0
19:43:53,117.2,65.07,3082,90.0,82.0,82.0,90.0,84.0,89.0,85.0,85.0
19:43:54,118.2,65.11,3098,90.0,88.0,78.0,85.0,84.0,90.0,87.0,87.0
19:43:55,119.2,64.96,3099,90.0,88.0,78.0,85.0,84.0,90.0,87.0,87.0
19:43:56,120.2,65.11,3103,87.0,85.0,83.0,87.0,85.0,86.0,87.0,87.0
19:43:57,121.2,65.02,3099,87.0,85.0,83.0,87.0,85.0,86.0,87.0,87.0
19:43:58,122.2,65.14,3101,90.0,88.0,80.0,90.0,84.0,85.0,86.0,85.0
19:43:59,123.2,65.10,3089,90.0,88.0,80.0,90.0,84.0,85.0,86.0,85.0
19:44:00,124.2,65.11,3085,90.0,88.0,77.0,90.0,85.0,88.0,86.0,87.0
19:44:01,125.2,65.06,3078,90.0,88.0,77.0,90.0,85.0,88.0,86.0,87.0
19:44:02,126.2,65.03,3068,90.0,85.0,86.0,87.0,84.0,87.0,90.0,86.0
19:44:03,127.3,65.00,3059,90.0,85.0,86.0,87.0,84.0,87.0,90.0,86.0
19:44:04,128.3,65.06,3056,89.0,83.0,80.0,89.0,84.0,87.0,86.0,87.0
19:44:05,129.3,65.09,3047,89.0,83.0,80.0,89.0,84.0,87.0,86.0,87.0
19:44:06,130.3,65.20,3035,88.0,86.0,80.0,88.0,85.0,88.0,87.0,87.0
19:44:07,131.3,65.03,3037,88.0,86.0,80.0,88.0,85.0,88.0,87.0,87.0
19:44:08,132.3,65.01,3038,91.0,85.0,80.0,87.0,83.0,89.0,85.0,90.0
19:44:09,133.3,65.10,3033,91.0,85.0,80.0,87.0,83.0,89.0,85.0,90.0
19:44:10,134.3,65.05,3050,90.0,85.0,79.0,90.0,84.0,87.0,86.0,86.0
19:44:11,135.3,65.09,3054,90.0,85.0,79.0,90.0,84.0,87.0,86.0,86.0
19:44:12,136.3,65.10,3068,88.0,87.0,83.0,86.0,86.0,87.0,88.0,83.0
19:44:13,137.3,63.53,3068,88.0,87.0,83.0,86.0,86.0,87.0,88.0,83.0
19:44:14,138.3,61.75,3082,88.0,83.0,80.0,86.0,83.0,84.0,84.0,88.0
19:44:15,139.3,61.85,3083,88.0,83.0,80.0,86.0,83.0,84.0,84.0,88.0
19:44:16,140.3,61.82,3068,89.0,84.0,78.0,89.0,82.0,88.0,83.0,88.0
19:44:17,141.3,61.79,3073,89.0,84.0,78.0,89.0,82.0,88.0,83.0,88.0
19:44:18,142.3,61.80,3052,92.0,81.0,77.0,87.0,81.0,92.0,89.0,84.0
19:44:19,143.3,61.86,3052,92.0,81.0,77.0,87.0,81.0,92.0,89.0,84.0
19:44:20,144.3,61.86,3037,88.0,86.0,82.0,84.0,85.0,85.0,88.0,82.0
19:44:21,145.3,61.88,3040,88.0,86.0,82.0,84.0,85.0,85.0,88.0,82.0
19:44:22,146.3,61.76,3025,89.0,84.0,80.0,89.0,82.0,86.0,84.0,88.0
19:44:23,147.3,61.81,3021,89.0,84.0,80.0,89.0,82.0,86.0,84.0,88.0
19:44:24,148.3,61.79,3006,89.0,83.0,78.0,89.0,82.0,83.0,81.0,84.0
19:44:25,149.3,61.83,3008,89.0,83.0,78.0,89.0,82.0,83.0,81.0,84.0
19:44:26,150.3,61.79,2990,89.0,81.0,76.0,85.0,86.0,89.0,87.0,84.0
19:44:27,151.3,61.88,2995,89.0,81.0,76.0,85.0,86.0,89.0,87.0,84.0
19:44:28,152.3,61.78,2973,88.0,85.0,81.0,82.0,84.0,88.0,83.0,85.0
19:44:29,153.3,61.80,2973,88.0,85.0,81.0,82.0,84.0,88.0,83.0,85.0
19:44:30,154.3,61.80,2960,89.0,83.0,78.0,89.0,82.0,85.0,83.0,88.0
19:44:31,155.3,61.79,2962,89.0,83.0,78.0,89.0,82.0,85.0,83.0,88.0
19:44:32,156.3,61.90,2949,86.0,82.0,79.0,85.0,82.0,86.0,84.0,84.0
19:44:33,157.3,61.81,2945,86.0,82.0,79.0,85.0,82.0,86.0,84.0,84.0
19:44:34,158.3,61.81,2933,86.0,81.0,78.0,85.0,85.0,86.0,86.0,84.0
19:44:35,159.3,61.80,2928,86.0,81.0,78.0,85.0,85.0,86.0,86.0,84.0
19:44:36,160.3,61.84,2914,87.0,86.0,80.0,87.0,82.0,86.0,82.0,84.0
19:44:37,161.3,61.82,2912,87.0,86.0,80.0,87.0,82.0,86.0,82.0,84.0
19:44:38,162.3,61.82,2898,90.0,83.0,82.0,85.0,82.0,90.0,84.0,88.0
19:44:39,163.3,61.80,2898,90.0,83.0,82.0,85.0,82.0,90.0,84.0,88.0
19:44:40,164.3,61.82,2881,87.0,83.0,78.0,84.0,84.0,86.0,87.0,84.0
19:44:41,165.3,61.80,2876,87.0,83.0,78.0,84.0,84.0,86.0,87.0,84.0
19:44:42,166.3,61.79,2867,87.0,81.0,78.0,87.0,87.0,86.0,84.0,84.0
19:44:43,167.3,61.84,2864,87.0,81.0,78.0,87.0,87.0,86.0,84.0,84.0
19:44:44,168.3,61.82,2849,90.0,86.0,80.0,90.0,81.0,83.0,83.0,86.0
19:44:45,169.3,61.83,2846,90.0,86.0,80.0,90.0,81.0,83.0,83.0,86.0
19:44:46,170.3,61.81,2849,87.0,82.0,82.0,84.0,81.0,87.0,85.0,86.0
19:44:47,171.3,61.87,2849,87.0,82.0,82.0,84.0,81.0,87.0,85.0,86.0
19:44:48,172.3,61.82,2851,89.0,83.0,78.0,83.0,85.0,86.0,89.0,84.0
19:44:49,173.3,61.81,2852,89.0,83.0,78.0,83.0,85.0,86.0,89.0,84.0
19:44:50,174.3,61.78,2849,88.0,80.0,79.0,88.0,83.0,85.0,84.0,82.0
19:44:51,175.3,61.83,2846,88.0,80.0,79.0,88.0,83.0,85.0,84.0,82.0
19:44:52,176.3,61.81,2839,88.0,86.0,80.0,85.0,81.0,83.0,84.0,88.0
19:44:53,177.4,61.82,2836,88.0,86.0,80.0,85.0,81.0,83.0,84.0,88.0
19:44:54,178.4,61.83,2819,88.0,83.0,79.0,85.0,83.0,88.0,86.0,84.0
19:44:55,179.4,61.83,2815,88.0,83.0,79.0,85.0,83.0,88.0,86.0,84.0
19:44:56,180.4,61.81,2803,88.0,82.0,78.0,87.0,85.0,86.0,87.0,84.0
19:44:57,181.4,61.88,2799,88.0,82.0,78.0,87.0,85.0,86.0,87.0,84.0
19:44:58,182.4,61.78,2792,88.0,82.0,79.0,88.0,82.0,87.0,86.0,82.0
19:44:59,183.4,61.83,2783,88.0,82.0,79.0,88.0,82.0,87.0,86.0,82.0
19:45:00,184.4,61.82,2772,89.0,82.0,78.0,85.0,82.0,89.0,86.0,87.0
19:45:01,185.4,61.81,2769,89.0,82.0,78.0,85.0,82.0,89.0,86.0,87.0
19:45:02,186.4,61.80,2770,87.0,82.0,78.0,85.0,79.0,87.0,87.0,85.0
19:45:03,187.4,61.82,2772,87.0,82.0,78.0,85.0,79.0,87.0,87.0,85.0
19:45:04,188.4,61.86,2774,88.0,82.0,76.0,88.0,84.0,88.0,86.0,88.0
19:45:05,189.4,61.81,2769,88.0,82.0,76.0,88.0,84.0,88.0,86.0,88.0
19:45:06,190.4,61.78,2762,89.0,82.0,79.0,89.0,86.0,86.0,89.0,84.0
19:45:07,191.4,61.87,2755,89.0,82.0,79.0,89.0,86.0,86.0,89.0,84.0
19:45:08,192.4,61.83,2757,88.0,82.0,81.0,88.0,82.0,84.0,88.0,84.0
19:45:09,193.4,61.77,2756,88.0,82.0,81.0,88.0,82.0,84.0,88.0,84.0
19:45:10,194.4,61.81,2755,86.0,83.0,79.0,85.0,82.0,86.0,86.0,85.0
19:45:11,195.4,61.78,2757,86.0,83.0,79.0,85.0,82.0,86.0,86.0,85.0
19:45:12,196.4,61.82,2757,87.0,83.0,79.0,86.0,81.0,85.0,87.0,84.0
19:45:13,197.4,61.81,2743,87.0,83.0,79.0,86.0,81.0,85.0,87.0,84.0
19:45:14,198.4,61.85,2739,89.0,86.0,79.0,88.0,85.0,85.0,89.0,86.0
19:45:15,199.4,61.81,2728,89.0,86.0,79.0,88.0,85.0,85.0,89.0,86.0
19:45:16,200.4,61.86,2727,89.0,86.0,79.0,89.0,81.0,87.0,82.0,86.0
19:45:17,201.4,61.77,2714,89.0,86.0,79.0,89.0,81.0,87.0,82.0,86.0
19:45:18,202.4,61.81,2710,88.0,82.0,81.0,84.0,82.0,86.0,83.0,84.0
19:45:19,203.4,61.79,2708,88.0,82.0,81.0,84.0,82.0,86.0,83.0,84.0
19:45:20,204.4,61.85,2708,87.0,84.0,79.0,86.0,83.0,86.0,87.0,86.0
19:45:21,205.4,61.86,2710,87.0,84.0,79.0,86.0,83.0,86.0,87.0,86.0
19:45:22,206.4,61.79,2706,89.0,81.0,80.0,89.0,85.0,86.0,84.0,84.0
19:45:23,207.4,61.85,2717,89.0,81.0,80.0,89.0,85.0,86.0,84.0,84.0
19:45:24,208.4,61.79,2724,87.0,85.0,81.0,84.0,82.0,87.0,83.0,86.0
19:45:25,209.4,61.83,2732,87.0,85.0,81.0,84.0,82.0,87.0,83.0,86.0
19:45:26,210.4,61.84,2739,88.0,87.0,79.0,85.0,81.0,88.0,85.0,85.0
19:45:27,211.4,61.77,2746,88.0,87.0,79.0,85.0,81.0,88.0,85.0,85.0
19:45:28,212.4,61.81,2755,90.0,84.0,78.0,89.0,82.0,87.0,90.0,84.0
19:45:29,213.4,61.80,2764,90.0,84.0,78.0,89.0,82.0,87.0,90.0,84.0
19:45:30,214.4,61.81,2770,89.0,83.0,81.0,89.0,85.0,85.0,84.0,82.0
19:45:31,215.4,61.83,2776,89.0,83.0,81.0,89.0,85.0,85.0,84.0,82.0
19:45:32,216.4,61.79,2786,88.0,83.0,83.0,86.0,83.0,87.0,84.0,88.0
19:45:33,217.4,61.90,2792,88.0,83.0,83.0,86.0,83.0,87.0,84.0,88.0
19:45:34,218.4,61.80,2809,87.0,87.0,79.0,83.0,83.0,87.0,83.0,84.0
19:45:35,219.4,61.84,2809,87.0,87.0,79.0,83.0,83.0,87.0,83.0,84.0
19:45:36,220.4,61.80,2815,88.0,83.0,78.0,88.0,83.0,88.0,86.0,84.0
19:45:37,221.4,61.82,2821,88.0,83.0,78.0,88.0,83.0,88.0,86.0,84.0
19:45:38,222.4,61.81,2819,89.0,83.0,81.0,85.0,85.0,89.0,88.0,83.0
19:45:39,223.4,61.77,2821,89.0,83.0,81.0,85.0,85.0,89.0,88.0,83.0
19:45:40,224.4,61.84,2813,86.0,85.0,85.0,85.0,82.0,86.0,84.0,85.0
19:45:41,225.4,61.80,2816,86.0,85.0,85.0,85.0,82.0,86.0,84.0,85.0
19:45:42,226.4,61.83,2821,90.0,87.0,79.0,89.0,82.0,84.0,83.0,90.0
19:45:43,227.5,61.81,2834,90.0,87.0,79.0,89.0,82.0,84.0,83.0,90.0
19:45:44,228.5,61.84,2837,89.0,84.0,79.0,86.0,85.0,89.0,86.0,84.0
19:45:45,229.5,61.87,2848,89.0,84.0,79.0,86.0,85.0,89.0,86.0,84.0
19:45:46,230.5,61.81,2849,88.0,82.0,81.0,85.0,87.0,86.0,88.0,82.0
19:45:47,231.5,61.80,2864,88.0,82.0,81.0,85.0,87.0,86.0,88.0,82.0
19:45:48,232.5,61.81,2867,88.0,86.0,83.0,87.0,82.0,86.0,85.0,88.0
19:45:49,233.5,61.83,2864,88.0,86.0,83.0,87.0,82.0,86.0,85.0,88.0
19:45:50,234.5,61.81,2867,90.0,89.0,79.0,90.0,81.0,83.0,84.0,86.0
19:45:51,235.5,61.82,2866,90.0,89.0,79.0,90.0,81.0,83.0,84.0,86.0
19:45:52,236.5,61.81,2866,89.0,84.0,79.0,86.0,85.0,89.0,84.0,85.0
19:45:53,237.5,61.77,2867,89.0,84.0,79.0,86.0,85.0,89.0,84.0,85.0
19:45:54,238.5,61.83,2872,87.0,83.0,79.0,85.0,83.0,87.0,85.0,81.0
19:45:55,239.5,61.82,2864,87.0,83.0,79.0,85.0,83.0,87.0,85.0,81.0
19:45:56,240.5,61.83,2866,88.0,84.0,80.0,87.0,81.0,85.0,87.0,87.0
19:45:57,241.5,61.89,2869,88.0,84.0,80.0,87.0,81.0,85.0,87.0,87.0
19:45:58,242.5,61.73,2867,90.0,86.0,79.0,90.0,80.0,85.0,83.0,87.0
19:45:59,243.5,61.88,2866,90.0,86.0,79.0,90.0,80.0,85.0,83.0,87.0
19:46:00,244.5,61.79,2852,87.0,84.0,84.0,87.0,84.0,86.0,82.0,84.0
19:46:01,245.5,61.81,2845,87.0,84.0,84.0,87.0,84.0,86.0,82.0,84.0
19:46:02,246.5,61.82,2840,87.0,83.0,79.0,85.0,84.0,87.0,87.0,85.0
19:46:03,247.5,61.80,2830,87.0,83.0,79.0,85.0,84.0,87.0,87.0,85.0
19:46:04,248.5,61.83,2821,88.0,83.0,78.0,86.0,81.0,88.0,83.0,87.0
19:46:05,249.5,61.81,2819,88.0,83.0,78.0,86.0,81.0,88.0,83.0,87.0
19:46:06,250.5,61.83,2818,89.0,85.0,81.0,89.0,80.0,84.0,83.0,85.0
19:46:07,251.5,61.78,2815,89.0,85.0,81.0,89.0,80.0,84.0,83.0,85.0
19:46:08,252.5,61.81,2815,87.0,87.0,79.0,84.0,84.0,85.0,85.0,84.0
19:46:09,253.5,61.80,2816,87.0,87.0,79.0,84.0,84.0,85.0,85.0,84.0
19:46:10,254.5,61.78,2822,86.0,83.0,79.0,86.0,84.0,85.0,86.0,82.0
19:46:11,255.5,61.83,2819,86.0,83.0,79.0,86.0,84.0,85.0,86.0,82.0
19:46:12,256.5,61.84,2819,88.0,83.0,78.0,87.0,82.0,87.0,83.0,88.0
19:46:13,257.5,61.90,2819,88.0,83.0,78.0,87.0,82.0,87.0,83.0,88.0
19:46:14,258.5,61.81,2816,89.0,86.0,80.0,87.0,80.0,89.0,81.0,85.0
19:46:15,259.5,61.82,2822,89.0,86.0,80.0,87.0,80.0,89.0,81.0,85.0
19:46:16,260.5,61.80,2811,87.0,87.0,79.0,85.0,85.0,85.0,87.0,84.0
19:46:17,261.5,61.80,2802,87.0,87.0,79.0,85.0,85.0,85.0,87.0,84.0
19:46:18,262.5,61.78,2795,87.0,84.0,80.0,85.0,84.0,87.0,84.0,85.0
19:46:19,263.5,61.77,2787,87.0,84.0,80.0,85.0,84.0,87.0,84.0,85.0
19:46:20,264.5,61.88,2779,87.0,83.0,77.0,87.0,83.0,86.0,83.0,87.0
19:46:21,265.5,61.84,2773,87.0,83.0,77.0,87.0,83.0,86.0,83.0,87.0
19:46:22,266.5,61.80,2774,90.0,81.0,81.0,90.0,81.0,88.0,86.0,81.0
19:46:23,267.5,61.87,2772,90.0,81.0,81.0,90.0,81.0,88.0,86.0,81.0
19:46:24,268.5,61.81,2772,88.0,85.0,83.0,85.0,84.0,88.0,88.0,87.0
19:46:25,269.5,61.77,2783,88.0,85.0,83.0,85.0,84.0,88.0,88.0,87.0
19:46:26,270.5,61.79,2786,86.0,86.0,78.0,85.0,83.0,86.0,84.0,84.0
19:46:27,271.5,61.79,2789,86.0,86.0,78.0,85.0,83.0,86.0,84.0,84.0
19:46:28,272.5,61.84,2787,88.0,84.0,79.0,88.0,83.0,86.0,85.0,85.0
19:46:29,273.5,61.90,2786,88.0,84.0,79.0,88.0,83.0,86.0,85.0,85.0
19:46:30,274.5,61.81,2789,90.0,83.0,81.0,90.0,81.0,84.0,86.0,82.0
19:46:31,275.5,61.84,2790,90.0,83.0,81.0,90.0,81.0,84.0,86.0,82.0
19:46:32,276.5,61.81,2787,88.0,85.0,81.0,84.0,85.0,88.0,84.0,85.0
19:46:33,277.6,61.79,2800,88.0,85.0,81.0,84.0,85.0,88.0,84.0,85.0
19:46:34,278.6,61.82,2803,89.0,88.0,78.0,83.0,83.0,89.0,84.0,88.0
19:46:35,279.6,61.81,2818,89.0,88.0,78.0,83.0,83.0,89.0,84.0,88.0
19:46:36,280.6,61.76,2822,90.0,84.0,77.0,90.0,83.0,88.0,81.0,85.0
19:46:37,281.6,61.86,2818,90.0,84.0,77.0,90.0,83.0,88.0,81.0,85.0
19:46:38,282.6,61.81,2819,87.0,83.0,82.0,85.0,80.0,86.0,87.0,84.0
19:46:39,283.6,61.84,2818,87.0,83.0,82.0,85.0,80.0,86.0,87.0,84.0
19:46:40,284.6,61.78,2821,86.0,86.0,78.0,85.0,86.0,86.0,86.0,82.0
19:46:41,285.6,61.90,2811,86.0,86.0,78.0,85.0,86.0,86.0,86.0,82.0
19:46:42,286.6,61.81,2802,88.0,86.0,79.0,88.0,83.0,87.0,84.0,86.0
19:46:43,287.6,61.80,2805,88.0,86.0,79.0,88.0,83.0,87.0,84.0,86.0
19:46:44,288.6,61.83,2803,90.0,82.0,79.0,90.0,83.0,88.0,84.0,87.0
19:46:45,289.6,61.81,2803,90.0,82.0,79.0,90.0,83.0,88.0,84.0,87.0
19:46:46,290.6,61.83,2813,89.0,82.0,81.0,85.0,83.0,87.0,85.0,89.0
19:46:47,291.6,61.80,2818,89.0,82.0,81.0,85.0,83.0,87.0,85.0,89.0
19:46:48,292.6,61.82,2831,88.0,80.0,84.0,84.0,85.0,86.0,88.0,84.0
19:46:49,293.6,61.81,2837,88.0,80.0,84.0,84.0,85.0,86.0,88.0,84.0
19:46:50,294.6,61.81,2846,90.0,86.0,79.0,90.0,82.0,86.0,84.0,84.0
19:46:51,295.6,61.80,2852,90.0,86.0,79.0,90.0,82.0,86.0,84.0,84.0
19:46:52,296.6,61.84,2852,87.0,87.0,79.0,86.0,83.0,87.0,84.0,84.0
19:46:53,297.6,61.81,2852,87.0,87.0,79.0,86.0,83.0,87.0,84.0,84.0
19:46:54,298.6,61.82,2855,87.0,82.0,81.0,85.0,84.0,87.0,86.0,85.0
19:46:55,299.6,61.86,2857,87.0,82.0,81.0,85.0,84.0,87.0,86.0,85.0
19:46:56,300.6,53.49,2851,75.0,72.0,70.0,74.0,71.0,75.0,72.0,74.0
